request_id,before_calling_prefix_match_timestamp,received_by_prefix_match_timestamp,completed_prefix_match_timestamp,after_calling_prefix_match_timestamp,before_calling_insert_timestamp,after_calling_insert_timestamp,received_by_insert_timestamp,completed_insert_timestamp,prefix_match_client_to_server_duration,prefix_match_processing_duration,prefix_match_server_to_client_duration,prefix_match_total_duration,insert_client_to_server_duration,insert_processing_duration,insert_server_to_client_duration,insert_total_duration,total_request_time_duration
1,1744654748.774164,1744654748.7845314,1744654748.7846196,1744654748.7854311,1744654748.7855139,1744654748.7858257,1744654748.7878008,1744654748.7878952,0.010367393493652344,8.821487426757812e-05,0.0008115768432617188,0.01126718521118164,0.0022869110107421875,9.441375732421875e-05,-0.0020694732666015625,0.00031185150146484375,0.011661767959594727
2,1744654753.0734093,1744654753.0760841,1744654753.0765202,1744654753.0780163,1744654753.0781033,1744654753.0812333,1744654753.0873952,1744654753.0877826,0.0026748180389404297,0.0004360675811767578,0.0014960765838623047,0.004606962203979492,0.009291887283325195,0.00038743019104003906,-0.006549358367919922,0.0031299591064453125,0.007823944091796875
3,1744654753.090136,1744654753.093979,1744654753.0940523,1744654753.3230298,1744654753.32486,1744654753.3291647,1744654753.335841,1744654753.3359156,0.0038428306579589844,7.343292236328125e-05,0.22897744178771973,0.232893705368042,0.010980844497680664,7.462501525878906e-05,-0.006750822067260742,0.004304647445678711,0.2390286922454834
5,1744654753.3062365,1744654753.3309584,1744654753.3310409,1744654753.3499992,1744654753.3505824,1744654753.3521256,1744654753.3589754,1744654753.359087,0.024721860885620117,8.249282836914062e-05,0.018958330154418945,0.0437626838684082,0.008393049240112305,0.00011157989501953125,-0.006961345672607422,0.001543283462524414,0.04588913917541504
7,1744654753.3415809,1744654753.3500147,1744654753.350181,1744654753.3672507,1744654753.3689888,1744654753.37148,1744654753.377425,1744654753.3779032,0.008433818817138672,0.00016641616821289062,0.017069578170776367,0.02566981315612793,0.008436203002929688,0.0004782676696777344,-0.006423234939575195,0.0024912357330322266,0.029899120330810547
8,1744654753.3627992,1744654753.376356,1744654753.3764699,1744654753.4049304,1744654753.4052484,1744654753.406486,1744654753.4564824,1744654753.4593127,0.013556718826293945,0.00011396408081054688,0.02846050262451172,0.04213118553161621,0.05123400688171387,0.0028302669525146484,-0.052826642990112305,0.001237630844116211,0.043686866760253906
10,1744654753.3876605,1744654753.4113064,1744654753.4113843,1744654753.4315426,1744654753.4320905,1744654753.435475,1744654753.4749784,1744654753.4771168,0.023645877838134766,7.796287536621094e-05,0.02015829086303711,0.043882131576538086,0.04288792610168457,0.002138376235961914,-0.0416417121887207,0.0033845901489257812,0.04781460762023926
11,1744654753.4032342,1744654753.4191678,1744654753.4197102,1744654753.451783,1744654753.4518466,1744654753.452073,1744654753.4946804,1744654753.4952147,0.015933513641357422,0.0005424022674560547,0.03207278251647949,0.04854869842529297,0.042833805084228516,0.0005342960357666016,-0.04314160346984863,0.00022649765014648438,0.04883885383605957
12,1744654753.409148,1744654753.461783,1744654753.4623265,1744654753.4703436,1744654753.4704268,1744654753.4706833,1744654753.5057986,1744654753.50637,0.05263495445251465,0.0005435943603515625,0.00801706314086914,0.06119561195373535,0.03537178039550781,0.0005714893341064453,-0.03568673133850098,0.00025653839111328125,0.06153535842895508
13,1744654753.4225929,1744654753.470947,1744654753.4713435,1744654753.4767776,1744654753.4768457,1744654753.4772527,1744654753.511285,1744654753.511707,0.048354148864746094,0.00039649009704589844,0.0054340362548828125,0.054184675216674805,0.0344393253326416,0.0004220008850097656,-0.034454345703125,0.0004069805145263672,0.05465984344482422
14,1744654753.4262083,1744654753.4642947,1744654753.4654558,1744654753.4712853,1744654753.4713495,1744654753.4715502,1744654753.5089731,1744654753.5094428,0.0380864143371582,0.0011610984802246094,0.005829572677612305,0.04507708549499512,0.03762364387512207,0.0004696846008300781,-0.03789258003234863,0.00020074844360351562,0.04534196853637695
15,1744654753.4369278,1744654753.4781141,1744654753.4785748,1744654753.4864705,1744654753.4865422,1744654753.4869745,1744654753.5244482,1744654753.5254016,0.04118633270263672,0.00046062469482421875,0.007895708084106445,0.04954266548156738,0.03790593147277832,0.0009534358978271484,-0.038427114486694336,0.0004322528839111328,0.050046682357788086
16,1744654753.4463928,1744654753.472728,1744654753.4740763,1744654753.4800391,1744654753.4801059,1744654753.4803202,1744654753.521897,1744654753.5228705,0.02633523941040039,0.001348257064819336,0.005962848663330078,0.033646345138549805,0.04179120063781738,0.0009734630584716797,-0.04255032539367676,0.0002143383026123047,0.03392744064331055
17,1744654753.449853,1744654753.4887383,1744654753.4901671,1744654753.4974482,1744654753.497625,1744654753.498041,1744654753.536572,1744654753.5373895,0.03888535499572754,0.001428842544555664,0.007281064987182617,0.04759526252746582,0.03894686698913574,0.0008175373077392578,-0.039348602294921875,0.000415802001953125,0.048187971115112305
18,1744654753.4510581,1744654753.493441,1744654753.494365,1744654753.4985197,1744654753.4988124,1744654753.499089,1744654753.5382679,1744654753.538829,0.04238295555114746,0.0009238719940185547,0.004154682159423828,0.047461509704589844,0.039455413818359375,0.0005612373352050781,-0.03974008560180664,0.0002765655517578125,0.048030853271484375
19,1744654753.4521632,1744654753.504003,1744654753.5047073,1744654753.5145109,1744654753.5145853,1744654753.5149481,1744654753.5507853,1744654753.5525362,0.05183982849121094,0.0007042884826660156,0.009803533554077148,0.0623476505279541,0.03620004653930664,0.001750946044921875,-0.03758811950683594,0.0003628730773925781,0.06278491020202637
20,1744654753.470793,1744654753.480394,1744654753.4810324,1744654753.4886258,1744654753.4886985,1744654753.489002,1744654753.525691,1744654753.5257928,0.00960087776184082,0.0006384849548339844,0.007593393325805664,0.01783275604248047,0.036992549896240234,0.00010180473327636719,-0.03679084777832031,0.00030350685119628906,0.018208980560302734
21,1744654753.4716406,1744654753.510121,1744654753.510656,1744654753.5206463,1744654753.5207372,1744654753.5209525,1744654753.5557919,1744654753.5563574,0.038480520248413086,0.0005350112915039062,0.009990215301513672,0.049005746841430664,0.035054683685302734,0.0005655288696289062,-0.03540492057800293,0.00021529197692871094,0.04931187629699707
22,1744654753.4773507,1744654753.520709,1744654753.5209913,1744654753.5278482,1744654753.5279484,1744654753.5286279,1744654753.5663707,1744654753.5665853,0.04335832595825195,0.00028228759765625,0.0068569183349609375,0.05049753189086914,0.038422346115112305,0.00021457672119140625,-0.03795742988586426,0.0006794929504394531,0.05127716064453125
23,1744654753.4804258,1744654753.49567,1744654753.4958658,1744654753.5080214,1744654753.5083497,1744654753.5086763,1744654753.5470428,1744654753.548132,0.015244245529174805,0.0001957416534423828,0.012155532836914062,0.02759552001953125,0.03869318962097168,0.0010890960693359375,-0.03945565223693848,0.0003266334533691406,0.028250455856323242
24,1744654753.4870718,1744654753.5127184,1744654753.5129166,1744654753.5216918,1744654753.521762,1744654753.522038,1744654753.5577638,1744654753.5582752,0.025646686553955078,0.00019812583923339844,0.00877523422241211,0.034620046615600586,0.03600192070007324,0.0005114078521728516,-0.036237239837646484,0.0002760887145996094,0.034966230392456055
25,1744654753.4890978,1744654753.5327146,1744654753.5348823,1744654753.5413926,1744654753.5415583,1744654753.5419428,1744654753.5776007,1744654753.5777028,0.04361677169799805,0.0021677017211914062,0.006510257720947266,0.05229473114013672,0.03604245185852051,0.00010204315185546875,-0.035759925842285156,0.0003845691680908203,0.052845001220703125
26,1744654753.498138,1744654753.5259979,1744654753.5260825,1744654753.5335991,1744654753.5336742,1744654753.5338898,1744654753.5684247,1744654753.5689137,0.027859926223754883,8.463859558105469e-05,0.007516622543334961,0.0354611873626709,0.03475046157836914,0.0004889965057373047,-0.03502392768859863,0.0002155303955078125,0.0357518196105957
27,1744654753.499182,1744654753.5398228,1744654753.5404172,1744654753.5436323,1744654753.5437279,1744654753.5444407,1744654753.5783277,1744654753.578893,0.040640830993652344,0.0005943775177001953,0.0032150745391845703,0.04445028305053711,0.03459978103637695,0.0005652904510498047,-0.034452199935913086,0.0007128715515136719,0.04525876045227051
28,1744654753.5087934,1744654753.5418575,1744654753.5425532,1744654753.5496078,1744654753.5496702,1744654753.5499816,1744654753.5793872,1744654753.5800102,0.03306412696838379,0.0006957054138183594,0.007054567337036133,0.04081439971923828,0.029716968536376953,0.0006229877471923828,-0.030028581619262695,0.0003113746643066406,0.04118824005126953
29,1744654753.5150516,1744654753.5543642,1744654753.5548542,1744654753.5580037,1744654753.5580795,1744654753.5583014,1744654753.5842805,1744654753.5846057,0.03931260108947754,0.0004899501800537109,0.0031495094299316406,0.04295206069946289,0.02620100975036621,0.00032520294189453125,-0.026304244995117188,0.0002219676971435547,0.04324984550476074
30,1744654753.521112,1744654753.565987,1744654753.5661933,1744654753.5705361,1744654753.5706062,1744654753.5709968,1744654753.5858862,1744654753.5862207,0.044875144958496094,0.00020623207092285156,0.004342794418334961,0.049424171447753906,0.015280008316040039,0.0003345012664794922,-0.015223979949951172,0.0003905296325683594,0.049884796142578125
31,1744654753.5221376,1744654753.56357,1744654753.5646362,1744654753.5689049,1744654753.5689857,1744654753.569198,1744654753.5850363,1744654753.5855875,0.04143238067626953,0.0010662078857421875,0.004268646240234375,0.046767234802246094,0.01605057716369629,0.0005512237548828125,-0.01638960838317871,0.00021219253540039062,0.047060251235961914
32,1744654753.5288496,1744654753.5673423,1744654753.567563,1744654753.5743437,1744654753.5744147,1744654753.5746262,1744654753.5864363,1744654753.5865035,0.038492679595947266,0.00022077560424804688,0.0067806243896484375,0.04549407958984375,0.012021541595458984,6.723403930664062e-05,-0.011877298355102539,0.00021147727966308594,0.0457766056060791
33,1744654753.5339875,1744654753.5758088,1744654753.5761943,1744654753.5794566,1744654753.5795314,1744654753.5797842,1744654753.5866911,1744654753.5867836,0.04182124137878418,0.00038552284240722656,0.0032622814178466797,0.045469045639038086,0.007159709930419922,9.250640869140625e-05,-0.006999492645263672,0.00025272369384765625,0.04579663276672363
34,1744654753.5420604,1744654753.55877,1744654753.558896,1744654753.5630538,1744654753.5631278,1744654753.5633597,1744654753.5804107,1744654753.5806732,0.016709566116333008,0.00012612342834472656,0.0041577816009521484,0.020993471145629883,0.017282962799072266,0.0002624988555908203,-0.017313480377197266,0.0002319812774658203,0.021299362182617188
42,1744654754.8290315,1744654754.8406708,1744654754.8408031,1744654754.8470972,1744654754.84837,1744654754.8542595,1744654754.8610177,1744654754.8611374,0.01163935661315918,0.0001323223114013672,0.0062940120697021484,0.018065690994262695,0.012647628784179688,0.00011968612670898438,-0.006877899169921875,0.005889415740966797,0.025228023529052734
43,1744654754.881009,1744654754.8876133,1744654754.8877265,1744654754.8941286,1744654754.8977869,1744654754.913176,1744654754.9163194,1744654754.9164848,0.006604194641113281,0.00011324882507324219,0.006402015686035156,0.01311945915222168,0.018532514572143555,0.00016546249389648438,-0.0033087730407714844,0.015389204025268555,0.03216695785522461
44,1744654754.9534807,1744654754.960245,1744654754.9603758,1744654754.969264,1744654754.9708815,1744654754.9767795,1744654754.9838927,1744654754.9840157,0.00676417350769043,0.0001308917999267578,0.00888824462890625,0.015783309936523438,0.01301121711730957,0.00012302398681640625,-0.0072362422943115234,0.005897998809814453,0.02329874038696289
45,1744654754.98681,1744654754.991812,1744654754.9919112,1744654754.9956062,1744654754.9965491,1744654755.0011215,1744654755.0039868,1744654755.004081,0.005002021789550781,9.918212890625e-05,0.0036950111389160156,0.008796215057373047,0.007437705993652344,9.417533874511719e-05,-0.0029594898223876953,0.004572391510009766,0.014311552047729492
46,1744654755.0663028,1744654755.0700245,1744654755.070158,1744654755.078412,1744654755.0785954,1744654755.0825617,1744654755.0866864,1744654755.0867918,0.0037217140197753906,0.000133514404296875,0.008254051208496094,0.01210927963256836,0.008090972900390625,0.00010538101196289062,-0.004230022430419922,0.003966331481933594,0.016258955001831055
47,1744654755.2754672,1744654755.2871442,1744654755.2872863,1744654755.2953224,1744654755.297282,1744654755.3023942,1744654755.3071644,1744654755.3073306,0.011677026748657227,0.00014209747314453125,0.008036136627197266,0.019855260848999023,0.009882450103759766,0.00016617774963378906,-0.0049364566802978516,0.005112171173095703,0.02692699432373047
48,1744654755.427684,1744654755.4350133,1744654755.4350948,1744654755.451546,1744654755.452296,1744654755.459455,1744654755.4686668,1744654755.468848,0.007329225540161133,8.153915405273438e-05,0.016451120376586914,0.02386188507080078,0.016370773315429688,0.0001811981201171875,-0.009392976760864258,0.007158994674682617,0.031770944595336914
50,1744654755.572414,1744654755.5803993,1744654755.5805461,1744654755.5868368,1744654755.5876944,1744654755.5945144,1744654755.6015506,1744654755.6016552,0.007985353469848633,0.0001468658447265625,0.0062906742095947266,0.014422893524169922,0.013856172561645508,0.00010466575622558594,-0.0071408748626708984,0.006819963455200195,0.022100448608398438
51,1744654755.603171,1744654755.610537,1744654755.610685,1744654755.616077,1744654755.616786,1744654755.625303,1744654755.6314762,1744654755.6316035,0.0073659420013427734,0.0001480579376220703,0.005391836166381836,0.01290583610534668,0.014690160751342773,0.00012731552124023438,-0.006300449371337891,0.008517026901245117,0.022131919860839844
52,1744654755.678283,1744654755.6838787,1744654755.6840181,1744654755.690488,1744654755.6911933,1744654755.6927035,1744654755.6968358,1744654755.6969638,0.005595684051513672,0.00013947486877441406,0.0064699649810791016,0.012205123901367188,0.005642414093017578,0.00012803077697753906,-0.00426030158996582,0.0015101432800292969,0.014420509338378906
53,1744654755.7184048,1744654755.7238548,1744654755.7241676,1744654755.732134,1744654755.7342045,1744654755.7376878,1744654755.7485452,1744654755.7486925,0.005450010299682617,0.00031280517578125,0.00796651840209961,0.013729333877563477,0.014340639114379883,0.00014734268188476562,-0.01100468635559082,0.003483295440673828,0.019283056259155273
55,1744654755.794592,1744654755.7984767,1744654755.7990797,1744654755.8071449,1744654755.8107982,1744654755.8168917,1744654755.8201897,1744654755.8206615,0.0038847923278808594,0.0006029605865478516,0.008065223693847656,0.012552976608276367,0.009391546249389648,0.0004718303680419922,-0.0037698745727539062,0.006093502044677734,0.022299766540527344
56,1744654755.9309015,1744654755.9362128,1744654755.9363577,1744654755.9400282,1744654755.9411077,1744654755.9443069,1744654755.949342,1744654755.9494648,0.005311250686645508,0.00014495849609375,0.0036704540252685547,0.009126663208007812,0.008234262466430664,0.0001227855682373047,-0.005157947540283203,0.0031991004943847656,0.013405323028564453
57,1744654755.9498775,1744654755.954227,1744654755.954324,1744654755.9596524,1744654755.9600692,1744654755.9617941,1744654755.971446,1744654755.9719083,0.004349470138549805,9.703636169433594e-05,0.00532841682434082,0.009774923324584961,0.01137685775756836,0.0004622936248779297,-0.010114192962646484,0.0017249584197998047,0.011916637420654297
58,1744654755.964015,1744654755.9724736,1744654755.972673,1744654755.9785483,1744654755.9816277,1744654755.9862468,1744654755.9907582,1744654755.990889,0.008458614349365234,0.00019931793212890625,0.005875349044799805,0.014533281326293945,0.009130477905273438,0.0001308917999267578,-0.0046422481536865234,0.004619121551513672,0.0222318172454834
59,1744654756.0553405,1744654756.0631194,1744654756.0632586,1744654756.0651302,1744654756.0654185,1744654756.066017,1744654756.068345,1744654756.0684946,0.00777888298034668,0.0001392364501953125,0.0018715858459472656,0.009789705276489258,0.0029265880584716797,0.0001494884490966797,-0.0024776458740234375,0.0005984306335449219,0.010676383972167969
60,1744654756.078221,1744654756.0804145,1744654756.0805035,1744654756.0869303,1744654756.0878093,1744654756.1007411,1744654756.1141076,1744654756.1142507,0.002193450927734375,8.893013000488281e-05,0.006426811218261719,0.008709192276000977,0.02629828453063965,0.0001430511474609375,-0.013509511947631836,0.01293182373046875,0.022520065307617188
61,1744654756.1044881,1744654756.1146078,1744654756.1147523,1744654756.1209137,1744654756.1213293,1744654756.1222503,1744654756.1249466,1744654756.1250393,0.01011967658996582,0.00014448165893554688,0.00616145133972168,0.016425609588623047,0.0036172866821289062,9.274482727050781e-05,-0.002789020538330078,0.0009210109710693359,0.017762184143066406
62,1744654756.3097937,1744654756.3132505,1744654756.3133783,1744654756.3141801,1744654756.3142562,1744654756.3146815,1744654756.3164845,1744654756.316565,0.0034568309783935547,0.0001277923583984375,0.0008018016815185547,0.004386425018310547,0.002228260040283203,8.058547973632812e-05,-0.0018835067749023438,0.0004253387451171875,0.004887819290161133
63,1744654756.5495348,1744654756.55384,1744654756.5539207,1744654756.5899355,1744654756.5916853,1744654756.5964484,1744654756.6076686,1744654756.6077664,0.004305124282836914,8.082389831542969e-05,0.03601479530334473,0.04040074348449707,0.01598334312438965,9.775161743164062e-05,-0.011317968368530273,0.004763126373291016,0.04691362380981445
64,1744654756.5765026,1744654756.6030695,1744654756.6034856,1744654756.6303682,1744654756.6318195,1744654756.6345456,1744654756.6423082,1744654756.642842,0.02656698226928711,0.00041604042053222656,0.026882648468017578,0.053865671157836914,0.010488748550415039,0.0005338191986083984,-0.008296489715576172,0.0027260780334472656,0.05804300308227539
67,1744654756.647271,1744654756.6589653,1744654756.6590955,1744654756.667971,1744654756.6686456,1744654756.6763573,1744654756.6813352,1744654756.6814246,0.01169443130493164,0.00013017654418945312,0.008875370025634766,0.02069997787475586,0.012689590454101562,8.940696716308594e-05,-0.005067348480224609,0.007711648941040039,0.02908635139465332
68,1744654756.694837,1744654756.6992674,1744654756.6993785,1744654756.704565,1744654756.7056274,1744654756.7087615,1744654756.7208152,1744654756.7209153,0.004430294036865234,0.00011110305786132812,0.005186557769775391,0.009727954864501953,0.015187740325927734,0.00010013580322265625,-0.012153863906860352,0.003134012222290039,0.013924360275268555
69,1744654756.7751067,1744654756.7840865,1744654756.7841814,1744654756.8305206,1744654756.8311508,1744654756.8368485,1744654756.8426049,1744654756.8428187,0.00897979736328125,9.489059448242188e-05,0.04633927345275879,0.05541396141052246,0.011454105377197266,0.00021386146545410156,-0.0059702396392822266,0.005697727203369141,0.06174182891845703
73,1744654756.8500397,1744654756.8579767,1744654756.8580945,1744654756.864964,1744654756.8660927,1744654756.8730457,1744654756.8772264,1744654756.8773313,0.007936954498291016,0.00011777877807617188,0.00686955451965332,0.014924287796020508,0.011133670806884766,0.0001049041748046875,-0.004285573959350586,0.006953001022338867,0.023005962371826172
74,1744654756.9302487,1744654756.9363246,1744654756.9365358,1744654756.941734,1744654756.9418888,1744654756.942112,1744654756.9444144,1744654756.9445071,0.006075859069824219,0.00021123886108398438,0.005198240280151367,0.01148533821105957,0.0025255680084228516,9.274482727050781e-05,-0.002395153045654297,0.0002231597900390625,0.011863231658935547
77,1744654757.134195,1744654757.137271,1744654757.1377618,1744654757.141047,1744654757.1414077,1744654757.1422365,1744654757.1441035,1744654757.1445935,0.003075838088989258,0.0004909038543701172,0.0032851696014404297,0.006851911544799805,0.002695798873901367,0.0004899501800537109,-0.002357006072998047,0.0008287429809570312,0.0080413818359375
78,1744654757.1701748,1744654757.1751134,1744654757.1752167,1744654757.178315,1744654757.1789117,1744654757.1834834,1744654757.1885624,1744654757.188646,0.004938602447509766,0.00010323524475097656,0.0030982494354248047,0.008140087127685547,0.009650707244873047,8.368492126464844e-05,-0.005162715911865234,0.004571676254272461,0.013308525085449219
79,1744654757.1859524,1744654757.19003,1744654757.1901035,1744654757.1908731,1744654757.1909487,1744654757.1912792,1744654757.1938987,1744654757.1939952,0.0040776729583740234,7.343292236328125e-05,0.0007696151733398438,0.0049207210540771484,0.002949953079223633,9.655952453613281e-05,-0.002716064453125,0.0003304481506347656,0.005326747894287109
80,1744654757.2163565,1744654757.2195392,1744654757.219709,1744654757.220489,1744654757.2205637,1744654757.22089,1744654757.222568,1744654757.2227063,0.003182649612426758,0.0001697540283203125,0.0007801055908203125,0.004132509231567383,0.002004384994506836,0.00013828277587890625,-0.0018162727355957031,0.00032639503479003906,0.004533529281616211
81,1744654757.3628416,1744654757.3656883,1744654757.3658187,1744654757.3680737,1744654757.3690119,1744654757.3742988,1744654757.376864,1744654757.3769684,0.0028467178344726562,0.0001304149627685547,0.002254962921142578,0.005232095718383789,0.00785207748413086,0.00010442733764648438,-0.0026695728302001953,0.0052869319915771484,0.011457204818725586
82,1744654757.498195,1744654757.512549,1744654757.5131547,1744654757.5160067,1744654757.516139,1744654757.5171974,1744654757.520547,1744654757.5211434,0.01435399055480957,0.0006058216094970703,0.0028519630432128906,0.01781177520751953,0.0044078826904296875,0.0005965232849121094,-0.003946065902709961,0.001058340072631836,0.019002437591552734
83,1744654757.5790858,1744654757.5871072,1744654757.5872223,1744654757.597696,1744654757.59921,1744654757.6061735,1744654757.6098778,1744654757.6099763,0.008021354675292969,0.00011515617370605469,0.01047372817993164,0.018610239028930664,0.010667800903320312,9.846687316894531e-05,-0.003802776336669922,0.006963491439819336,0.027087688446044922
84,1744654757.6223793,1744654757.629947,1744654757.6300292,1744654757.6338527,1744654757.6349964,1744654757.6373563,1744654757.6425462,1744654757.6426253,0.007567644119262695,8.225440979003906e-05,0.003823518753051758,0.011473417282104492,0.007549762725830078,7.915496826171875e-05,-0.005269050598144531,0.0023598670959472656,0.014976978302001953
85,1744654757.6572769,1744654757.6615603,1744654757.661657,1744654757.6693516,1744654757.6719398,1744654757.6758583,1744654757.6809702,1744654757.6810722,0.004283428192138672,9.679794311523438e-05,0.0076944828033447266,0.012074708938598633,0.009030342102050781,0.00010204315185546875,-0.00521397590637207,0.00391840934753418,0.018581390380859375
86,1744654757.7235756,1744654757.7314517,1744654757.7315974,1744654757.7361689,1744654757.737525,1744654757.7411141,1744654757.7441611,1744654757.7442675,0.007876157760620117,0.0001456737518310547,0.004571437835693359,0.012593269348144531,0.006636142730712891,0.00010633468627929688,-0.0031533241271972656,0.003589153289794922,0.01753854751586914
87,1744654757.819999,1744654757.823045,1744654757.8234084,1744654757.836812,1744654757.83741,1744654757.8423173,1744654757.847864,1744654757.8482273,0.0030460357666015625,0.00036334991455078125,0.013403654098510742,0.016813039779663086,0.010453939437866211,0.00036334991455078125,-0.005909919738769531,0.004907369613647461,0.022318363189697266
89,1744654757.8713312,1744654757.8735278,1744654757.8739855,1744654757.8784246,1744654757.8791125,1744654757.8840694,1744654757.8875518,1744654757.887993,0.0021965503692626953,0.000457763671875,0.004439115524291992,0.0070934295654296875,0.008439302444458008,0.0004413127899169922,-0.003923654556274414,0.004956960678100586,0.012738227844238281
90,1744654758.1098576,1744654758.1239207,1744654758.1240323,1744654758.147063,1744654758.1494305,1744654758.1604517,1744654758.170146,1744654758.1702523,0.014063119888305664,0.00011157989501953125,0.023030757904052734,0.03720545768737793,0.02071547508239746,0.00010633468627929688,-0.00980067253112793,0.011021137237548828,0.05059409141540527
91,1744654758.2942965,1744654758.3020904,1744654758.3022072,1744654758.3048708,1744654758.3064656,1744654758.3099322,1744654758.318782,1744654758.3188996,0.007793903350830078,0.00011682510375976562,0.0026636123657226562,0.0105743408203125,0.012316465377807617,0.00011754035949707031,-0.008967399597167969,0.0034666061401367188,0.01563572883605957
92,1744654758.3128834,1744654758.3213553,1744654758.321484,1744654758.3282714,1744654758.3291326,1744654758.333566,1744654758.338575,1744654758.3387976,0.008471965789794922,0.00012874603271484375,0.006787300109863281,0.015388011932373047,0.009442329406738281,0.00022268295288085938,-0.005231618881225586,0.004433393478393555,0.020682573318481445
93,1744654758.3608844,1744654758.3750358,1744654758.3754907,1744654758.3901663,1744654758.3910239,1744654758.3948343,1744654758.4089227,1744654758.4094903,0.014151334762573242,0.00045490264892578125,0.014675617218017578,0.0292818546295166,0.0178987979888916,0.0005676746368408203,-0.01465606689453125,0.003810405731201172,0.033949851989746094
95,1744654758.398556,1744654758.409714,1744654758.4097848,1744654758.424733,1744654758.4257903,1744654758.430956,1744654758.437838,1744654758.4379554,0.011157989501953125,7.081031799316406e-05,0.014948129653930664,0.026176929473876953,0.012047767639160156,0.00011730194091796875,-0.006999492645263672,0.005165576934814453,0.032399892807006836
96,1744654758.4378653,1744654758.4523382,1744654758.4524374,1744654758.4600773,1744654758.4612668,1744654758.4683883,1744654758.4711125,1744654758.4712296,0.01447296142578125,9.918212890625e-05,0.007639884948730469,0.02221202850341797,0.009845733642578125,0.00011706352233886719,-0.0028412342071533203,0.007121562957763672,0.030523061752319336
97,1744654758.5221512,1744654758.5260684,1744654758.5261617,1744654758.547154,1744654758.5481808,1744654758.550147,1744654758.5581894,1744654758.5582817,0.003917217254638672,9.322166442871094e-05,0.020992279052734375,0.025002717971801758,0.010008573532104492,9.226799011230469e-05,-0.008134603500366211,0.001966238021850586,0.027995824813842773
98,1744654758.5378137,1744654758.5502043,1744654758.5503147,1744654758.578688,1744654758.578837,1744654758.579092,1744654758.5854805,1744654758.5858636,0.012390613555908203,0.00011038780212402344,0.028373241424560547,0.04087424278259277,0.006643533706665039,0.00038313865661621094,-0.006771564483642578,0.0002551078796386719,0.04127836227416992
102,1744654758.579977,1744654758.5863662,1744654758.5867586,1744654758.5893195,1744654758.5900068,1744654758.593215,1744654758.5969722,1744654758.5970788,0.006389141082763672,0.0003924369812011719,0.002560853958129883,0.009342432022094727,0.0069653987884521484,0.00010657310485839844,-0.003863811492919922,0.003208160400390625,0.013237953186035156
103,1744654758.6324635,1744654758.6380415,1744654758.6385748,1744654758.6414444,1744654758.6416378,1744654758.6419218,1744654758.6442707,1744654758.644739,0.005578041076660156,0.0005333423614501953,0.0028696060180664062,0.008980989456176758,0.0026328563690185547,0.00046825408935546875,-0.0028171539306640625,0.00028395652770996094,0.009458303451538086
104,1744654758.67987,1744654758.6824777,1744654758.6826117,1744654758.684295,1744654758.6844203,1744654758.684764,1744654758.6865063,1744654758.6866016,0.0026078224182128906,0.00013399124145507812,0.0016832351684570312,0.004425048828125,0.0020859241485595703,9.5367431640625e-05,-0.0018377304077148438,0.00034356117248535156,0.0048940181732177734
105,1744654758.7472234,1744654758.7564912,1744654758.7565944,1744654758.7612436,1744654758.7617562,1744654758.7625163,1744654758.7652667,1744654758.7653668,0.009267807006835938,0.00010323524475097656,0.004649162292480469,0.014020204544067383,0.0035104751586914062,0.00010013580322265625,-0.0028505325317382812,0.0007600784301757812,0.015292882919311523
106,1744654758.773368,1744654758.777108,1744654758.7771914,1744654758.779377,1744654758.7795205,1744654758.7797515,1744654758.7817848,1744654758.7818785,0.003740072250366211,8.344650268554688e-05,0.0021855831146240234,0.006009101867675781,0.002264261245727539,9.369850158691406e-05,-0.002126932144165039,0.00023102760314941406,0.006383657455444336
107,1744654758.8826308,1744654758.8847206,1744654758.8851602,1744654758.8886445,1744654758.8895178,1744654758.8914125,1744654758.8965907,1744654758.897072,0.0020897388458251953,0.00043964385986328125,0.0034842491149902344,0.006013631820678711,0.007072925567626953,0.0004813671112060547,-0.005659580230712891,0.0018947124481201172,0.008781671524047852
108,1744654758.9817822,1744654758.9839306,1744654758.9840558,1744654758.985311,1744654758.9854655,1744654758.985733,1744654758.9894469,1744654758.9895644,0.0021483898162841797,0.0001251697540283203,0.0012552738189697266,0.0035288333892822266,0.003981351852416992,0.00011754035949707031,-0.0038313865661621094,0.0002675056457519531,0.003950834274291992
109,1744654759.2363486,1744654759.240465,1744654759.2409334,1744654759.2453253,1744654759.246728,1744654759.2572649,1744654759.2668762,1744654759.267328,0.0041162967681884766,0.0004684925079345703,0.004391908645629883,0.00897669792175293,0.020148277282714844,0.00045180320739746094,-0.01006317138671875,0.010536909103393555,0.020916223526000977
110,1744654759.318919,1744654759.332177,1744654759.332281,1744654759.3407588,1744654759.3411818,1744654759.3462317,1744654759.3497994,1744654759.3498929,0.013257980346679688,0.00010418891906738281,0.00847768783569336,0.02183985710144043,0.008617639541625977,9.34600830078125e-05,-0.0036611557006835938,0.005049943923950195,0.027312755584716797
111,1744654759.3970878,1744654759.4011526,1744654759.4012468,1744654759.4124472,1744654759.413089,1744654759.4169457,1744654759.4217262,1744654759.4218142,0.004064798355102539,9.417533874511719e-05,0.011200428009033203,0.01535940170288086,0.008637189865112305,8.797645568847656e-05,-0.004868507385253906,0.003856658935546875,0.01985788345336914
112,1744654759.4812906,1744654759.4842944,1744654759.4844437,1744654759.4901328,1744654759.493566,1744654759.4957392,1744654759.5022578,1744654759.5023663,0.003003835678100586,0.00014925003051757812,0.005689144134521484,0.008842229843139648,0.008691787719726562,0.00010848045349121094,-0.006627082824707031,0.002173185348510742,0.01444864273071289
113,1744654759.544491,1744654759.5525372,1744654759.5530074,1744654759.5730863,1744654759.575319,1744654759.5819192,1744654759.5897403,1744654759.589956,0.008046150207519531,0.00047016143798828125,0.02007889747619629,0.0285952091217041,0.014421224594116211,0.00021576881408691406,-0.00803685188293457,0.006600141525268555,0.03742814064025879
114,1744654759.5680385,1744654759.5892718,1744654759.5894034,1744654759.5937402,1744654759.594317,1744654759.5950184,1744654759.600031,1744654759.6001744,0.021233320236206055,0.0001316070556640625,0.004336833953857422,0.02570176124572754,0.005713939666748047,0.00014352798461914062,-0.005156040191650391,0.0007014274597167969,0.026979923248291016
116,1744654759.6578665,1744654759.6627893,1744654759.663199,1744654759.6746805,1744654759.6757624,1744654759.6802404,1744654759.6840165,1744654759.6844008,0.0049228668212890625,0.0004096031188964844,0.011481523513793945,0.016813993453979492,0.008254051208496094,0.00038433074951171875,-0.004160404205322266,0.004477977752685547,0.02237391471862793
117,1744654759.7037833,1744654759.7106736,1744654759.7111087,1744654759.7233856,1744654759.7238472,1744654759.726707,1744654759.7327013,1744654759.7331233,0.006890296936035156,0.00043511390686035156,0.012276887893676758,0.019602298736572266,0.008854150772094727,0.0004220008850097656,-0.00641632080078125,0.002859830856323242,0.022923707962036133
118,1744654759.7626133,1744654759.768796,1744654759.768891,1744654759.7777987,1744654759.7781038,1744654759.7821827,1744654759.7873337,1744654759.787457,0.006182670593261719,9.512901306152344e-05,0.008907556533813477,0.015185356140136719,0.009229898452758789,0.0001232624053955078,-0.005274295806884766,0.004078865051269531,0.01956939697265625
119,1744654759.9466076,1744654759.9488838,1744654759.948998,1744654759.9515254,1744654759.951968,1744654759.9526837,1744654759.9611268,1744654759.9612322,0.002276182174682617,0.00011420249938964844,0.002527475357055664,0.00491786003112793,0.009158849716186523,0.00010538101196289062,-0.008548498153686523,0.0007157325744628906,0.00607609748840332
120,1744654759.9558449,1744654759.9636204,1744654759.963737,1744654759.9690495,1744654759.9702103,1744654759.9749184,1744654759.97855,1744654759.9786868,0.007775545120239258,0.00011658668518066406,0.005312442779541016,0.013204574584960938,0.008339643478393555,0.00013685226440429688,-0.003768444061279297,0.004708051681518555,0.019073486328125
121,1744654760.0076768,1744654760.0126493,1744654760.0127661,1744654760.0222838,1744654760.0242057,1744654760.0283637,1744654760.032349,1744654760.0324798,0.0049724578857421875,0.00011682510375976562,0.009517669677734375,0.014606952667236328,0.008143424987792969,0.00013065338134765625,-0.004116058349609375,0.00415802001953125,0.020686864852905273
122,1744654760.154002,1744654760.1598852,1744654760.1600056,1744654760.1707394,1744654760.1718535,1744654760.1755934,1744654760.181658,1744654760.1817713,0.005883216857910156,0.00012040138244628906,0.010733842849731445,0.01673746109008789,0.009804487228393555,0.00011324882507324219,-0.0061779022216796875,0.0037398338317871094,0.0215914249420166
123,1744654760.1976664,1744654760.2052538,1744654760.2053435,1744654760.208541,1744654760.2090137,1744654760.2167778,1744654760.2206671,1744654760.2207801,0.007587432861328125,8.96453857421875e-05,0.0031974315643310547,0.010874509811401367,0.011653423309326172,0.00011301040649414062,-0.00400233268737793,0.007764101028442383,0.01911139488220215
124,1744654760.227992,1744654760.2304213,1744654760.230891,1744654760.2430413,1744654760.2448704,1744654760.2503762,1744654760.254969,1744654760.2554228,0.0024292469024658203,0.0004696846008300781,0.012150287628173828,0.015049219131469727,0.010098457336425781,0.000453948974609375,-0.0050466060638427734,0.005505800247192383,0.022384166717529297
126,1744654760.3275173,1744654760.3311045,1744654760.3312483,1744654760.3328104,1744654760.3330932,1744654760.3334048,1744654760.3363218,1744654760.3364584,0.0035872459411621094,0.0001437664031982422,0.0015621185302734375,0.005293130874633789,0.0032286643981933594,0.0001366138458251953,-0.0030536651611328125,0.0003116130828857422,0.005887508392333984
127,1744654760.528499,1744654760.533021,1744654760.5331311,1744654760.5338619,1744654760.533945,1744654760.5342858,1744654760.5360918,1744654760.5361838,0.004522085189819336,0.00011014938354492188,0.0007307529449462891,0.005362987518310547,0.0021467208862304688,9.202957153320312e-05,-0.001898050308227539,0.0003407001495361328,0.005786895751953125
128,1744654760.5747254,1744654760.5837302,1744654760.5838504,1744654760.5871701,1744654760.5882692,1744654760.5936017,1744654760.6047812,1744654760.6052287,0.009004831314086914,0.0001201629638671875,0.0033197402954101562,0.012444734573364258,0.016511917114257812,0.0004475116729736328,-0.011626958847045898,0.005332469940185547,0.018876314163208008
129,1744654760.5967734,1744654760.6055257,1744654760.6056967,1744654760.6169279,1744654760.6199977,1744654760.626541,1744654760.630374,1744654760.6304748,0.00875234603881836,0.0001709461212158203,0.011231184005737305,0.020154476165771484,0.010376214981079102,0.00010085105895996094,-0.003933906555175781,0.006543159484863281,0.029767513275146484
130,1744654760.649148,1744654760.658359,1744654760.6584566,1744654760.659425,1744654760.6597428,1744654760.6638997,1744654760.6673462,1744654760.667456,0.009211063385009766,9.751319885253906e-05,0.0009684562683105469,0.010277032852172852,0.00760340690612793,0.00010967254638671875,-0.0035562515258789062,0.004156827926635742,0.014751672744750977
131,1744654760.6893282,1744654760.6951396,1744654760.6952355,1744654760.7068465,1744654760.7082114,1744654760.7140753,1744654760.7199738,1744654760.7200801,0.005811452865600586,9.584426879882812e-05,0.011610984802246094,0.017518281936645508,0.011762380599975586,0.00010633468627929688,-0.006004810333251953,0.00586390495300293,0.024747133255004883
132,1744654760.8898344,1744654760.895649,1744654760.8957727,1744654760.8985772,1744654760.89972,1744654760.9020467,1744654760.9048784,1744654760.905006,0.005814552307128906,0.00012373924255371094,0.0028045177459716797,0.008742809295654297,0.005158424377441406,0.00012755393981933594,-0.0029592514038085938,0.0023267269134521484,0.012212276458740234
133,1744654760.9652262,1744654760.9704716,1744654760.9709008,1744654760.9772322,1744654760.9787774,1744654760.98193,1744654760.9848707,1744654760.9852924,0.0052454471588134766,0.0004291534423828125,0.006331443786621094,0.012006044387817383,0.006093263626098633,0.00042176246643066406,-0.003362417221069336,0.003152608871459961,0.01670384407043457
134,1744654761.1973305,1744654761.2058349,1744654761.2059643,1744654761.212817,1744654761.2144513,1744654761.2195199,1744654761.2254493,1744654761.225597,0.008504390716552734,0.00012946128845214844,0.006852626800537109,0.015486478805541992,0.010998010635375977,0.0001475811004638672,-0.0060770511627197266,0.005068540573120117,0.02218937873840332
135,1744654761.2623706,1744654761.269459,1744654761.2695625,1744654761.28597,1744654761.2884722,1744654761.2927308,1744654761.2972908,1744654761.2974153,0.007088422775268555,0.00010347366333007812,0.016407489776611328,0.02359938621520996,0.008818626403808594,0.00012445449829101562,-0.0046844482421875,0.004258632659912109,0.03036022186279297
136,1744654761.3220804,1744654761.331721,1744654761.3318224,1744654761.3357174,1744654761.3360233,1744654761.3366442,1744654761.3391175,1744654761.3392668,0.009640693664550781,0.00010132789611816406,0.0038950443267822266,0.013637065887451172,0.003094196319580078,0.00014925003051757812,-0.0026226043701171875,0.0006208419799804688,0.014563798904418945
137,1744654761.3830636,1744654761.387604,1744654761.3877814,1744654761.3911483,1744654761.3918905,1744654761.3965845,1744654761.4027727,1744654761.4028609,0.004540443420410156,0.0001773834228515625,0.0033669471740722656,0.008084774017333984,0.010882139205932617,8.821487426757812e-05,-0.006276369094848633,0.0046939849853515625,0.013520956039428711
138,1744654761.4023304,1744654761.408752,1744654761.4089382,1744654761.4217217,1744654761.4221108,1744654761.4244974,1744654761.4412498,1744654761.4413958,0.006421566009521484,0.0001862049102783203,0.012783527374267578,0.019391298294067383,0.01913905143737793,0.00014591217041015625,-0.016898393630981445,0.0023865699768066406,0.022166967391967773
140,1744654761.4398515,1744654761.4481628,1744654761.4487808,1744654761.4574144,1744654761.457524,1744654761.4577394,1744654761.4691203,1744654761.4695182,0.008311271667480469,0.00061798095703125,0.008633613586425781,0.0175628662109375,0.011596202850341797,0.0003979206085205078,-0.011778831481933594,0.00021529197692871094,0.01788783073425293
144,1744654761.459855,1744654761.4696758,1744654761.4697878,1744654761.4761102,1744654761.476917,1744654761.4801211,1744654761.4829211,1744654761.4830177,0.009820699691772461,0.00011205673217773438,0.006322383880615234,0.01625514030456543,0.0060040950775146484,9.655952453613281e-05,-0.002896547317504883,0.0032041072845458984,0.020266056060791016
145,1744654761.4893663,1744654761.4909732,1744654761.4910622,1744654761.4917774,1744654761.4918556,1744654761.4922345,1744654761.4939523,1744654761.4940832,0.0016069412231445312,8.893013000488281e-05,0.0007152557373046875,0.0024111270904541016,0.0020966529846191406,0.0001308917999267578,-0.0018486976623535156,0.0003788471221923828,0.002868175506591797
146,,,,,1744654761.6050901,1744654761.6053348,1744654761.6077409,1744654761.6081212,0.004884004592895508,0.00010800361633300781,0.004735708236694336,0.009727716445922852,0.002650737762451172,0.0003802776336669922,-0.002786397933959961,0.0002446174621582031,0.011749267578125
147,1744654761.6615038,1744654761.6663878,1744654761.6664958,1744654761.6712315,1744654761.6716254,1744654761.673253,1744654761.675429,1744654761.6755633,0.0037643909454345703,0.00011205673217773438,0.013117313385009766,0.01699376106262207,0.003803730010986328,0.0001342296600341797,-0.0023102760314941406,0.0016276836395263672,0.018375158309936523
148,1744654761.824881,1744654761.8286455,1744654761.8287575,1744654761.8418748,1744654761.8419797,1744654761.8432562,1744654761.8469741,1744654761.8470542,0.0022842884063720703,0.00017309188842773438,0.0038526058197021484,0.006309986114501953,0.004994392395019531,8.0108642578125e-05,-0.0037980079650878906,0.0012764930725097656,0.00937342643737793
150,1744654761.9303277,1744654761.932612,1744654761.932785,1744654761.9366376,1744654761.9374404,1744654761.939701,1744654761.942173,1744654761.942267,0.004096031188964844,0.00011944770812988281,0.0008544921875,0.0050699710845947266,0.004732608795166016,9.393692016601562e-05,-0.0025658607482910156,0.0022606849670410156,0.006930351257324219
151,1744654762.0244343,1744654762.0285304,1744654762.0286498,1744654762.0295043,1744654762.0295746,1744654762.0313647,1744654762.0367694,1744654762.0368643,0.003436565399169922,0.0001323223114013672,0.0009102821350097656,0.004479169845581055,0.0071947574615478516,9.489059448242188e-05,-0.005499601364135742,0.0017900466918945312,0.00578761100769043
152,1744654762.0606802,1744654762.0641167,1744654762.064249,1744654762.0651593,1744654762.06523,1744654762.0664678,1744654762.0698981,1744654762.0700047,0.0021905899047851562,9.107589721679688e-05,0.004404544830322266,0.006686210632324219,0.004668235778808594,0.00010657310485839844,-0.0035369396209716797,0.0012378692626953125,0.00995182991027832
153,1744654762.1639905,1744654762.166181,1744654762.1662722,1744654762.1706767,1744654762.171215,1744654762.1739423,1744654762.1772978,1744654762.1774,0.00740361213684082,0.0005505084991455078,0.007474660873413086,0.015428781509399414,0.006082773208618164,0.00010228157043457031,-0.003457784652709961,0.0027272701263427734,0.01949334144592285
154,1744654762.2781584,1744654762.285562,1744654762.2861125,1744654762.2935872,1744654762.2945936,1744654762.2976518,1744654762.303283,1744654762.3037846,0.004969120025634766,9.655952453613281e-05,0.0020236968994140625,0.007089376449584961,0.008689403533935547,0.0005016326904296875,-0.006132841110229492,0.003058195114135742,0.012304306030273438
155,1744654762.341408,1744654762.3463771,1744654762.3464737,1744654762.3484974,1744654762.3495002,1744654762.3537123,1744654762.3572447,1744654762.3573608,0.00554347038269043,0.00011873245239257812,0.0017271041870117188,0.0073893070220947266,0.007744550704956055,0.00011610984802246094,-0.003648519515991211,0.004212141036987305,0.009600162506103516
156,1744654762.470391,1744654762.4759345,1744654762.4760532,1744654762.4777803,1744654762.4784887,1744654762.4799912,1744654762.4837956,1744654762.48394,0.006092071533203125,0.0001468658447265625,0.006193399429321289,0.012432336807250977,0.00530695915222168,0.0001442432403564453,-0.003948688507080078,0.0015025138854980469,0.019438982009887695
157,1744654762.530928,1744654762.53702,1744654762.5371668,1744654762.5433602,1744654762.5449996,1744654762.5503669,1744654762.55515,1744654762.5552504,0.004568576812744141,0.0004851818084716797,0.007891654968261719,0.012945413589477539,0.010150432586669922,0.00010037422180175781,-0.004883527755737305,0.005367279052734375,0.016716480255126953
158,1744654762.584911,1744654762.5894797,1744654762.5899649,1744654762.5978565,1744654762.598898,1744654762.6016276,1744654762.6039221,1744654762.6044664,0.004727840423583984,0.0006616115570068359,0.00822138786315918,0.01361083984375,0.0050241947174072266,0.0005443096160888672,-0.0028388500213623047,0.002729654312133789,0.022168874740600586
159,1744654762.6072485,1744654762.6119764,1744654762.612638,1744654762.6208594,1744654762.6232376,1744654762.6294174,1744654762.6352925,1744654762.6360497,0.004222869873046875,0.0001270771026611328,0.001773834228515625,0.006123781204223633,0.012054920196533203,0.0007572174072265625,-0.006632328033447266,0.0061798095703125,0.009193181991577148
160,1744654762.700203,1744654762.7044258,1744654762.704553,1744654762.7063267,1744654762.7069201,1744654762.7093961,1744654762.7271378,1744654762.727352,0.010017156600952148,0.00039696693420410156,0.01378321647644043,0.02419734001159668,0.0202176570892334,0.00021409988403320312,-0.017955780029296875,0.0024759769439697266,0.03030681610107422
161,1744654762.720308,1744654762.7303252,1744654762.7307222,1744654762.7445054,1744654762.74544,1744654762.750615,1744654762.7556236,1744654762.7557256,0.0157473087310791,0.0005311965942382812,0.010656118392944336,0.02693462371826172,0.010183572769165039,0.00010204315185546875,-0.005110740661621094,0.005174875259399414,0.03851771354675293
163,1744654763.0334704,1744654763.0492177,1744654763.049749,1744654763.060405,1744654763.0616424,1744654763.071988,1744654763.077368,1744654763.077848,0.0050623416900634766,8.225440979003906e-05,0.02242422103881836,0.027568817138671875,0.01572561264038086,0.0004799365997314453,-0.005859851837158203,0.010345697402954102,0.03311443328857422
164,1744654763.0819535,1744654763.0870159,1744654763.0870981,1744654763.1095223,1744654763.1104238,1744654763.115068,1744654763.1262555,1744654763.1263595,0.008739709854125977,0.0005006790161132812,0.01697373390197754,0.026214122772216797,0.015831708908081055,0.00010395050048828125,-0.01129150390625,0.004644155502319336,0.035874366760253906
165,1744654763.188685,1744654763.1974247,1744654763.1979253,1744654763.214899,1744654763.216077,1744654763.2245593,1744654763.4354525,1744654763.436022,0.007084846496582031,8.869171142578125e-05,0.024606943130493164,0.03178048133850098,0.2193753719329834,0.0005695819854736328,-0.21146273612976074,0.008482217788696289,0.035686492919921875
167,1744654763.4650052,1744654763.47209,1744654763.4721787,1744654763.4967856,1744654763.4977884,1744654763.5006917,1744654763.513228,1744654763.5133655,0.011778831481933594,0.0005004405975341797,0.0064771175384521484,0.018756389617919922,0.015439510345458984,0.00013756752014160156,-0.01267385482788086,0.0029032230377197266,0.023688077926635742
170,1744654763.5018167,1744654763.5135956,1744654763.514096,1744654763.5205731,1744654763.521245,1744654763.5255048,1744654763.5289106,1744654763.529272,0.00999140739440918,0.0004658699035644531,0.010149955749511719,0.02060723304748535,0.0076656341552734375,0.00036144256591796875,-0.003767251968383789,0.004259824752807617,0.02725982666015625
171,1744654763.536425,1744654763.5464165,1744654763.5468824,1744654763.5570323,1744654763.5582495,1744654763.563685,1744654763.5698037,1744654763.5701923,0.008203983306884766,0.0004107952117919922,0.011029958724975586,0.019644737243652344,0.011554241180419922,0.0003886222839355469,-0.006507396697998047,0.005435466766357422,0.029321670532226562
172,1744654763.565997,1744654763.5742009,1744654763.5746117,1744654763.5856416,1744654763.586683,1744654763.5953186,1744654763.6009264,1744654763.6014988,0.008923530578613281,0.00042748451232910156,0.00735783576965332,0.016708850860595703,0.014243364334106445,0.0005724430084228516,-0.006180286407470703,0.008635520935058594,0.03481578826904297
173,1744654763.6570005,1744654763.665924,1744654763.6663516,1744654763.6737094,1744654763.675119,1744654763.6918163,1744654763.6973789,1744654763.6978176,0.0032694339752197266,8.273124694824219e-05,0.008688211441040039,0.012040376663208008,0.022259950637817383,0.000438690185546875,-0.00600123405456543,0.016697406768798828,0.016344785690307617
174,1744654763.697045,1744654763.7003145,1744654763.7003973,1744654763.7090855,1744654763.7099738,1744654763.7133899,1744654763.717089,1744654763.7171967,0.012188434600830078,0.0005252361297607422,0.02555561065673828,0.0382692813873291,0.00711512565612793,0.00010776519775390625,-0.0038068294525146484,0.0034160614013671875,0.04874849319458008
175,1744654763.7717502,1744654763.7839386,1744654763.784464,1744654763.8100195,1744654763.811888,1744654763.8204987,1744654763.8314428,1744654763.832269,0.009675979614257812,0.0004792213439941406,0.03287625312805176,0.04303145408630371,0.019554853439331055,0.0008261203765869141,-0.011770248413085938,0.008610725402832031,0.05433392524719238
176,1744654763.7930274,1744654763.8027034,1744654763.8031826,1744654763.8360589,1744654763.83701,1744654763.8473613,1744654763.8529,1744654763.8533127,0.006228923797607422,0.00013113021850585938,0.01572418212890625,0.02208423614501953,0.015890121459960938,0.0004127025604248047,-0.005951404571533203,0.010351419448852539,0.03228425979614258
179,1744654763.9034715,1744654763.9097004,1744654763.9098315,1744654763.9255557,1744654763.9284098,1744654763.9357557,1744654763.94215,1744654763.94226,0.007790327072143555,9.870529174804688e-05,0.005387544631958008,0.01327657699584961,0.013740301132202148,0.00010991096496582031,-0.0065042972564697266,0.007345914840698242,0.019257783889770508
181,1744654763.97457,1744654763.9823604,1744654763.982459,1744654763.9878466,1744654763.990164,1744654763.9938278,1744654764.0040884,1744654764.0042655,0.005467891693115234,0.0007147789001464844,0.024146318435668945,0.030328989028930664,0.013924360275268555,0.00017714500427246094,-0.010437726974487305,0.003663778305053711,0.041281700134277344
182,1744654764.009145,1744654764.014613,1744654764.0153277,1744654764.039474,1744654764.0420997,1744654764.0504267,1744654764.065469,1744654764.065966,0.009443998336791992,0.00041103363037109375,0.03929471969604492,0.04914975166320801,0.023369312286376953,0.0004968643188476562,-0.015539169311523438,0.008327007293701172,0.05540752410888672
183,1744654764.0258489,1744654764.0352929,1744654764.035704,1744654764.0749986,1744654764.0760758,1744654764.0812564,1744654764.090615,1744654764.091066,0.010335445404052734,0.0005450248718261719,0.030513763427734375,0.04139423370361328,0.014539241790771484,0.0004508495330810547,-0.009809494018554688,0.0051805973052978516,0.04668688774108887
184,1744654764.0567276,1744654764.067063,1744654764.067608,1744654764.098122,1744654764.0994813,1744654764.1034145,1744654764.1118784,1744654764.1123087,0.010915040969848633,0.0001571178436279297,0.019696474075317383,0.030768632888793945,0.012397050857543945,0.0004303455352783203,-0.008894205093383789,0.0039331912994384766,0.03294777870178223
185,1744654764.0835965,1744654764.0945115,1744654764.0946686,1744654764.114365,1744654764.115505,1744654764.1165442,1744654764.1197054,1744654764.1198735,0.008355855941772461,0.00042748451232910156,0.007410287857055664,0.016193628311157227,0.004200458526611328,0.00016808509826660156,-0.0033292770385742188,0.001039266586303711,0.021123170852661133
187,1744654764.1393223,1744654764.1476781,1744654764.1481056,1744654764.155516,1744654764.156412,1744654764.1604455,1744654764.1670244,1744654764.1674962,0.005747079849243164,0.0005800724029541016,0.004405975341796875,0.01073312759399414,0.01061248779296875,0.0004718303680419922,-0.007050752639770508,0.004033565521240234,0.014680862426757812
188,1744654764.1627948,1744654764.168542,1744654764.169122,1744654764.173528,1744654764.1740856,1744654764.1774757,1744654764.1822534,1744654764.182687,0.0041506290435791016,0.00010585784912109375,0.0028836727142333984,0.007140159606933594,0.008167743682861328,0.0004336833953857422,-0.005211353302001953,0.003390073776245117,0.009165525436401367
189,1744654764.2515728,1744654764.2557235,1744654764.2558293,1744654764.258713,1744654764.2595387,1744654764.2607384,1744654764.2628112,1744654764.2629027,0.0049898624420166016,9.942054748535156e-05,0.004269599914550781,0.009358882904052734,0.003272533416748047,9.1552734375e-05,-0.0021643638610839844,0.0011997222900390625,0.012614250183105469
190,1744654764.2958543,1744654764.3008442,1744654764.3009436,1744654764.3052132,1744654764.3059363,1744654764.3084686,1744654764.3125217,1744654764.3126128,0.0052874088287353516,9.72747802734375e-05,0.00660252571105957,0.01198720932006836,0.006585359573364258,9.107589721679688e-05,-0.004144191741943359,0.0025322437286376953,0.017189741134643555
191,1744654764.323968,1744654764.3292553,1744654764.3293526,1744654764.3359551,1744654764.3372345,1744654764.3411577,1744654764.3447523,1744654764.344885,0.001741170883178711,8.845329284667969e-05,0.0007205009460449219,0.0025501251220703125,0.007517814636230469,0.0001327991485595703,-0.003727436065673828,0.003923177719116211,0.0029664039611816406
192,1744654764.3652315,1744654764.3669727,1744654764.3670611,1744654764.3677816,1744654764.3678539,1744654764.368198,1744654764.369887,1744654764.3699713,0.008322954177856445,0.000110626220703125,0.010638236999511719,0.01907181739807129,0.002033233642578125,8.416175842285156e-05,-0.0017733573913574219,0.0003440380096435547,0.025736331939697266
193,1744654764.558963,1744654764.567286,1744654764.5673966,1744654764.5780349,1744654764.5799143,1744654764.5846994,1744654764.5872786,1744654764.5873952,0.005015134811401367,0.0001518726348876953,0.006584882736206055,0.011751890182495117,0.0073642730712890625,0.00011658668518066406,-0.002695798873901367,0.004785060882568359,0.014738798141479492
194,1744654764.6361818,1744654764.641197,1744654764.6413488,1744654764.6479337,1744654764.6487617,1744654764.6509206,1744654764.654444,1744654764.6545424,0.015401840209960938,0.0005435943603515625,0.011353254318237305,0.027298688888549805,0.005682229995727539,9.846687316894531e-05,-0.003621816635131836,0.0021588802337646484,0.030905961990356445
195,1744654764.6751947,1744654764.6905966,1744654764.6911402,1744654764.7024934,1744654764.7036107,1744654764.7061007,1744654764.7102933,1744654764.7108784,0.011502742767333984,0.0004558563232421875,0.010393619537353516,0.022352218627929688,0.006682634353637695,0.0005850791931152344,-0.004777669906616211,0.0024900436401367188,0.026506662368774414
196,1744654764.758177,1744654764.7696798,1744654764.7701356,1744654764.7805293,1744654764.7817216,1744654764.7846837,1744654764.788318,1744654764.7887816,0.0076482295989990234,0.00012159347534179688,0.004787921905517578,0.012557744979858398,0.00659632682800293,0.00046372413635253906,-0.004097938537597656,0.0029621124267578125,0.017634153366088867
197,1744654764.8144536,1744654764.8221018,1744654764.8222234,1744654764.8270113,1744654764.8278422,1744654764.8320878,1744654764.8363528,1744654764.836501,0.003244638442993164,0.0004992485046386719,0.0008311271667480469,0.004575014114379883,0.008510589599609375,0.0001480579376220703,-0.004413127899169922,0.0042455196380615234,0.005011320114135742
198,1744654764.8979964,1744654764.901241,1744654764.9017403,1744654764.9025714,1744654764.9026642,1744654764.9030077,1744654764.9046304,1744654764.905061,0.0018334388732910156,0.0006103515625,0.0008552074432373047,0.0032989978790283203,0.001966238021850586,0.0004305839538574219,-0.0020532608032226562,0.00034356117248535156,0.004503965377807617
199,1744654764.944241,1744654764.9460745,1744654764.9466848,1744654764.94754,1744654764.9476278,1744654764.948745,1744654764.9505053,1744654764.95095,0.012796878814697266,0.00010514259338378906,0.011946678161621094,0.02484869956970215,0.002877473831176758,0.00044465065002441406,-0.00220489501953125,0.0011172294616699219,0.0346987247467041
200,1744654765.258735,1744654765.2715318,1744654765.271637,1744654765.2835836,1744654765.2862852,1744654765.2934337,1744654765.299471,1744654765.2995777,0.003911733627319336,0.00012302398681640625,0.005987882614135742,0.010022640228271484,0.013185739517211914,0.0001068115234375,-0.006144046783447266,0.0071485042572021484,0.016240835189819336
201,1744654765.3128045,1744654765.3167162,1744654765.3168392,1744654765.322827,1744654765.3234274,1744654765.3290453,1744654765.3345249,1744654765.3346605,0.014055013656616211,0.00011014938354492188,0.009465932846069336,0.02363109588623047,0.011097431182861328,0.00013566017150878906,-0.005615234375,0.005617856979370117,0.02975916862487793
202,1744654765.335886,1744654765.349941,1744654765.3500512,1744654765.359517,1744654765.3614614,1744654765.3656452,1744654765.369912,1744654765.370025,0.00819540023803711,0.00012826919555664062,0.005675077438354492,0.013998746871948242,0.008450508117675781,0.00011301040649414062,-0.004379749298095703,0.004183769226074219,0.020247459411621094
203,1744654765.3978522,1744654765.4060476,1744654765.4061759,1744654765.411851,1744654765.4121556,1744654765.4180996,1744654765.422194,1744654765.422309,0.004431486129760742,0.00044083595275878906,0.003095865249633789,0.00796818733215332,0.010038375854492188,0.00011491775512695312,-0.004209280014038086,0.005944013595581055,0.011184215545654297
204,1744654765.4590516,1744654765.463483,1744654765.463924,1744654765.4670198,1744654765.4685535,1744654765.4702358,1744654765.4753597,1744654765.4757366,0.004416227340698242,8.034706115722656e-05,0.006349802017211914,0.010846376419067383,0.006806135177612305,0.0003769397735595703,-0.00550079345703125,0.001682281494140625,0.017371177673339844
205,1744654765.4803057,1744654765.484722,1744654765.4848022,1744654765.491152,1744654765.4929385,1744654765.4976768,1744654765.5009456,1744654765.5011013,0.008076190948486328,0.0004734992980957031,0.006703376770019531,0.015253067016601562,0.008007049560546875,0.0001556873321533203,-0.003424406051635742,0.004738330841064453,0.0183413028717041
206,1744654765.7242553,1744654765.7323315,1744654765.732805,1744654765.7395084,1744654765.7399805,1744654765.7425966,1744654765.7460957,1744654765.7465606,0.009853839874267578,0.00011467933654785156,0.011105060577392578,0.021073579788208008,0.0061151981353759766,0.0004649162292480469,-0.003963947296142578,0.0026161670684814453,0.032845258712768555
207,1744654765.8590558,1744654765.8689096,1744654765.8690243,1744654765.8801293,1744654765.881857,1744654765.891901,1744654765.8956144,1744654765.895734,0.007715702056884766,0.00010156631469726562,0.007081508636474609,0.01489877700805664,0.013757467269897461,0.00011968612670898438,-0.0038330554962158203,0.010044097900390625,0.021717071533203125
208,1744654765.913701,1744654765.9214168,1744654765.9215183,1744654765.9285998,1744654765.9289594,1744654765.9354181,1744654765.9432025,1744654765.943464,0.0064067840576171875,0.0008089542388916016,0.008206844329833984,0.015422582626342773,0.014243125915527344,0.00026154518127441406,-0.00804591178894043,0.006458759307861328,0.019886255264282227
209,1744654765.9375043,1744654765.943911,1744654765.94472,1744654765.9529269,1744654765.9538064,1744654765.9573905,1744654765.9606898,1744654765.961164,0.004822731018066406,0.0004909038543701172,0.006525516510009766,0.011839151382446289,0.006883382797241211,0.0004742145538330078,-0.0037734508514404297,0.003584146499633789,0.01523590087890625
210,1744654765.9682782,1744654765.973101,1744654765.9735918,1744654765.9801173,1744654765.9810095,1744654765.983514,1744654765.9869685,1744654765.9874537,0.006307125091552734,0.00040650367736816406,0.008550643920898438,0.015264272689819336,0.005959033966064453,0.0004851818084716797,-0.003939628601074219,0.002504587173461914,0.024647951126098633
211,1744654766.014089,1744654766.0203962,1744654766.0208027,1744654766.0293534,1744654766.030742,1744654766.038737,1744654766.0435562,1744654766.0439563,0.00836634635925293,0.00014448165893554688,0.0054662227630615234,0.01397705078125,0.01281428337097168,0.0004000663757324219,-0.005219221115112305,0.007995128631591797,0.017635583877563477
212,1744654766.08694,1744654766.0953064,1744654766.0954509,1744654766.100917,1744654766.1017656,1744654766.1045756,1744654766.1084254,1744654766.1085296,0.008870601654052734,0.00011801719665527344,0.013727188110351562,0.02271580696105957,0.006659746170043945,0.00010418891906738281,-0.0039539337158203125,0.0028100013732910156,0.029566049575805664
213,1744654766.1189568,1744654766.1278274,1744654766.1279454,1744654766.1416726,1744654766.1425326,1744654766.1485229,1744654766.1550174,1744654766.1551583,0.006963253021240234,0.00010061264038085938,0.015138864517211914,0.022202730178833008,0.01248478889465332,0.00014090538024902344,-0.006635427474975586,0.005990266799926758,0.028834104537963867
215,1744654766.1508074,1744654766.1577706,1744654766.1578712,1744654766.17301,1744654766.1740487,1744654766.1796415,1744654766.1864233,1744654766.1865609,0.007970571517944336,9.608268737792969e-05,0.01289057731628418,0.020957231521606445,0.012374639511108398,0.00013756752014160156,-0.006919384002685547,0.005592823028564453,0.028540611267089844
216,1744654766.1854222,1744654766.1933928,1744654766.1934888,1744654766.2063794,1744654766.2075474,1744654766.2139628,1744654766.2178836,1744654766.2179933,0.0044231414794921875,0.0004661083221435547,0.005826473236083984,0.010715723037719727,0.010336160659790039,0.00010967254638671875,-0.004030466079711914,0.006415367126464844,0.014342784881591797
217,1744654766.2198324,1744654766.2242556,1744654766.2247217,1744654766.2305481,1744654766.2318692,1744654766.2341752,1744654766.2374368,1744654766.2378874,0.009758949279785156,0.0003590583801269531,0.025040149688720703,0.03515815734863281,0.0055675506591796875,0.0004506111145019531,-0.003712177276611328,0.0023059844970703125,0.03744626045227051
218,1744654766.2865837,1744654766.2963426,1744654766.2967017,1744654766.3217418,1744654766.3219857,1744654766.32403,1744654766.339523,1744654766.3397062,0.010825634002685547,8.225440979003906e-05,0.013586044311523438,0.024493932723999023,0.017537355422973633,0.00018310546875,-0.015676259994506836,0.002044200897216797,0.029517173767089844
220,1744654766.329348,1744654766.3401737,1744654766.340256,1744654766.353842,1744654766.3543594,1744654766.3588653,1744654766.3644087,1744654766.364563,0.006855964660644531,8.130073547363281e-05,0.015769243240356445,0.02270650863647461,0.01004934310913086,0.00015425682067871094,-0.005697727203369141,0.00450587272644043,0.02762150764465332
221,1744654766.3771894,1744654766.3840454,1744654766.3841267,1744654766.399896,1744654766.4014137,1744654766.404811,1744654766.4096684,1744654766.409775,0.005784511566162109,0.00045108795166015625,0.0027244091033935547,0.00896000862121582,0.008254766464233398,0.00010657310485839844,-0.004964113235473633,0.003397226333618164,0.012620687484741211
223,1744654766.4488964,1744654766.454681,1744654766.455132,1744654766.4578564,1744654766.45838,1744654766.461517,1744654766.4646833,1744654766.4651053,0.006752967834472656,0.00012540817260742188,0.007111310958862305,0.013989686965942383,0.006303310394287109,0.0004220008850097656,-0.0035881996154785156,0.0031371116638183594,0.020660400390625
224,1744654766.550048,1744654766.556801,1744654766.5569265,1744654766.5640378,1744654766.5646894,1744654766.5707085,1744654766.5777912,1744654766.5778937,0.0028705596923828125,9.083747863769531e-05,0.0007510185241699219,0.0037124156951904297,0.013101816177368164,0.00010251998901367188,-0.007185220718383789,0.006019115447998047,0.004149198532104492
225,1744654766.5786076,1744654766.581478,1744654766.581569,1744654766.58232,1744654766.5823946,1744654766.5827568,1744654766.5852506,1744654766.5853603,0.0037636756896972656,0.00040793418884277344,0.001786947250366211,0.00595855712890625,0.002856016159057617,0.00010967254638671875,-0.0026035308837890625,0.00036215782165527344,0.00635838508605957
226,1744654766.7213206,1744654766.7250843,1744654766.7254922,1744654766.7272792,1744654766.72743,1744654766.727679,1744654766.7304602,1744654766.7308955,0.004174470901489258,0.0001804828643798828,0.0037419795989990234,0.008096933364868164,0.003030061721801758,0.0004353523254394531,-0.0032165050506591797,0.00024890899658203125,0.01433563232421875
227,1744654766.7630436,1744654766.767218,1744654766.7673986,1744654766.7711406,1744654766.772664,1744654766.7773793,1744654766.7808914,1744654766.7810206,0.004244804382324219,8.7738037109375e-05,0.000732421875,0.005064964294433594,0.008227348327636719,0.00012922286987304688,-0.003641366958618164,0.0047152042388916016,0.005507707595825195
228,1744654766.7836115,1744654766.7878563,1744654766.787944,1744654766.7886765,1744654766.788759,1744654766.7891192,1744654766.791202,1744654766.7913,0.0074808597564697266,9.822845458984375e-05,0.020562410354614258,0.028141498565673828,0.002443075180053711,9.799003601074219e-05,-0.002180814743041992,0.00036025047302246094,0.03145456314086914
229,1744654766.8483007,1744654766.8557816,1744654766.8558798,1744654766.8764422,1744654766.876958,1744654766.8797553,1744654766.8858066,1744654766.8859937,0.013931989669799805,0.0005917549133300781,0.007437944412231445,0.021961688995361328,0.00884866714477539,0.00018715858459472656,-0.006238460540771484,0.002797365188598633,0.025030136108398438
230,1744654766.8700218,1744654766.8839538,1744654766.8845456,1744654766.8919835,1744654766.8933058,1744654766.895052,1744654766.8979328,1744654766.8986974,0.0022916793823242188,0.0001533031463623047,0.0014226436614990234,0.003867626190185547,0.0046269893646240234,0.0007646083831787109,-0.0036454200744628906,0.0017461776733398438,0.004153728485107422
232,1744654766.9198217,1744654766.9221134,1744654766.9222667,1744654766.9236894,1744654766.923764,1744654766.9239755,1744654766.9257798,1744654766.9258776,0.006699323654174805,0.00013685226440429688,0.005754232406616211,0.012590408325195312,0.002015829086303711,9.775161743164062e-05,-0.0019021034240722656,0.00021147727966308594,0.015337228775024414
233,1744654766.9592774,1744654766.9659767,1744654766.9661136,1744654766.9718678,1744654766.9729474,1744654766.9746146,1744654766.978127,1744654766.9782407,0.002095460891723633,0.00011706352233886719,0.004549503326416016,0.006762027740478516,0.005179643630981445,0.00011372566223144531,-0.003626108169555664,0.0016672611236572266,0.012289762496948242
234,1744654767.0108316,1744654767.012927,1744654767.013044,1744654767.0175936,1744654767.0183444,1744654767.0231214,1744654767.0265617,1744654767.0266979,0.005866050720214844,0.000110626220703125,0.004358053207397461,0.01033473014831543,0.008217334747314453,0.0001361370086669922,-0.003576517105102539,0.004776954650878906,0.013992786407470703
235,1744654767.0342302,1744654767.0400963,1744654767.040207,1744654767.044565,1744654767.0452325,1744654767.048223,1744654767.0506222,1744654767.0507739,0.01043391227722168,0.00010466575622558594,0.010135173797607422,0.020673751831054688,0.005389690399169922,0.00015163421630859375,-0.002550840377807617,0.0029904842376708984,0.03058624267578125
236,1744654767.1701229,1744654767.1805568,1744654767.1806614,1744654767.1907966,1744654767.1915498,1744654767.200709,1744654767.2108195,1744654767.210963,0.0065915584564208984,0.00010800361633300781,0.0074846744537353516,0.014184236526489258,0.019269704818725586,0.00014352798461914062,-0.01025390625,0.009159326553344727,0.021855831146240234
237,1744654767.2182324,1744654767.224824,1744654767.224932,1744654767.2324166,1744654767.233539,1744654767.2400882,1744654767.2461963,1744654767.2462907,0.012139320373535156,0.00012230873107910156,0.04144787788391113,0.05370950698852539,0.01265716552734375,9.441375732421875e-05,-0.0062024593353271484,0.00654911994934082,0.05747580528259277
238,1744654767.3155262,1744654767.3276656,1744654767.3277879,1744654767.3692358,1744654767.3697388,1744654767.373002,1744654767.380286,1744654767.3804224,0.01221609115600586,0.00040411949157714844,0.01590251922607422,0.028522729873657227,0.010547161102294922,0.00013637542724609375,-0.00742030143737793,0.003263235092163086,0.03341031074523926
240,1744654767.3538158,1744654767.366032,1744654767.366436,1744654767.3823385,1744654767.3835022,1744654767.387226,1744654767.3924687,1744654767.3928685,0.0029664039611816406,0.00011205673217773438,0.0014870166778564453,0.00456547737121582,0.008966445922851562,0.0003998279571533203,-0.005642414093017578,0.0037238597869873047,0.009480953216552734
242,1744654767.4119196,1744654767.414886,1744654767.414998,1744654767.416485,1744654767.4168835,1744654767.4214005,1744654767.4259057,1744654767.4260325,0.0039882659912109375,0.0004482269287109375,0.0026743412017822266,0.0071108341217041016,0.009022235870361328,0.00012683868408203125,-0.004631996154785156,0.004517078399658203,0.01740097999572754
243,1744654767.5129383,1744654767.5169265,1744654767.5173748,1744654767.520049,1744654767.521991,1744654767.5303392,1744654767.532814,1744654767.5332682,0.0016245841979980469,0.0005400180816650391,0.005933046340942383,0.008097648620605469,0.01082301139831543,0.00045418739318847656,-0.0029289722442626953,0.008348226547241211,0.014331579208374023
244,1744654767.536662,1744654767.5382867,1744654767.5388267,1744654767.5447598,1744654767.5482996,1744654767.5509937,1744654767.5546982,1744654767.5551696,0.004503965377807617,0.0005342960357666016,0.00413823127746582,0.009176492691040039,0.006398677825927734,0.00047135353088378906,-0.004175901412963867,0.0026941299438476562,0.01181650161743164
245,1744654767.5803528,1744654767.5848567,1744654767.585391,1744654767.5895293,1744654767.590539,1744654767.5921693,1744654767.5965316,1744654767.5970476,0.007436275482177734,9.465217590332031e-05,0.00567626953125,0.013207197189331055,0.0059926509857177734,0.0005159378051757812,-0.00487828254699707,0.0016303062438964844,0.015188455581665039
246,1744654767.6033168,1744654767.610753,1744654767.6108477,1744654767.616524,1744654767.6170404,1744654767.6185052,1744654767.6209788,1744654767.6210842,0.002994537353515625,0.0005254745483398438,0.0033636093139648438,0.0068836212158203125,0.003938436508178711,0.00010538101196289062,-0.0025789737701416016,0.00146484375,0.01004171371459961
247,1744654767.6703877,1744654767.6733823,1744654767.6739078,1744654767.6772714,1744654767.6782963,1744654767.6804295,1744654767.6850424,1744654767.685523,0.003722667694091797,0.0004374980926513672,0.0036041736602783203,0.007764339447021484,0.006746053695678711,0.00048065185546875,-0.005093574523925781,0.0021331310272216797,0.010399580001831055
248,1744654767.768863,1744654767.7725856,1744654767.7730231,1744654767.7766273,1744654767.7773201,1744654767.7792625,1744654767.7822585,1744654767.7827642,0.006040334701538086,0.0004279613494873047,0.012206077575683594,0.018674373626708984,0.004938364028930664,0.0005056858062744141,-0.0035016536712646484,0.0019423961639404297,0.027533769607543945
249,1744654767.786524,1744654767.7925644,1744654767.7929924,1744654767.8051984,1744654767.8068264,1744654767.8140578,1744654767.8192513,1744654767.81971,0.014386653900146484,0.00047969818115234375,0.025126218795776367,0.039992570877075195,0.012424945831298828,0.00045871734619140625,-0.005652189254760742,0.007231473922729492,0.04511404037475586
250,1744654767.9417784,1744654767.956165,1744654767.9566448,1744654767.981771,1744654767.9828525,1744654767.9868925,1744654767.9967127,1744654767.9973435,0.0038368701934814453,0.0004525184631347656,0.007474184036254883,0.011763572692871094,0.013860225677490234,0.0006308555603027344,-0.010451078414916992,0.0040400028228759766,0.015590906143188477
252,1744654768.0861611,1744654768.089998,1744654768.0904505,1744654768.0979247,1744654768.099139,1744654768.101752,1744654768.1065333,1744654768.1069832,0.007923603057861328,0.00017189979553222656,0.009268999099731445,0.017364501953125,0.007394313812255859,0.00044989585876464844,-0.005231142044067383,0.002613067626953125,0.021522998809814453
253,1744654768.1777277,1744654768.1856513,1744654768.1858232,1744654768.1950922,1744654768.1958027,1744654768.1992507,1744654768.2098987,1744654768.2100482,0.008260250091552734,0.00016069412231445312,0.010260581970214844,0.01868152618408203,0.01409602165222168,0.0001494884490966797,-0.010797500610351562,0.003448009490966797,0.024018287658691406
254,1744654768.2827,1744654768.2909603,1744654768.291121,1744654768.3013816,1744654768.3031178,1744654768.3067183,1744654768.3102798,1744654768.3104036,0.006925821304321289,0.00010251998901367188,0.02882218360900879,0.03585052490234375,0.0071620941162109375,0.00012373924255371094,-0.0036852359771728516,0.003600597381591797,0.04500842094421387
255,1744654768.390961,1744654768.3978868,1744654768.3979893,1744654768.4268115,1744654768.4276583,1744654768.4359694,1744654768.4429133,1744654768.4430625,0.0068531036376953125,0.0005064010620117188,0.012401342391967773,0.019760847091674805,0.015254974365234375,0.00014925003051757812,-0.007093191146850586,0.008311033248901367,0.027428388595581055
258,1744654768.4996665,1744654768.5065196,1744654768.507026,1744654768.5194273,1744654768.5215929,1744654768.5270948,1744654768.532526,1744654768.5332105,0.004027843475341797,0.00010943412780761719,0.0037615299224853516,0.007898807525634766,0.010933160781860352,0.0006844997406005859,-0.00611567497253418,0.005501985549926758,0.00861048698425293
260,1744654768.569005,1744654768.5730329,1744654768.5731423,1744654768.5769038,1744654768.5771203,1744654768.5776155,1744654768.5792968,1744654768.57938,0.004202604293823242,0.00041222572326660156,0.0050106048583984375,0.009625434875488281,0.002176523208618164,8.320808410644531e-05,-0.001764535903930664,0.0004951953887939453,0.015450000762939453
261,1744654768.6137302,1744654768.6179328,1744654768.618345,1744654768.6233556,1744654768.6239386,1744654768.6291802,1744654768.6328027,1744654768.6333451,0.009479522705078125,0.0004973411560058594,0.008584022521972656,0.01856088638305664,0.008864164352416992,0.0005424022674560547,-0.004164934158325195,0.0052416324615478516,0.025466442108154297
262,1744654768.744923,1744654768.7544026,1744654768.7549,1744654768.763484,1744654768.7656758,1744654768.7703896,1744654768.773834,1744654768.77427,0.007870197296142578,0.0006084442138671875,0.0066471099853515625,0.015125751495361328,0.008158206939697266,0.0004360675811767578,-0.0038805007934570312,0.004713773727416992,0.022217988967895508
263,1744654768.7836864,1744654768.7915566,1744654768.792165,1744654768.7988122,1744654768.80104,1744654768.8059044,1744654768.8113468,1744654768.8118534,0.005886554718017578,0.0001323223114013672,0.008091211318969727,0.014110088348388672,0.010306835174560547,0.0005066394805908203,-0.0059490203857421875,0.00486445426940918,0.018615007400512695
264,1744654768.8724933,1744654768.8783798,1744654768.8785121,1744654768.8866034,1744654768.8877237,1744654768.8911083,1744654768.8952308,1744654768.8953383,0.006200551986694336,0.00046634674072265625,0.0065460205078125,0.013212919235229492,0.0075070858001708984,0.00010752677917480469,-0.004230022430419922,0.0033845901489257812,0.0160672664642334
265,1744654768.9661167,1744654768.9723172,1744654768.9727836,1744654768.9793296,1744654768.9804397,1744654768.982184,1744654768.9896164,1744654768.9900732,0.004088401794433594,0.00044417381286621094,0.005194187164306641,0.009726762771606445,0.00917673110961914,0.00045680999755859375,-0.007889270782470703,0.0017442703247070312,0.01724863052368164
266,1744654769.0063214,1744654769.0104098,1744654769.010854,1744654769.0160482,1744654769.016849,1744654769.02357,1744654769.0269148,1744654769.0272899,0.013937711715698242,0.00011396408081054688,0.023247957229614258,0.03729963302612305,0.010065793991088867,0.0003750324249267578,-0.003719806671142578,0.006721019744873047,0.042432546615600586
267,1744654769.0879972,1744654769.101935,1744654769.1020489,1744654769.1252968,1744654769.1267624,1744654769.1304297,1744654769.1345203,1744654769.134609,0.008508920669555664,0.00012969970703125,0.0036287307739257812,0.012267351150512695,0.007757902145385742,8.869171142578125e-05,-0.004179239273071289,0.0036673545837402344,0.016698598861694336
269,1744654769.2196043,1744654769.2281132,1744654769.2282429,1744654769.2318716,1744654769.2325046,1744654769.2363029,1744654769.2432592,1744654769.2433648,0.008067131042480469,0.00047469139099121094,0.01398611068725586,0.02252793312072754,0.010754585266113281,0.00010561943054199219,-0.007061958312988281,0.003798246383666992,0.02661919593811035
270,1744654769.2569463,1744654769.2650135,1744654769.2654881,1744654769.2794743,1744654769.2819576,1744654769.2835655,1744654769.286773,1744654769.2874098,0.005951642990112305,0.0003628730773925781,0.0062558650970458984,0.012570381164550781,0.004815340042114258,0.0006368160247802734,-0.0038442611694335938,0.0016078948974609375,0.017436742782592773
271,1744654769.3196309,1744654769.3255825,1744654769.3259454,1744654769.3322012,1744654769.3342419,1744654769.3370676,1744654769.33977,1744654769.340168,0.00780487060546875,9.703636169433594e-05,0.004647016525268555,0.01254892349243164,0.00552821159362793,0.0003979206085205078,-0.0031003952026367188,0.0028257369995117188,0.017035245895385742
272,1744654769.3723567,1744654769.3801615,1744654769.3802586,1744654769.3849056,1744654769.386277,1744654769.389392,1744654769.3922782,1744654769.3924475,0.003924369812011719,0.00012159347534179688,0.0044209957122802734,0.008466958999633789,0.00600123405456543,0.00016927719116210938,-0.003055572509765625,0.003114938735961914,0.017827987670898438
273,1744654769.444073,1744654769.4479973,1744654769.448119,1744654769.45254,1744654769.4538836,1744654769.461901,1744654769.4653645,1744654769.4654691,0.011099815368652344,0.0005857944488525391,0.004752397537231445,0.016438007354736328,0.01148080825805664,0.00010466575622558594,-0.0035681724548339844,0.008017301559448242,0.022235631942749023
274,1744654769.470921,1744654769.4820209,1744654769.4826066,1744654769.487359,1744654769.4879768,1744654769.4931567,1744654769.4961927,1744654769.4968443,0.0022432804107666016,0.0004100799560546875,0.0030133724212646484,0.0056667327880859375,0.008215904235839844,0.0006515979766845703,-0.003687620162963867,0.005179882049560547,0.007874250411987305
275,1744654769.5289333,1744654769.5311766,1744654769.5315866,1744654769.5346,1744654769.5352526,1744654769.5368075,1744654769.538815,1744654769.539412,0.010784149169921875,0.00010347366333007812,0.014383792877197266,0.02527141571044922,0.003562450408935547,0.0005970001220703125,-0.0026044845581054688,0.0015549659729003906,0.03207039833068848
276,1744654769.8932133,1744654769.9039974,1744654769.904101,1744654769.9184847,1744654769.92016,1744654769.9252837,1744654769.9291553,1744654769.9292564,0.01280975341796875,0.0004420280456542969,0.003422260284423828,0.016674041748046875,0.008995294570922852,0.0001010894775390625,-0.003972768783569336,0.005123615264892578,0.0190582275390625
277,1744654769.962065,1744654769.9748747,1744654769.9753168,1744654769.978739,1744654769.9796102,1744654769.9811232,1744654769.9847906,1744654769.9852283,0.008171558380126953,0.00012135505676269531,0.0071337223052978516,0.0154266357421875,0.00518035888671875,0.00043773651123046875,-0.004105091094970703,0.0015130043029785156,0.019894838333129883
278,1744654770.0556602,1744654770.0638318,1744654770.0639532,1744654770.071087,1744654770.072334,1744654770.075555,1744654770.079853,1744654770.0799594,0.007870674133300781,0.0003998279571533203,0.00547480583190918,0.013745307922363281,0.0075190067291259766,0.00010633468627929688,-0.004404306411743164,0.0032210350036621094,0.01809406280517578
279,1744654770.147833,1744654770.1557038,1744654770.1561036,1744654770.1615784,1744654770.1632721,1744654770.1659272,1744654770.1701314,1744654770.1705344,0.008050918579101562,0.0005116462707519531,0.006867647171020508,0.015430212020874023,0.006859302520751953,0.0004029273986816406,-0.004607200622558594,0.002655029296875,0.023509979248046875
280,1744654770.2588017,1744654770.2668526,1744654770.2673643,1744654770.274232,1744654770.2772918,1744654770.2823117,1744654770.286833,1744654770.287326,0.010286331176757812,0.0006535053253173828,0.022910356521606445,0.03385019302368164,0.00954127311706543,0.0004930496215820312,-0.0050144195556640625,0.0050199031829833984,0.04533028602600098
281,1744654770.313775,1744654770.3240614,1744654770.324715,1744654770.3476253,1744654770.3507876,1744654770.3591053,1744654770.370678,1744654770.3711512,0.009390115737915039,0.00021123886108398438,0.021584033966064453,0.031185388565063477,0.019890308380126953,0.00047326087951660156,-0.012045860290527344,0.008317708969116211,0.03920340538024902
283,1744654770.4072819,1744654770.416672,1744654770.4168832,1744654770.4384673,1744654770.43978,1744654770.4464853,1744654770.4575217,1744654770.45763,0.02696847915649414,0.00012159347534179688,0.030362367630004883,0.05745244026184082,0.017741680145263672,0.00010824203491210938,-0.011144638061523438,0.006705284118652344,0.06245088577270508
285,1744654770.5704198,1744654770.5973883,1744654770.5975099,1744654770.6278722,1744654770.6308281,1744654770.6328707,1744654770.6400135,1744654770.6401262,0.0040740966796875,0.00012111663818359375,0.0071947574615478516,0.011389970779418945,0.009185314178466797,0.00011277198791503906,-0.00725555419921875,0.002042531967163086,0.015462160110473633
288,1744654770.7018986,1744654770.7059727,1744654770.7060938,1744654770.7132885,1744654770.714712,1744654770.7173607,1744654770.724046,1744654770.7241654,0.006913423538208008,0.00042724609375,0.00581812858581543,0.013158798217773438,0.009334087371826172,0.00011944770812988281,-0.006804704666137695,0.0026488304138183594,0.017697572708129883
289,1744654770.7191546,1744654770.726068,1744654770.7264953,1744654770.7323134,1744654770.732571,1744654770.7368522,1744654770.7402287,1744654770.7406266,0.003656625747680664,8.416175842285156e-05,0.00567317008972168,0.009413957595825195,0.007657766342163086,0.0003979206085205078,-0.003774404525756836,0.004281282424926758,0.014997720718383789
290,1744654770.7465823,1744654770.750239,1744654770.750323,1744654770.7559962,1744654770.7578447,1744654770.76158,1744654770.7652617,1744654770.7653816,0.005046367645263672,9.34600830078125e-05,0.005508899688720703,0.010648727416992188,0.007416963577270508,0.00011992454528808594,-0.003801584243774414,0.0037353038787841797,0.013644695281982422
291,1744654770.7739363,1744654770.7789826,1744654770.779076,1744654770.784585,1744654770.7852778,1744654770.787581,1744654770.791525,1744654770.7916262,0.009901285171508789,0.00014209747314453125,0.0053310394287109375,0.015374422073364258,0.006247043609619141,0.00010132789611816406,-0.004045248031616211,0.0023031234741210938,0.02234649658203125
292,1744654770.8781755,1744654770.8880768,1744654770.8882189,1744654770.89355,1744654770.895394,1744654770.900522,1744654770.9072516,1744654770.9073431,0.006392002105712891,0.00047898292541503906,0.006453037261962891,0.01332402229309082,0.01185750961303711,9.1552734375e-05,-0.006821155548095703,0.005127906799316406,0.016492128372192383
293,1744654770.928466,1744654770.934858,1744654770.935337,1744654770.94179,1744654770.9427183,1744654770.9449582,1744654770.9482262,1744654770.9486341,0.008099079132080078,0.0001327991485595703,0.005953311920166016,0.014185190200805664,0.005507946014404297,0.00040793418884277344,-0.0036759376525878906,0.0022399425506591797,0.019160747528076172
294,1744654771.1219296,1744654771.1300287,1744654771.1301615,1744654771.1361148,1744654771.1370864,1744654771.1410904,1744654771.1453395,1744654771.145484,0.004792690277099609,0.00010347366333007812,0.00959157943725586,0.014487743377685547,0.008253097534179688,0.00014448165893554688,-0.004393577575683594,0.004004001617431641,0.016829729080200195
295,1744654771.2679,1744654771.2726927,1744654771.2727962,1744654771.2823877,1744654771.2827663,1744654771.2847297,1744654771.295211,1744654771.295296,0.016878366470336914,0.00040221214294433594,0.027485370635986328,0.04476594924926758,0.012444734573364258,8.487701416015625e-05,-0.010566234588623047,0.001963376998901367,0.04975771903991699
296,1744654771.3110003,1744654771.3278787,1744654771.328281,1744654771.3557663,1744654771.3578646,1744654771.360758,1744654771.3684025,1744654771.3689537,0.006448268890380859,0.0004622936248779297,0.003979921340942383,0.010890483856201172,0.010537862777709961,0.0005512237548828125,-0.008195638656616211,0.0028934478759765625,0.01741170883178711
299,1744654771.4048607,1744654771.411309,1744654771.4117713,1744654771.4157512,1744654771.4183528,1744654771.4222724,1744654771.4255772,1744654771.4260244,0.006669282913208008,0.00013399124145507812,0.009801387786865234,0.01660466194152832,0.007224321365356445,0.00044727325439453125,-0.003751993179321289,0.0039196014404296875,0.027608871459960938
300,1744654771.4524672,1744654771.4591365,1744654771.4592705,1744654771.4690719,1744654771.4699216,1744654771.480076,1744654771.4850562,1744654771.485143,0.005575418472290039,0.0004315376281738281,0.0074613094329833984,0.013468265533447266,0.015134572982788086,8.678436279296875e-05,-0.005066871643066406,0.010154485702514648,0.017110824584960938
301,1744654771.5335062,1744654771.5390816,1744654771.539513,1744654771.5469744,1744654771.5476406,1744654771.550617,1744654771.5549269,1744654771.5553658,0.009847164154052734,0.00042891502380371094,0.005210399627685547,0.015486478805541992,0.0072863101959228516,0.00043892860412597656,-0.004748821258544922,0.0029764175415039062,0.022290468215942383
303,1744654771.6787055,1744654771.6885526,1744654771.6889815,1744654771.694192,1744654771.696046,1744654771.700996,1744654771.704976,1744654771.7053897,0.005809307098388672,0.0001125335693359375,0.00739741325378418,0.013319253921508789,0.008929967880249023,0.00041365623474121094,-0.004393815994262695,0.004949808120727539,0.02183079719543457
304,1744654771.745084,1744654771.7508934,1744654771.751006,1744654771.7584033,1744654771.7590744,1744654771.7669148,1744654771.7702084,1744654771.7703037,0.004907369613647461,0.00011801719665527344,0.004044532775878906,0.00906991958618164,0.011133909225463867,9.5367431640625e-05,-0.0033888816833496094,0.007840394973754883,0.015130043029785156
305,1744654771.78979,1744654771.7946973,1744654771.7948153,1744654771.7988598,1744654771.8002894,1744654771.80492,1744654771.8082097,1744654771.80834,0.0066547393798828125,8.058547973632812e-05,0.028935909271240234,0.035671234130859375,0.007920265197753906,0.0001304149627685547,-0.003420114517211914,0.004630565643310547,0.04646897315979004
306,1744654771.8987648,1744654771.9054196,1744654771.9055002,1744654771.934436,1744654771.9368193,1744654771.9452338,1744654771.9536357,1744654771.9537437,0.007219076156616211,0.0003352165222167969,0.018121957778930664,0.025676250457763672,0.016816377639770508,0.00010800361633300781,-0.00850987434387207,0.008414506912231445,0.035587310791015625
308,1744654771.9554656,1744654771.9626846,1744654771.9630198,1744654771.9811418,1744654771.9841135,1744654771.9910529,1744654771.9973173,1744654771.997892,0.0076141357421875,0.00042247772216796875,0.006524324417114258,0.014560937881469727,0.013203859329223633,0.0005745887756347656,-0.00683903694152832,0.006939411163330078,0.01974964141845703
310,1744654771.9985652,1744654772.0061793,1744654772.0066018,1744654772.0131261,1744654772.0153282,1744654772.0183148,1744654772.021648,1744654772.0220137,0.0026862621307373047,0.0005993843078613281,0.0018205642700195312,0.005106210708618164,0.006319761276245117,0.0003657341003417969,-0.0036988258361816406,0.0029866695404052734,0.0055162906646728516
311,1744654772.0380046,1744654772.040691,1744654772.0412903,1744654772.0431108,1744654772.043208,1744654772.043521,1744654772.0459406,1744654772.0464277,0.0019507408142089844,0.0005099773406982422,0.002582073211669922,0.0050427913665771484,0.0027327537536621094,0.0004870891571044922,-0.00290679931640625,0.00031304359436035156,0.013881206512451172
312,1744654772.0895743,1744654772.091525,1744654772.092035,1744654772.0946171,1744654772.0952687,1744654772.1034555,1744654772.107092,1744654772.1074877,0.003952503204345703,0.0004439353942871094,0.014331579208374023,0.018728017807006836,0.011823177337646484,0.00039577484130859375,-0.004032135009765625,0.008186817169189453,0.024167537689208984
313,1744654772.2435338,1744654772.2474864,1744654772.2479303,1744654772.2622619,1744654772.2638814,1744654772.2677014,1744654772.279219,1744654772.279719,0.011082649230957031,0.0004990100860595703,0.007038593292236328,0.01862025260925293,0.015337467193603516,0.0005002021789550781,-0.01201772689819336,0.0038199424743652344,0.025117158889770508
314,1744654772.3570914,1744654772.368174,1744654772.368673,1744654772.3757117,1744654772.376413,1744654772.3822086,1744654772.3852987,1744654772.3857982,0.007573604583740234,0.00012230873107910156,0.0035543441772460938,0.01125025749206543,0.008885622024536133,0.0004994869232177734,-0.003589630126953125,0.005795478820800781,0.014426469802856445
315,1744654772.463255,1744654772.4708285,1744654772.4709508,1744654772.4745052,1744654772.4750252,1744654772.4776814,1744654772.4830008,1744654772.4831,0.003373384475708008,0.00014853477478027344,0.008728742599487305,0.012250661849975586,0.007975578308105469,9.918212890625e-05,-0.005418539047241211,0.002656221389770508,0.01958322525024414
316,1744654772.6111438,1744654772.6145172,1744654772.6146657,1744654772.6233945,1744654772.624411,1744654772.630727,1744654772.6368906,1744654772.636989,0.005574941635131836,0.0003936290740966797,0.006521940231323242,0.012490510940551758,0.012479543685913086,9.846687316894531e-05,-0.006262063980102539,0.006315946578979492,0.015006303787231445
317,1744654772.644326,1744654772.649901,1744654772.6502945,1744654772.6568165,1744654772.6575222,1744654772.6593323,1744654772.6636167,1744654772.6639786,0.004155635833740234,0.00011944770812988281,0.012350082397460938,0.016625165939331055,0.006094455718994141,0.0003619194030761719,-0.00464630126953125,0.0018100738525390625,0.0225522518157959
318,1744654772.789407,1744654772.7935627,1744654772.793682,1744654772.8060322,1744654772.8076649,1744654772.8119593,1744654772.8199685,1744654772.8201423,0.011049270629882812,8.988380432128906e-05,0.018175601959228516,0.029314756393432617,0.012303590774536133,0.00017380714416503906,-0.008183002471923828,0.004294395446777344,0.037386178970336914
319,1744654772.8237698,1744654772.834819,1744654772.834909,1744654772.8530846,1744654772.853692,1744654772.861156,1744654772.866525,1744654772.8666754,0.0043566226959228516,0.0005154609680175781,0.006060600280761719,0.010932683944702148,0.012832880020141602,0.00015044212341308594,-0.005519390106201172,0.007463932037353516,0.01818537712097168
320,1744654772.870044,1744654772.8744006,1744654772.874916,1744654772.8809767,1744654772.882544,1744654772.8882294,1744654772.8958828,1744654772.896479,0.006676197052001953,0.0001246929168701172,0.004897356033325195,0.011698246002197266,0.013338804244995117,0.0005960464477539062,-0.008249521255493164,0.005685329437255859,0.020572185516357422
321,1744654772.9449875,1744654772.9516637,1744654772.9517884,1744654772.9566858,1744654772.9573355,1744654772.9655597,1744654772.977695,1744654772.9778376,0.009695291519165039,0.0001480579376220703,0.012396812438964844,0.022240161895751953,0.020359516143798828,0.00014257431030273438,-0.012277841567993164,0.008224248886108398,0.031824588775634766
322,1744654772.968476,1744654772.9781713,1744654772.9783194,1744654772.9907162,1744654772.9909446,1744654773.0003006,1744654773.007348,1744654773.007918,0.005261898040771484,0.0005092620849609375,0.016958236694335938,0.02272939682006836,0.0164034366607666,0.0005698204040527344,-0.00761723518371582,0.009356021881103516,0.027002573013305664
323,1744654773.00305,1744654773.008312,1744654773.0088212,1744654773.0257795,1744654773.0271409,1744654773.0300527,1744654773.0360606,1744654773.0364938,0.0034284591674804688,0.0004184246063232422,0.002294301986694336,0.006141185760498047,0.008919715881347656,0.00043320655822753906,-0.0064411163330078125,0.002911806106567383,0.008947372436523438
324,1744654773.0569303,1744654773.0603588,1744654773.0607772,1744654773.0630715,1744654773.0643165,1744654773.0658777,1744654773.0715795,1744654773.0719886,0.003917694091796875,0.00039315223693847656,0.004596710205078125,0.008907556533813477,0.0072629451751708984,0.00040912628173828125,-0.0061109066009521484,0.0015611648559570312,0.01375126838684082
325,1744654773.1559572,1744654773.159875,1744654773.160268,1744654773.1648648,1744654773.1653695,1744654773.1697085,1744654773.176017,1744654773.1763601,0.0031583309173583984,0.0004723072052001953,0.022078990936279297,0.02570962905883789,0.01064753532409668,0.00034308433532714844,-0.006651639938354492,0.004338979721069336,0.029050827026367188
326,1744654773.2518487,1744654773.255007,1744654773.2554793,1744654773.2775583,1744654773.2784944,1744654773.2808995,1744654773.287562,1744654773.2880356,0.004224538803100586,0.00011849403381347656,0.010544776916503906,0.014887809753417969,0.009067535400390625,0.0004737377166748047,-0.007136106491088867,0.0024051666259765625,0.022222042083740234
328,1744654773.3212612,1744654773.3254857,1744654773.3256042,1744654773.336149,1744654773.3367774,1744654773.3434832,1744654773.3510683,1744654773.3511975,0.009267568588256836,0.00010013580322265625,0.01964402198791504,0.02901172637939453,0.014290809631347656,0.00012922286987304688,-0.007714271545410156,0.006705760955810547,0.03568625450134277
329,1744654773.4343584,1744654773.443626,1744654773.443726,1744654773.46337,1744654773.4658961,1744654773.4700446,1744654773.4789677,1744654773.4790642,0.0057146549224853516,0.0004291534423828125,0.005917072296142578,0.012060880661010742,0.013071537017822266,9.655952453613281e-05,-0.009019613265991211,0.0041484832763671875,0.015617132186889648
331,1744654773.5001495,1744654773.5058641,1744654773.5062933,1744654773.5122104,1744654773.5131507,1744654773.5157666,1744654773.5199673,1744654773.5203693,0.005190610885620117,0.0004677772521972656,0.005810260772705078,0.011468648910522461,0.0068166255950927734,0.0004019737243652344,-0.004602670669555664,0.0026159286499023438,0.015460729598999023
332,1744654773.5509236,1744654773.5561142,1744654773.556582,1744654773.5623922,1744654773.5639977,1744654773.5663843,1744654773.5793176,1744654773.5798142,0.010533332824707031,0.0006203651428222656,0.007823467254638672,0.01897716522216797,0.01531982421875,0.0004966259002685547,-0.013429880142211914,0.0023865699768066406,0.023262977600097656
333,1744654773.5701756,1744654773.580709,1744654773.5813293,1744654773.5891528,1744654773.5899482,1744654773.5934386,1744654773.595987,1744654773.5964484,0.008037090301513672,9.465217590332031e-05,0.003886699676513672,0.012018442153930664,0.0060389041900634766,0.00046133995056152344,-0.003009796142578125,0.003490447998046875,0.013987302780151367
334,1744654773.5978389,1744654773.605876,1744654773.6059706,1744654773.6098573,1744654773.6105216,1744654773.6118262,1744654773.6146066,1744654773.614759,0.0017123222351074219,9.942054748535156e-05,0.0007276535034179688,0.002539396286010742,0.004085063934326172,0.00015234947204589844,-0.0029327869415283203,0.00130462646484375,0.002953767776489258
335,1744654773.6389244,1744654773.6406367,1744654773.640736,1744654773.6414638,1744654773.6415384,1744654773.6418781,1744654773.644477,1744654773.644583,0.002212047576904297,0.00041103363037109375,0.0029556751251220703,0.005578756332397461,0.002938508987426758,0.00010609626770019531,-0.0027048587799072266,0.00033974647521972656,0.0070116519927978516
336,1744654773.7129464,1744654773.7151585,1744654773.7155695,1744654773.7185252,1744654773.7190564,1744654773.719958,1744654773.7218182,1744654773.7222037,0.0034377574920654297,0.00011730194091796875,0.00413060188293457,0.007685661315917969,0.0027618408203125,0.00038552284240722656,-0.002245664596557617,0.0009016990661621094,0.008293867111206055
337,1744654773.8718007,1744654773.8752384,1744654773.8753557,1744654773.8794863,1744654773.8795655,1744654773.8800945,1744654773.8817625,1744654773.8818586,0.012804269790649414,0.00013709068298339844,0.021324634552001953,0.034265995025634766,0.0021970272064208984,9.608268737792969e-05,-0.001764059066772461,0.0005290508270263672,0.04122567176818848
338,1744654774.008538,1744654774.0213423,1744654774.0214794,1744654774.042804,1744654774.0436716,1744654774.0497637,1744654774.0531116,1744654774.0532653,0.002955913543701172,0.00011277198791503906,0.0013318061828613281,0.004400491714477539,0.009439945220947266,0.0001537799835205078,-0.0035016536712646484,0.006092071533203125,0.011052846908569336
339,1744654774.1023118,1744654774.1052678,1744654774.1053805,1744654774.1067123,1744654774.107816,1744654774.1133647,1744654774.1219594,1744654774.1220627,0.0037806034088134766,0.0006310939788818359,0.02352619171142578,0.027937889099121094,0.01414346694946289,0.00010323524475097656,-0.008697986602783203,0.005548715591430664,0.02954268455505371
340,1744654774.1584806,1744654774.1622612,1744654774.1628923,1744654774.1864185,1744654774.186517,1744654774.1880233,1744654774.193835,1744654774.1943905,0.0016427040100097656,0.0004150867462158203,0.0007998943328857422,0.002857685089111328,0.007318019866943359,0.0005555152893066406,-0.006367206573486328,0.0015063285827636719,0.0032989978790283203
343,1744654774.2019155,1744654774.2035582,1744654774.2039733,1744654774.2047732,1744654774.204853,1744654774.2052145,1744654774.2069101,1744654774.2073975,0.014900922775268555,0.0001227855682373047,0.020702838897705078,0.03572654724121094,0.0020570755004882812,0.00048732757568359375,-0.0021829605102539062,0.00036144256591796875,0.04449820518493652
344,1744654774.7168758,1744654774.7317767,1744654774.7318995,1744654774.7526023,1744654774.7536745,1744654774.761374,1744654774.7754512,1744654774.7755969,0.008772134780883789,0.00046515464782714844,0.017757654190063477,0.026994943618774414,0.021776676177978516,0.0001456737518310547,-0.014222860336303711,0.007699489593505859,0.034554481506347656
346,1744654774.7704136,1744654774.7791858,1744654774.779651,1744654774.7974086,1744654774.8012643,1744654774.804968,1744654774.8094416,1744654774.809918,0.0035910606384277344,0.0003306865692138672,0.007243633270263672,0.011165380477905273,0.00817728042602539,0.0004763603210449219,-0.004949808120727539,0.0037038326263427734,0.015473127365112305
347,1744654774.8211076,1744654774.8246987,1744654774.8250294,1744654774.832273,1744654774.8334796,1744654774.8365808,1744654774.8412302,1744654774.8415751,0.004088401794433594,0.0004992485046386719,0.005112886428833008,0.009700536727905273,0.007750511169433594,0.00034499168395996094,-0.004994392395019531,0.0031011104583740234,0.018776416778564453
348,1744654774.9867668,1744654774.9908552,1744654774.9913545,1744654774.9964674,1744654774.9995358,1744654775.0055432,1744654775.0105376,1744654775.0110521,0.010423898696899414,9.512901306152344e-05,0.017085790634155273,0.02760481834411621,0.011001825332641602,0.0005145072937011719,-0.005508899688720703,0.00600743293762207,0.031304359436035156
349,1744654775.0348606,1744654775.0452845,1744654775.0453796,1744654775.0624654,1744654775.0631592,1744654775.066165,1744654775.070167,1744654775.0702798,0.003459453582763672,0.00042939186096191406,0.0047969818115234375,0.008685827255249023,0.0070078372955322266,0.00011277198791503906,-0.004114866256713867,0.0030057430267333984,0.016663312911987305
351,1744654775.1125717,1744654775.1160312,1744654775.1164606,1744654775.1212575,1744654775.122738,1744654775.129235,1744654775.1322465,1744654775.1326447,0.0040590763092041016,0.00040268898010253906,0.004186391830444336,0.008648157119750977,0.009508609771728516,0.0003981590270996094,-0.0034096240997314453,0.00649714469909668,0.012521028518676758
352,1744654775.1622345,1744654775.1662936,1744654775.1666963,1744654775.1708827,1744654775.1714892,1744654775.1747556,1744654775.1773067,1744654775.177662,0.00996255874633789,0.0003254413604736328,0.012489080429077148,0.022777080535888672,0.005817413330078125,0.0003552436828613281,-0.002906322479248047,0.0032663345336914062,0.029143333435058594
353,1744654775.1789243,1744654775.188887,1744654775.1892123,1744654775.2017014,1744654775.203188,1744654775.2080677,1744654775.212419,1744654775.2127795,0.0048732757568359375,0.0003936290740966797,0.004004240036010742,0.00927114486694336,0.009231090545654297,0.0003604888916015625,-0.00471186637878418,0.00487971305847168,0.019521236419677734
354,1744654775.2283154,1744654775.2331886,1744654775.2335823,1744654775.2375865,1744654775.2379112,1744654775.2478366,1744654775.2604125,1744654775.2608507,0.01244044303894043,0.00013184547424316406,0.0039446353912353516,0.016516923904418945,0.022501230239868164,0.0004382133483886719,-0.013014078140258789,0.009925365447998047,0.022426843643188477
355,1744654775.2498977,1744654775.2623382,1744654775.26247,1744654775.2664146,1744654775.2672446,1744654775.2723246,1744654775.280396,1744654775.2805135,0.0042972564697265625,0.00013971328735351562,0.005433082580566406,0.009870052337646484,0.013151407241821289,0.00011754035949707031,-0.008188962936401367,0.005079984664916992,0.02023792266845703
356,1744654775.2898767,1744654775.294174,1744654775.2943137,1744654775.2997468,1744654775.3014822,1744654775.3101146,1744654775.3131175,1744654775.3132317,0.008766651153564453,0.0002892017364501953,0.028118133544921875,0.03717398643493652,0.011635303497314453,0.00011420249938964844,-0.003117084503173828,0.008632421493530273,0.04476165771484375
357,1744654775.3183043,1744654775.327071,1744654775.3273602,1744654775.3554783,1744654775.3561094,1744654775.363066,1744654775.3717332,1744654775.3720524,0.021822214126586914,0.00044989585876464844,0.01868128776550293,0.04095339775085449,0.015623807907104492,0.0003192424774169922,-0.008986473083496094,0.006956577301025391,0.04346466064453125
358,1744654775.3437476,1744654775.3655698,1744654775.3660197,1744654775.384701,1744654775.3860378,1744654775.3872123,1744654775.392664,1744654775.3930886,0.008819818496704102,8.893013000488281e-05,0.015035152435302734,0.02394390106201172,0.006626129150390625,0.0004246234893798828,-0.005876302719116211,0.0011744499206542969,0.038480520248413086
359,1744654775.3753743,1744654775.3841941,1744654775.384283,1744654775.3993182,1744654775.4006789,1744654775.4138548,1744654775.4192731,1744654775.4193723,0.0028374195098876953,0.0004801750183105469,0.011086463928222656,0.014404058456420898,0.01859426498413086,9.918212890625e-05,-0.005517482757568359,0.01317596435546875,0.02153491973876953
361,1744654775.4191074,1744654775.4219449,1744654775.422425,1744654775.4335115,1744654775.4354708,1744654775.4406424,1744654775.4521604,1744654775.4530249,0.0071866512298583984,0.0006103515625,0.008714675903320312,0.01651167869567871,0.016689538955688477,0.0008645057678222656,-0.01238250732421875,0.005171537399291992,0.022149085998535156
362,1744654775.4468732,1744654775.4540598,1744654775.4546702,1744654775.4633849,1744654775.4661186,1744654775.4690223,1744654775.4745147,1744654775.4749515,0.00452113151550293,0.00011372566223144531,0.015161991119384766,0.01979684829711914,0.008396148681640625,0.0004367828369140625,-0.005929231643676758,0.0029036998748779297,0.023664236068725586
364,1744654775.5887294,1744654775.5932505,1744654775.5933642,1744654775.6085262,1744654775.6092737,1744654775.6123936,1744654775.615177,1744654775.6153061,0.006400585174560547,0.0001590251922607422,0.0007302761077880859,0.007289886474609375,0.0059032440185546875,0.00012922286987304688,-0.0029125213623046875,0.003119945526123047,0.0077207088470458984
366,1744654775.7281623,1744654775.7345629,1744654775.734722,1744654775.7354522,1744654775.7355244,1744654775.735883,1744654775.737798,1744654775.7379098,0.008040428161621094,0.0004405975341796875,0.0014934539794921875,0.009974479675292969,0.0022735595703125,0.00011181831359863281,-0.002026796340942383,0.00035858154296875,0.014763355255126953
367,1744654775.845046,1744654775.8530865,1744654775.853527,1744654775.8550205,1744654775.856292,1744654775.8598094,1744654775.8641727,1744654775.864613,0.005519390106201172,9.489059448242188e-05,0.005249977111816406,0.0108642578125,0.007880687713623047,0.00044035911560058594,-0.004803657531738281,0.0035173892974853516,0.018326520919799805
368,1744654775.8692298,1744654775.8747492,1744654775.874844,1744654775.880094,1744654775.8821876,1744654775.8875563,1744654775.891961,1744654775.892084,0.008518457412719727,0.00041985511779785156,0.00604701042175293,0.014985322952270508,0.009773492813110352,0.0001227855682373047,-0.004527568817138672,0.005368709564208984,0.02688431739807129
369,1744654775.9230356,1744654775.931554,1744654775.931974,1744654775.938021,1744654775.9391017,1744654775.94992,1744654775.9551773,1744654775.9555576,0.012935638427734375,0.0004904270172119141,0.005265951156616211,0.0186920166015625,0.016075611114501953,0.0003802776336669922,-0.005637645721435547,0.010818243026733398,0.026278257369995117
370,1744654776.0464246,1744654776.0593603,1744654776.0598507,1744654776.0651166,1744654776.065748,1744654776.072703,1744654776.079083,1744654776.07963,0.010266304016113281,0.0006096363067626953,0.0074312686920166016,0.018307209014892578,0.013334989547729492,0.0005469322204589844,-0.006927013397216797,0.00695490837097168,0.02758026123046875
371,1744654776.1369715,1744654776.1472378,1744654776.1478474,1744654776.1552787,1744654776.1592467,1744654776.1645517,1744654776.1710854,1744654776.171648,0.0037026405334472656,0.0004057884216308594,0.016425132751464844,0.02053356170654297,0.011838674545288086,0.0005626678466796875,-0.007096290588378906,0.005305051803588867,0.030149221420288086
372,1744654776.177894,1744654776.1815968,1744654776.1820025,1744654776.1984277,1744654776.2003033,1744654776.2080433,1744654776.2178967,1744654776.2183223,0.007184743881225586,0.0005419254302978516,0.020591020584106445,0.028317689895629883,0.0175933837890625,0.00042557716369628906,-0.010278940200805664,0.007740020751953125,0.034943580627441406
373,1744654776.3333995,1744654776.3405843,1744654776.3411262,1744654776.3617172,1744654776.363469,1744654776.368343,1744654776.3794782,1744654776.3799064,0.0048635005950927734,0.00044083595275878906,0.010575056076049805,0.015879392623901367,0.01600933074951172,0.00042819976806640625,-0.011563301086425781,0.004874229431152344,0.021435976028442383
375,1744654776.4736621,1744654776.4785256,1744654776.4789665,1744654776.4895415,1744654776.490054,1744654776.495098,1744654776.4999158,1744654776.500302,0.00498509407043457,0.0003871917724609375,0.027975082397460938,0.033347368240356445,0.009861946105957031,0.00038623809814453125,-0.005203962326049805,0.005044221878051758,0.04058051109313965
376,1744654776.52833,1744654776.5333152,1744654776.5337024,1744654776.5616775,1744654776.562203,1744654776.5689106,1744654776.590218,1744654776.5908072,0.012535333633422852,0.0005879402160644531,0.00930023193359375,0.022423505783081055,0.02801513671875,0.0005891323089599609,-0.0218966007232666,0.006707668304443359,0.024954557418823242
379,1744654776.5786202,1744654776.5911555,1744654776.5917435,1744654776.6010437,1744654776.6022623,1744654776.6035748,1744654776.6071508,1744654776.6076756,0.008043527603149414,0.0001456737518310547,0.008799076080322266,0.016988277435302734,0.0048885345458984375,0.0005247592926025391,-0.004100799560546875,0.0013124942779541016,0.01865839958190918
380,1744654776.63739,1744654776.6454334,1744654776.645579,1744654776.6543782,1744654776.6545186,1744654776.6560483,1744654776.6592429,1744654776.6593692,0.006438732147216797,0.000339508056640625,0.002111196517944336,0.008889436721801758,0.004724264144897461,0.00012636184692382812,-0.003320932388305664,0.001529693603515625,0.009237527847290039
382,1744654776.6749043,1744654776.681343,1744654776.6816826,1744654776.6837938,1744654776.6838832,1744654776.6841419,1744654776.6862755,1744654776.686378,0.004044532775878906,0.00015473365783691406,0.0007417201995849609,0.004940986633300781,0.002392292022705078,0.00010251998901367188,-0.0022361278533935547,0.0002586841583251953,0.005408525466918945
384,1744654776.7613804,1744654776.765425,1744654776.7655797,1744654776.7663214,1744654776.766406,1744654776.766789,1744654776.768555,1744654776.768685,0.003513813018798828,0.00011563301086425781,0.0042972564697265625,0.007926702499389648,0.002148866653442383,0.00013017654418945312,-0.0018961429595947266,0.0003829002380371094,0.008878231048583984
385,1744654776.9199638,1744654776.9234776,1744654776.9235933,1744654776.9278905,1744654776.928113,1744654776.928842,1744654776.9312346,1744654776.9313323,0.0025854110717773438,0.00011873245239257812,0.006015300750732422,0.008719444274902344,0.003121614456176758,9.775161743164062e-05,-0.0024902820587158203,0.0007290840148925781,0.0149688720703125
386,1744654776.9388554,1744654776.9414408,1744654776.9415596,1744654776.9475749,1744654776.9481132,1744654776.9538243,1744654776.9599128,1744654776.9600132,0.002409696578979492,0.00015974044799804688,0.0017762184143066406,0.00434565544128418,0.01179957389831543,0.00010037422180175781,-0.006188869476318359,0.005711078643798828,0.004639625549316406
387,1744654777.045563,1744654777.0479727,1744654777.0481324,1744654777.0499086,1744654777.0499828,1744654777.0502026,1744654777.05233,1744654777.0524647,0.0024750232696533203,0.0005192756652832031,0.0009047985076904297,0.003899097442626953,0.002347230911254883,0.0001347064971923828,-0.002262115478515625,0.00021982192993164062,0.004378557205200195
388,1744654777.0762177,1744654777.0786927,1744654777.079212,1744654777.0801167,1744654777.0802147,1744654777.0805962,1744654777.0824482,1744654777.0828633,0.005998134613037109,0.0005891323089599609,0.010507345199584961,0.01709461212158203,0.0022335052490234375,0.0004150867462158203,-0.002267122268676758,0.0003814697265625,0.018497228622436523
389,1744654777.1532288,1744654777.159227,1744654777.159816,1744654777.1703234,1744654777.1707222,1744654777.171726,1744654777.1746895,1744654777.1751823,0.0061185359954833984,0.00011444091796875,0.007014036178588867,0.013247013092041016,0.00396728515625,0.0004928112030029297,-0.0034563541412353516,0.0010037422180175781,0.01754474639892578
391,1744654777.364781,1744654777.3708994,1744654777.3710139,1744654777.378028,1744654777.3794537,1744654777.3823256,1744654777.387312,1744654777.3874176,0.004940509796142578,0.00012421607971191406,0.009309768676757812,0.014374494552612305,0.0078582763671875,0.00010561943054199219,-0.00509190559387207,0.002871990203857422,0.02078866958618164
392,,,,,1744654777.7066228,1744654777.709619,1744654777.7183979,1744654777.7185588,0.007638692855834961,0.0001823902130126953,0.01089787483215332,0.018718957901000977,0.011775016784667969,0.0001609325408935547,-0.008939743041992188,0.002996206283569336,0.021526336669921875
393,,,,,1744654777.9712656,1744654777.97457,1744654777.982857,1744654777.9830234,0.009790420532226562,0.0004696846008300781,0.030815601348876953,0.041075706481933594,0.011591434478759766,0.00016641616821289062,-0.008453369140625,0.0033044815063476562,0.04715299606323242
394,,,,,1744654777.9933002,1744654778.0007322,1744654778.0113707,1744654778.0122385,0.01322317123413086,0.0004684925079345703,0.04222583770751953,0.05591750144958496,0.018070459365844727,0.0008678436279296875,-0.011506319046020508,0.007431983947753906,0.06046271324157715
395,,,,,1744654778.0025108,1744654778.0074918,1744654778.013097,1744654778.0139515,0.009652853012084961,0.0004954338073730469,0.0057985782623291016,0.01594686508178711,0.010586261749267578,0.0008544921875,-0.006459712982177734,0.004981040954589844,0.022928953170776367
396,1744654778.033236,1744654778.0381765,1744654778.0383008,1744654778.0476105,1744654778.0493114,1744654778.0540247,1744654778.0582101,1744654778.0583227,0.010575294494628906,0.00012111663818359375,0.009091615676879883,0.019788026809692383,0.008898735046386719,0.0001125335693359375,-0.004297971725463867,0.004713296890258789,0.027600526809692383
397,1744654778.1538284,1744654778.161467,1744654778.1616495,1744654778.1725473,1744654778.172933,1744654778.1753547,1744654778.1788955,1744654778.1790252,0.004571437835693359,0.0003921985626220703,0.00593256950378418,0.01089620590209961,0.005962371826171875,0.00012969970703125,-0.0036704540252685547,0.0024216175079345703,0.01182699203491211
398,1744654778.1875439,1744654778.1973343,1744654778.197804,1744654778.2286196,1744654778.230882,1744654778.2346969,1744654778.2436433,1744654778.244076,0.001917123794555664,0.0005490779876708984,0.0008676052093505859,0.0033338069915771484,0.012761354446411133,0.00043272972106933594,-0.009379148483276367,0.0038149356842041016,0.0038061141967773438
399,1744654778.2162933,1744654778.2295165,1744654778.229985,1744654778.2722108,1744654778.2743,1744654778.276756,1744654778.2850466,1744654778.2856333,0.007271766662597656,0.00042176246643066406,0.021703004837036133,0.029396533966064453,0.010746479034423828,0.0005867481231689453,-0.008877277374267578,0.0024559497833251953,0.03780055046081543
403,1744654778.3664603,1744654778.3761132,1744654778.3766086,1744654778.3824072,1744654778.3838286,1744654778.3893893,1744654778.3934312,1744654778.3940332,0.010410308837890625,0.0004563331604003906,0.013606071472167969,0.024472713470458984,0.009602546691894531,0.0006020069122314453,-0.004643917083740234,0.005560636520385742,0.03367352485656738
404,1744654778.3947458,1744654778.4053211,1744654778.4054422,1744654778.4145339,1744654778.4160829,1744654778.4223464,1744654778.4300532,1744654778.4301755,0.008409500122070312,0.00010180473327636719,0.005233049392700195,0.013744354248046875,0.013970375061035156,0.00012230873107910156,-0.00782918930053711,0.0062634944915771484,0.021247386932373047
405,1744654778.4416323,1744654778.4462037,1744654778.446596,1744654778.4525285,1744654778.4528215,1744654778.4534593,1744654778.4555655,1744654778.4559639,0.008759021759033203,0.00013065338134765625,0.006764650344848633,0.015654325485229492,0.002743959426879883,0.00039839744567871094,-0.002504587173461914,0.0006377696990966797,0.020130157470703125
406,1744654778.4892325,1744654778.4911497,1744654778.4916987,1744654778.4925663,1744654778.4926522,1744654778.4930387,1744654778.4950025,1744654778.4956152,0.010231971740722656,7.224082946777344e-05,0.013472557067871094,0.023776769638061523,0.002350330352783203,0.0006127357482910156,-0.002576589584350586,0.0003864765167236328,0.029254913330078125
407,1744654778.6561255,1744654778.6633973,1744654778.663819,1744654778.685522,1744654778.6868408,1744654778.693926,1744654778.7138283,1744654778.714342,0.00817418098449707,0.0004906654357910156,0.028106689453125,0.036771535873413086,0.026987552642822266,0.0005137920379638672,-0.0204160213470459,0.007085323333740234,0.04703021049499512
409,1744654778.7048838,1744654778.7152941,1744654778.7157505,1744654778.7293565,1744654778.7302966,1744654778.7385573,1744654778.7449164,1744654778.745366,0.0019350051879882812,0.0005025863647460938,0.002239227294921875,0.00467681884765625,0.014619827270507812,0.0004496574401855469,-0.006808757781982422,0.008260726928710938,0.005162954330444336
410,1744654778.8305628,1744654778.8389723,1744654778.8390741,1744654778.8443072,1744654778.8448935,1744654778.8518102,1744654778.8554854,1744654778.8555727,0.004761695861816406,0.00038623809814453125,0.0157015323638916,0.02084946632385254,0.010591983795166016,8.726119995117188e-05,-0.003762483596801758,0.00691676139831543,0.02653813362121582
411,1744654778.8782928,1744654778.8870518,1744654778.8871825,1744654778.8939471,1744654778.8945856,1744654778.898423,1744654778.9068675,1744654778.906979,0.008841753005981445,0.000484466552734375,0.010271549224853516,0.019597768783569336,0.01228189468383789,0.00011157989501953125,-0.008556127548217773,0.0038373470306396484,0.025353193283081055
412,1744654778.9007325,1744654778.9109645,1744654778.9110367,1744654778.9245093,1744654778.926924,1744654778.9299874,1744654778.9347727,1744654778.9348943,0.004967689514160156,0.0005104541778564453,0.007582426071166992,0.013060569763183594,0.007848739624023438,0.00012159347534179688,-0.004906892776489258,0.0030634403228759766,0.02146768569946289
413,1744654779.0111346,1744654779.0193088,1744654779.0197995,1744654779.0479062,1744654779.0502186,1744654779.0581648,1744654779.0631971,1744654779.0636759,0.004566192626953125,0.0003757476806640625,0.007242918014526367,0.012184858322143555,0.012978553771972656,0.0004787445068359375,-0.005511045455932617,0.007946252822875977,0.024971961975097656
416,1744654779.1114519,1744654779.1133869,1744654779.1138895,1744654779.1161287,1744654779.1162407,1744654779.1166148,1744654779.1184192,1744654779.1189873,0.0076029300689697266,0.0002498626708984375,0.010488510131835938,0.0183413028717041,0.0021784305572509766,0.0005681514739990234,-0.0023725032806396484,0.00037407875061035156,0.026757001876831055
417,1744654779.232673,1744654779.2374346,1744654779.2378209,1744654779.2535224,1744654779.2546606,1744654779.259211,1744654779.2638767,1744654779.2642956,0.004738807678222656,0.0005452632904052734,0.0066051483154296875,0.011889219284057617,0.009216070175170898,0.0004189014434814453,-0.005084514617919922,0.004550457000732422,0.015332698822021484
419,1744654779.281391,1744654779.2902327,1744654779.2907171,1744654779.3009887,1744654779.301417,1744654779.306744,1744654779.3114848,1744654779.3119256,0.011585712432861328,0.00014352798461914062,0.008808135986328125,0.020537376403808594,0.01006770133972168,0.00044083595275878906,-0.005181550979614258,0.005326986312866211,0.0327305793762207
420,1744654779.3711667,1744654779.3761344,1744654779.3766448,1744654779.3842273,1744654779.385814,1744654779.3926344,1744654779.397896,1744654779.3983884,0.012780189514160156,0.00011944770812988281,0.01002359390258789,0.02292323112487793,0.012082099914550781,0.0004923343658447266,-0.005753993988037109,0.0068204402923583984,0.030477046966552734
421,1744654779.409249,1744654779.4138153,1744654779.414191,1744654779.421434,1744654779.4233432,1744654779.434221,1744654779.4421496,1744654779.442541,0.010902643203735352,9.894371032714844e-05,0.012015581130981445,0.023017168045043945,0.01880645751953125,0.00039124488830566406,-0.008319854736328125,0.010877847671508789,0.030501127243041992
422,1744654779.435385,1744654779.442988,1744654779.4432378,1744654779.4537263,1744654779.4562697,1744654779.462142,1744654779.4666977,1744654779.4667914,0.012453079223632812,0.0004684925079345703,0.012085437774658203,0.025007009506225586,0.01042795181274414,9.369850158691406e-05,-0.00464940071105957,0.005872249603271484,0.02897047996520996
423,1744654779.4705577,1744654779.4752965,1744654779.4758418,1744654779.482447,1744654779.482856,1744654779.4858904,1744654779.4956574,1744654779.4961278,0.011329889297485352,0.0006582736968994141,0.0017766952514648438,0.01376485824584961,0.012801408767700195,0.0004703998565673828,-0.010237455368041992,0.003034353256225586,0.02040863037109375
424,1744654779.5921564,1744654779.6037421,1744654779.6038857,1744654779.6126938,1744654779.614094,1744654779.624887,1744654779.6294334,1744654779.6295555,0.010602951049804688,0.0004572868347167969,0.007784605026245117,0.0188448429107666,0.015339374542236328,0.0001220703125,-0.004668474197387695,0.010792970657348633,0.021400928497314453
425,1744654779.666775,1744654779.6795552,1744654779.6796746,1744654779.6896982,1744654779.6918902,1744654779.697252,1744654779.703023,1744654779.7031627,0.01429438591003418,0.00010228157043457031,0.01697683334350586,0.03137350082397461,0.01113271713256836,0.00013971328735351562,-0.005910634994506836,0.005361795425415039,0.0386350154876709
426,1744654779.7020211,1744654779.7129238,1744654779.7130227,1744654779.7250383,1744654779.7286022,1744654779.7325222,1744654779.7402837,1744654779.74046,0.0050046443939208984,0.00042438507080078125,0.010807275772094727,0.016236305236816406,0.011681556701660156,0.0001761913299560547,-0.00793766975402832,0.003920078277587891,0.02053213119506836
427,1744654779.786459,1744654779.798912,1744654779.7993805,1744654779.811466,1744654779.8117514,1744654779.8154294,1744654779.818433,1744654779.8191032,0.0261538028717041,0.0005147457122802734,0.005823612213134766,0.03249216079711914,0.006681680679321289,0.0006701946258544922,-0.0036737918853759766,0.0036780834197998047,0.04270315170288086
428,1744654779.8428025,1744654779.8541324,1744654779.8547907,1744654779.8565674,1744654779.8569045,1744654779.8632112,1744654779.8770647,1744654779.8776388,0.007901191711425781,0.00015163421630859375,0.003375530242919922,0.011428356170654297,0.020160198211669922,0.0005741119384765625,-0.014427661895751953,0.006306648254394531,0.017702817916870117
429,1744654779.8689508,1744654779.8795538,1744654779.880011,1744654779.8877957,1744654779.888987,1744654779.8903518,1744654779.8945408,1744654779.895063,0.006511688232421875,0.0005388259887695312,0.006437540054321289,0.013488054275512695,0.005553722381591797,0.0005221366882324219,-0.004711151123046875,0.0013647079467773438,0.02108025550842285
430,1744654779.9503565,1744654779.9646509,1744654779.9647532,1744654779.98173,1744654779.982995,1744654779.9889915,1744654779.994147,1744654779.9942534,0.005248546600341797,0.0005571842193603516,0.004942178726196289,0.010747909545898438,0.011152029037475586,0.00010633468627929688,-0.005261898040771484,0.0059964656829833984,0.01468801498413086
432,1744654779.995926,1744654780.0009305,1744654780.001355,1744654780.0121622,1744654780.0125349,1744654780.016458,1744654780.0217776,1744654780.0222192,0.010254859924316406,0.0005598068237304688,0.009823322296142578,0.020637989044189453,0.009242773056030273,0.00044155120849609375,-0.005761146545410156,0.003923177719116211,0.028283357620239258
433,1744654780.102817,1744654780.1289709,1744654780.1294856,1744654780.1353092,1744654780.1383312,1744654780.1455202,1744654780.1508014,1744654780.151236,0.009129524230957031,0.0006248950958251953,0.01532292366027832,0.025077342987060547,0.012470245361328125,0.00043463706970214844,-0.005715847015380859,0.007189035415649414,0.032033443450927734
436,1744654780.2259588,1744654780.23386,1744654780.2340117,1744654780.2373872,1744654780.238177,1744654780.2436616,1744654780.2507281,1744654780.2508364,0.009144783020019531,0.0007548332214355469,0.021228551864624023,0.0311281681060791,0.012551069259643555,0.00010824203491210938,-0.00717473030090332,0.005484580993652344,0.03798699378967285
437,1744654780.3358548,1744654780.3423665,1744654780.3429053,1744654780.3493428,1744654780.3502994,1744654780.356935,1744654780.3608124,1744654780.361472,0.007018566131591797,0.0004410743713378906,0.02246570587158203,0.02992534637451172,0.010513067245483398,0.0006594657897949219,-0.004536867141723633,0.0066356658935546875,0.037723541259765625
438,1744654780.3909159,1744654780.3961644,1744654780.3967216,1744654780.4016638,1744654780.402374,1744654780.405604,1744654780.4131734,1744654780.4136229,0.0065822601318359375,0.0005033016204833984,0.005621194839477539,0.012706756591796875,0.010799407958984375,0.0004494190216064453,-0.008018970489501953,0.003229856491088867,0.019623279571533203
439,1744654780.4576676,1744654780.4679224,1744654780.4684823,1744654780.4783056,1744654780.4790034,1744654780.485951,1744654780.4889736,1744654780.489593,0.009702444076538086,0.0005247592926025391,0.00644373893737793,0.016670942306518555,0.00997018814086914,0.0006194114685058594,-0.0036420822143554688,0.006947517395019531,0.021645307540893555
440,1744654780.4994617,1744654780.5085912,1744654780.509216,1744654780.524539,1744654780.525725,1744654780.531495,1744654780.53534,1744654780.5360448,0.00750422477722168,0.0004918575286865234,0.014396429061889648,0.02239251136779785,0.009615182876586914,0.0007047653198242188,-0.004549741744995117,0.005770206451416016,0.025222301483154297
441,1744654780.5884085,1744654780.5975533,1744654780.598308,1744654780.6195366,1744654780.6205318,1744654780.6263955,1744654780.6343565,1744654780.6351578,0.005660295486450195,9.72747802734375e-05,0.007188081741333008,0.01294565200805664,0.013824701309204102,0.0008013248443603516,-0.008762359619140625,0.005863666534423828,0.02029728889465332
443,1744654780.6614373,1744654780.6684558,1744654780.668897,1744654780.6913626,1744654780.6924763,1744654780.6991608,1744654780.7123168,1744654780.7129083,0.006701231002807617,0.00036406517028808594,0.006359577178955078,0.013424873352050781,0.019840478897094727,0.0005915164947509766,-0.013747453689575195,0.006684541702270508,0.016793489456176758
445,1744654780.7078443,1744654780.7144265,1744654780.7149298,1744654780.720551,1744654780.72207,1744654780.7274675,1744654780.735494,1744654780.736054,0.024338483810424805,0.0004222393035888672,0.013086318969726562,0.037847042083740234,0.013423919677734375,0.0005600452423095703,-0.008586406707763672,0.0053975582122802734,0.04135847091674805
446,1744654780.730866,1744654780.7405684,1744654780.7410932,1744654780.747537,1744654780.7484357,1744654780.7525113,1744654780.7556047,1744654780.75616,0.0055959224700927734,0.0001468658447265625,0.009561538696289062,0.015304327011108398,0.007169008255004883,0.0005552768707275391,-0.0036487579345703125,0.004075527191162109,0.0192718505859375
447,1744654780.7720933,1744654780.7795975,1744654780.7800894,1744654780.7944858,1744654780.795208,1744654780.7973156,1744654780.8027127,1744654780.8031697,0.006548166275024414,0.0004012584686279297,0.007322072982788086,0.01427149772644043,0.007504701614379883,0.0004570484161376953,-0.005854129791259766,0.0021076202392578125,0.019834518432617188
449,1744654780.8143077,1744654780.819968,1744654780.8200653,1744654780.8272533,1744654780.8282971,1744654780.834605,1744654780.843075,1744654780.8431783,0.003951549530029297,8.797645568847656e-05,0.003529071807861328,0.0075685977935791016,0.014777898788452148,0.00010323524475097656,-0.008573293685913086,0.006307840347290039,0.01627349853515625
450,1744654780.8481762,1744654780.8548775,1744654780.8552415,1744654780.861601,1744654780.863195,1744654780.8649697,1744654780.8697584,1744654780.8701088,0.006630420684814453,0.0005192756652832031,0.0065495967864990234,0.01369929313659668,0.006563425064086914,0.0003504753112792969,-0.00513911247253418,0.0017747879028320312,0.019692182540893555
451,1744654780.9688494,1744654780.993188,1744654780.9936101,1744654781.0066965,1744654781.0072424,1744654781.010208,1744654781.016809,1744654781.0172124,0.007790803909301758,8.7738037109375e-05,0.01291799545288086,0.020796537399291992,0.009566545486450195,0.00040340423583984375,-0.007004499435424805,0.0029654502868652344,0.026684284210205078
454,1744654781.0425153,1744654781.0481112,1744654781.048258,1744654781.0578196,1744654781.0588624,1744654781.0617871,1744654781.0669303,1744654781.0670269,0.006868124008178711,0.00041747093200683594,0.010920047760009766,0.018205642700195312,0.008067846298217773,9.655952453613281e-05,-0.005239725112915039,0.002924680709838867,0.021390676498413086
455,1744654781.085256,1744654781.0918043,1744654781.0922055,1744654781.0995276,1744654781.1007698,1744654781.1050906,1744654781.1081905,1744654781.1086013,0.011959075927734375,0.0004329681396484375,0.007027387619018555,0.019419431686401367,0.007420778274536133,0.0004107952117919922,-0.003510713577270508,0.004320859909057617,0.023453474044799805
456,1744654781.1289017,1744654781.1328533,1744654781.1329412,1744654781.1364703,1744654781.1378381,1744654781.1451752,1744654781.1484938,1744654781.1485949,0.0077283382415771484,0.0001087188720703125,0.0038869380950927734,0.011723995208740234,0.010655641555786133,0.0001010894775390625,-0.003419637680053711,0.007337093353271484,0.015789031982421875
457,1744654781.2357352,1744654781.2423656,1744654781.2428849,1744654781.2494345,1744654781.2505817,1744654781.2554274,1744654781.258962,1744654781.2594333,0.004650592803955078,0.00047588348388671875,0.006300926208496094,0.01142740249633789,0.00838017463684082,0.00047135353088378906,-0.004005908966064453,0.004845619201660156,0.017528533935546875
458,1744654781.308799,1744654781.3165898,1744654781.3166776,1744654781.3295956,1744654781.3305628,1744654781.3354833,1744654781.3425894,1744654781.3427227,0.0037910938262939453,0.00013065338134765625,0.0018384456634521484,0.00576019287109375,0.012026548385620117,0.00013327598571777344,-0.007239341735839844,0.004920482635498047,0.008940696716308594
460,1744654781.3817167,1744654781.3885849,1744654781.3890023,1744654781.3999224,1744654781.400196,1744654781.4031074,1744654781.4151206,1744654781.415534,0.005552530288696289,0.00010275840759277344,0.015340089797973633,0.020995378494262695,0.01492452621459961,0.0004134178161621094,-0.012426614761352539,0.0029113292694091797,0.027835607528686523
461,1744654781.405209,1744654781.4171681,1744654781.417601,1744654781.4246285,1744654781.4255917,1744654781.4286625,1744654781.4343214,1744654781.4347725,0.007459163665771484,0.0005183219909667969,0.003408670425415039,0.01138615608215332,0.008729696273803711,0.00045108795166015625,-0.006109952926635742,0.003070831298828125,0.013504981994628906
462,1744654781.5096674,1744654781.5173957,1744654781.5175045,1744654781.5213914,1744654781.522363,1744654781.5254564,1744654781.5288785,1744654781.528991,0.00893259048461914,0.00045871734619140625,0.00994253158569336,0.019333839416503906,0.0065155029296875,0.0001125335693359375,-0.003534555435180664,0.0030934810638427734,0.02214503288269043
463,1744654781.545267,1744654781.5499177,1744654781.5503936,1744654781.5566945,1744654781.5581226,1744654781.5627956,1744654781.5671782,1744654781.5676534,0.01178288459777832,0.0006542205810546875,0.0074231624603271484,0.019860267639160156,0.009055614471435547,0.00047516822814941406,-0.004857778549194336,0.004673004150390625,0.02386021614074707
464,1744654781.6737354,1744654781.6775265,1744654781.6776571,1744654781.6794956,1744654781.679795,1744654781.682676,1744654781.687482,1744654781.6875858,0.009185075759887695,0.00038313865661621094,0.016489267349243164,0.02605748176574707,0.007687091827392578,0.00010371208190917969,-0.0049097537994384766,0.0028810501098632812,0.03052687644958496
465,1744654781.768411,1744654781.7739635,1744654781.7740662,1744654781.7894063,1744654781.7924457,1744654781.7962465,1744654781.8033533,1744654781.803454,0.008113384246826172,0.00011324882507324219,0.026589393615722656,0.03481602668762207,0.010907649993896484,0.00010061264038085938,-0.007207393646240234,0.0038008689880371094,0.03941202163696289
467,1744654781.8319209,1744654781.83938,1744654781.8398983,1744654781.843307,1744654781.8438423,1744654781.8454258,1744654781.848073,1744654781.848563,0.005979776382446289,0.0004496574401855469,0.014488458633422852,0.020917892456054688,0.0042307376861572266,0.0004899501800537109,-0.0031371116638183594,0.0015835762023925781,0.023820161819458008
468,1744654781.884476,1744654781.8934085,1744654781.8938673,1744654781.9038098,1744654781.9044712,1744654781.906621,1744654781.9115283,1744654781.9119773,0.007035732269287109,0.0005137920379638672,0.004462718963623047,0.012012243270874023,0.00705718994140625,0.0004489421844482422,-0.005356311798095703,0.002149820327758789,0.018543481826782227
469,1744654782.0399551,1744654782.051738,1744654782.0523922,1744654782.0598154,1744654782.0604298,1744654782.0638154,1744654782.071861,1744654782.0724022,0.007234096527099609,0.000446319580078125,0.008377552032470703,0.016057968139648438,0.011431217193603516,0.0005412101745605469,-0.008586883544921875,0.0033855438232421875,0.022065401077270508
470,1744654782.100648,1744654782.109833,1744654782.1102161,1744654782.1267054,1744654782.1273985,1744654782.1311748,1744654782.1369832,1744654782.13747,0.009095907211303711,0.000957489013671875,0.0055348873138427734,0.01558828353881836,0.009584665298461914,0.0004868507385253906,-0.006295204162597656,0.0037763118743896484,0.019809246063232422
472,1744654782.14446,1744654782.1525733,1744654782.1526866,1744654782.179276,1744654782.1796184,1744654782.183872,1744654782.1875887,1744654782.187689,0.004232883453369141,0.00040650367736816406,0.005632877349853516,0.01027226448059082,0.007970333099365234,0.00010037422180175781,-0.0038170814514160156,0.0042536258697509766,0.015057563781738281
473,1744654782.269351,1744654782.2753308,1744654782.2757804,1744654782.290269,1744654782.2920275,1744654782.2931712,1744654782.298173,1744654782.2986035,0.010256290435791016,0.00011873245239257812,0.011482000350952148,0.021857023239135742,0.006145477294921875,0.0004305839538574219,-0.0054323673248291016,0.0011436939239501953,0.03190946578979492
475,1744654782.3289282,1744654782.335964,1744654782.3364778,1744654782.3409405,1744654782.343277,1744654782.3474717,1744654782.3518224,1744654782.3522928,0.007619142532348633,0.0005064010620117188,0.006791353225708008,0.01491689682006836,0.008545398712158203,0.0004703998565673828,-0.004821062088012695,0.004194736480712891,0.023283004760742188
476,1744654782.3908167,1744654782.3980508,1744654782.398497,1744654782.4068747,1744654782.4076374,1744654782.412882,1744654782.4229143,1744654782.4232862,0.008403539657592773,0.0004363059997558594,0.008886098861694336,0.01772594451904297,0.015276908874511719,0.0003719329833984375,-0.010404109954833984,0.005244731903076172,0.023470163345336914
477,1744654782.4152164,1744654782.4243124,1744654782.4252698,1744654782.4308047,1744654782.4318016,1744654782.4350257,1744654782.4379017,1744654782.4383662,0.007575511932373047,0.00011849403381347656,0.006038665771484375,0.013732671737670898,0.006100177764892578,0.00046443939208984375,-0.003340482711791992,0.0032241344451904297,0.019202709197998047
478,1744654782.4745743,1744654782.4788072,1744654782.4792137,1744654782.4848466,1744654782.4857333,1744654782.489632,1744654782.4983623,1744654782.498799,0.006829977035522461,0.0004088878631591797,0.001928567886352539,0.00916743278503418,0.012629032135009766,0.0004367828369140625,-0.009167194366455078,0.00389862060546875,0.01633453369140625
479,1744654782.491249,1744654782.5015054,1744654782.501624,1744654782.513106,1744654782.5154734,1744654782.5231586,1744654782.5284677,1744654782.528598,0.004958391189575195,0.00012755393981933594,0.00449824333190918,0.009584188461303711,0.01299428939819336,0.0001304149627685547,-0.0054395198822021484,0.007685184478759766,0.019093036651611328
480,1744654782.5424995,1744654782.5501187,1744654782.550625,1744654782.5574164,1744654782.5599945,1744654782.5657825,1744654782.5728848,1744654782.5733879,0.013984918594360352,8.845329284667969e-05,0.0074541568756103516,0.021527528762817383,0.012890338897705078,0.0005030632019042969,-0.007605314254760742,0.005788087844848633,0.026781558990478516
481,1744654782.5887375,1744654782.597141,1744654782.5975773,1744654782.6064634,1744654782.6084924,1744654782.6122077,1744654782.6195216,1744654782.6199424,0.009552240371704102,0.00047588348388671875,0.010134696960449219,0.02016282081604004,0.011029243469238281,0.0004208087921142578,-0.007734775543212891,0.0037152767181396484,0.025292396545410156
482,1744654782.7947817,1744654782.8023572,1744654782.8024757,1744654782.8085144,1744654782.8092391,1744654782.8139844,1744654782.8180003,1744654782.8181248,0.004664182662963867,0.0004553794860839844,0.003901958465576172,0.009021520614624023,0.008761167526245117,0.00012445449829101562,-0.004140377044677734,0.0047452449798583984,0.015911340713500977
483,1744654782.849896,1744654782.856726,1744654782.8571348,1744654782.8590634,1744654782.8606064,1744654782.8662305,1744654782.8707604,1744654782.8712249,0.012798309326171875,0.00010395050048828125,0.007122039794921875,0.02002429962158203,0.010154008865356445,0.00046443939208984375,-0.004994392395019531,0.005624055862426758,0.02582526206970215
484,1744654782.931401,1744654782.9363594,1744654782.936487,1744654782.9409852,1744654782.9421961,1744654782.950494,1744654782.9674923,1744654782.9676135,0.004491567611694336,0.00042128562927246094,0.0042951107025146484,0.009207963943481445,0.02529621124267578,0.00012111663818359375,-0.017119407653808594,0.008297920227050781,0.01665019989013672
485,1744654782.9551492,1744654782.969134,1744654782.9692225,1744654782.9766767,1744654782.9779258,1744654782.9819307,1744654782.9862063,1744654782.986325,0.01426553726196289,0.0004892349243164062,0.006931304931640625,0.021686077117919922,0.008280515670776367,0.00011873245239257812,-0.0043942928314208984,0.004004955291748047,0.025597572326660156
486,1744654783.0434005,1744654783.0529528,1744654783.0534286,1744654783.0635633,1744654783.066056,1744654783.068693,1744654783.075234,1744654783.0757217,0.003484964370727539,0.00038433074951171875,0.009419918060302734,0.013289213180541992,0.009177923202514648,0.0004878044128417969,-0.007028818130493164,0.0026369094848632812,0.014480352401733398
487,1744654783.0855074,1744654783.0901716,1744654783.090627,1744654783.094529,1744654783.096349,1744654783.1014187,1744654783.1058364,1744654783.1063337,0.0042493343353271484,0.0005152225494384766,0.008708000183105469,0.013472557067871094,0.009487390518188477,0.0004973411560058594,-0.004914999008178711,0.005069732666015625,0.021743059158325195
488,1744654783.1113532,1744654783.1241515,1744654783.1242554,1744654783.1313775,1744654783.1339908,1744654783.1371784,1744654783.1398208,1744654783.1399357,0.00811004638671875,9.489059448242188e-05,0.025086402893066406,0.03329133987426758,0.005830049514770508,0.00011491775512695312,-0.0027573108673095703,0.0031876564025878906,0.03966212272644043
489,1744654783.1548681,1744654783.1593597,1744654783.159781,1744654783.164076,1744654783.1659195,1744654783.1715183,1744654783.174702,1744654783.1750941,0.0076198577880859375,0.0005300045013427734,0.011474609375,0.01962447166442871,0.008782386779785156,0.0003921985626220703,-0.0035758018493652344,0.005598783493041992,0.02852153778076172
490,1744654783.1783726,1744654783.1926382,1744654783.1931274,1744654783.2000587,1744654783.2013295,1744654783.2039702,1744654783.2098577,1744654783.210514,0.006971597671508789,0.0004436969757080078,0.017518997192382812,0.02493429183959961,0.00852823257446289,0.0006563663482666016,-0.006543874740600586,0.0026407241821289062,0.03229999542236328
491,1744654783.2618513,1744654783.2653363,1744654783.2657206,1744654783.2751405,1744654783.275328,1744654783.2763317,1744654783.2805562,1744654783.280881,0.0038652420043945312,8.0108642578125e-05,0.026827096939086914,0.03077244758605957,0.005228281021118164,0.0003247261047363281,-0.004549264907836914,0.0010037422180175781,0.03456377983093262
492,1744654783.419092,1744654783.4233413,1744654783.4238565,1744654783.4325645,1744654783.4337137,1744654783.440835,1744654783.4480746,1744654783.4485445,0.006751060485839844,0.00011157989501953125,0.0054585933685302734,0.012321233749389648,0.014360904693603516,0.0004699230194091797,-0.007709503173828125,0.00712132453918457,0.019045591354370117
493,1744654783.4489398,1744654783.4570498,1744654783.4571447,1744654783.4822311,1744654783.483343,1744654783.488602,1744654783.4963634,1744654783.4964921,0.009603500366210938,0.0005686283111572266,0.010401248931884766,0.02057337760925293,0.013020515441894531,0.00012874603271484375,-0.00789022445678711,0.005259037017822266,0.023158788681030273
494,1744654783.5321195,1744654783.5397394,1744654783.5402694,1744654783.551744,1744654783.553239,1744654783.560641,1744654783.5646033,1744654783.5651996,0.006849527359008789,0.0004658699035644531,0.006340980529785156,0.013656377792358398,0.011364221572875977,0.0005962848663330078,-0.004558563232421875,0.007401943206787109,0.019636154174804688
495,1744654783.6002007,1744654783.6071723,1744654783.607616,1744654783.625135,1744654783.627026,1744654783.6325006,1744654783.6416755,1744654783.6420844,0.006319284439086914,0.0003447532653808594,0.03518223762512207,0.041846275329589844,0.014649391174316406,0.0004088878631591797,-0.009583711624145508,0.005474567413330078,0.05357527732849121
496,1744654783.621545,1744654783.6254103,1744654783.6254904,1744654783.6523175,1744654783.6540534,1744654783.6561089,1744654783.6598706,1744654783.659985,0.027988433837890625,0.00044608116149902344,0.02107405662536621,0.04950857162475586,0.0058171749114990234,0.00011444091796875,-0.003876209259033203,0.0020554065704345703,0.060327768325805664
498,1744654783.7738764,1744654783.7806275,1744654783.780739,1744654783.7861977,1744654783.7879992,1744654783.792922,1744654783.8047137,1744654783.8052568,0.005993843078613281,0.0003693103790283203,0.009395360946655273,0.015758514404296875,0.01671457290649414,0.0005431175231933594,-0.012334823608398438,0.0049228668212890625,0.018828153610229492
499,1744654783.7962358,1744654783.8058393,1744654783.806408,1744654783.8168092,1744654783.8178117,1744654783.8193946,1744654783.8231947,1744654783.8236897,0.005292415618896484,0.00010967254638671875,0.007355690002441406,0.01275777816772461,0.005383014678955078,0.0004949569702148438,-0.0042951107025146484,0.0015828609466552734,0.019602537155151367
500,1744654783.90247,1744654783.9093196,1744654783.9097855,1744654783.9161265,1744654783.917738,1744654783.9221063,1744654783.927611,1744654783.928039,0.008108854293823242,0.00011324882507324219,0.023700237274169922,0.031922340393066406,0.009873151779174805,0.0004279613494873047,-0.005932807922363281,0.004368305206298828,0.035739898681640625
501,1744654783.9889805,1744654783.9952998,1744654783.9956446,1744654784.0308268,1744654784.0346282,1744654784.0425558,1744654784.0507529,1744654784.0510995,0.013093948364257812,0.0006012916564941406,0.013710498809814453,0.027405738830566406,0.016124725341796875,0.0003466606140136719,-0.008543729782104492,0.007927656173706055,0.028316497802734375
502,1744654784.0190713,1744654784.0470598,1744654784.0475059,1744654784.06858,1744654784.071002,1744654784.079399,1744654784.0848846,1744654784.0853026,0.003455638885498047,0.0005223751068115234,0.005400657653808594,0.009378671646118164,0.013882637023925781,0.00041794776916503906,-0.005903482437133789,0.008397102355957031,0.01199483871459961
505,1744654784.1004837,1744654784.1064775,1744654784.1068468,1744654784.1162422,1744654784.1175728,1744654784.1193118,1744654784.1230283,1744654784.1234286,0.011311531066894531,0.0004432201385498047,0.0023424625396728516,0.014097213745117188,0.005455493927001953,0.00040030479431152344,-0.00411677360534668,0.0017390251159667969,0.014497995376586914
506,1744654784.1685903,1744654784.1738827,1744654784.1739924,1744654784.181348,1744654784.182507,1744654784.1881928,1744654784.2051737,1744654784.2053041,0.005143642425537109,0.0004730224609375,0.0021555423736572266,0.007772207260131836,0.02266669273376465,0.0001304149627685547,-0.01711130142211914,0.0056858062744140625,0.008170127868652344
507,1744654784.226566,1744654784.234675,1744654784.2347882,1744654784.2584884,1744654784.2594533,1744654784.262306,1744654784.2668834,1744654784.2669873,0.0066606998443603516,0.00045680999755859375,0.0048253536224365234,0.011942863464355469,0.007430076599121094,0.00010395050048828125,-0.00468134880065918,0.0028526782989501953,0.018651485443115234
508,1744654784.2429802,1744654784.2560742,1744654784.2566755,1744654784.270386,1744654784.2706957,1744654784.2712967,1744654784.2742505,1744654784.2746778,0.003573894500732422,0.0004968643188476562,0.0025522708892822266,0.006623029708862305,0.003554821014404297,0.00042724609375,-0.003381013870239258,0.0006010532379150391,0.015058279037475586
511,1744654784.3208601,1744654784.3243158,1744654784.3248382,1744654784.3302388,1744654784.3306859,1744654784.332855,1744654784.3350742,1744654784.3355815,0.015482187271118164,0.00043964385986328125,0.025656938552856445,0.04157876968383789,0.004388332366943359,0.000507354736328125,-0.0027265548706054688,0.0021691322326660156,0.049082279205322266
512,1744654784.374259,1744654784.3855705,1744654784.3860137,1744654784.3883562,1744654784.3885303,1744654784.388757,1744654784.3906946,1744654784.3911445,0.006476402282714844,0.00037479400634765625,0.006546497344970703,0.013397693634033203,0.0021643638610839844,0.00044989585876464844,-0.002387523651123047,0.00022673606872558594,0.021826744079589844
513,1744654784.4773111,1744654784.4824548,1744654784.4829278,1744654784.4850833,1744654784.4852223,1744654784.4854813,1744654784.4883482,1744654784.4887903,0.005167484283447266,0.00014925003051757812,0.010519742965698242,0.015836477279663086,0.003125905990600586,0.0004420280456542969,-0.003309011459350586,0.0002589225769042969,0.018741846084594727
514,1744654784.5428863,1744654784.549547,1744654784.5500038,1744654784.5548291,1744654784.5565693,1744654784.5615377,1744654784.5644093,1744654784.5648503,0.004853725433349609,9.131431579589844e-05,0.004889011383056641,0.009834051132202148,0.00783991813659668,0.0004410743713378906,-0.0033125877380371094,0.004968404769897461,0.011093854904174805
515,1744654784.8007464,1744654784.8043203,1744654784.8048172,1744654784.8073695,1744654784.808801,1744654784.8158047,1744654784.841716,1744654784.8422532,0.0059664249420166016,0.0005338191986083984,0.010387420654296875,0.016887664794921875,0.03291511535644531,0.0005371570587158203,-0.026448488235473633,0.0070037841796875,0.022214412689208984
516,1744654784.8282914,1744654784.8437736,1744654784.8442132,1744654784.8698702,1744654784.871424,1744654784.8773737,1744654784.8806198,1744654784.8810613,0.006392955780029297,0.0004360675811767578,0.029947757720947266,0.03677678108215332,0.009195804595947266,0.00044155120849609375,-0.003687620162963867,0.005949735641479492,0.04137849807739258
518,1744654784.881796,1744654784.8882723,1744654784.888647,1744654784.8951936,1744654784.8958187,1744654784.9036226,1744654784.9063725,1744654784.9067807,0.02361130714416504,0.0005154609680175781,0.04006624221801758,0.0641930103302002,0.010553836822509766,0.000408172607421875,-0.003158092498779297,0.007803916931152344,0.07158136367797852
519,1744654784.9428246,1744654784.947992,1744654784.9481413,1744654784.958661,1744654784.9595692,1744654784.9615664,1744654784.9649165,1744654784.9650252,0.007561683654785156,0.00042891502380371094,0.00979924201965332,0.017789840698242188,0.005347251892089844,0.0001087188720703125,-0.003458738327026367,0.001997232437133789,0.023380756378173828
520,1744654784.9828277,1744654784.9876814,1744654784.9877727,1744654784.9926617,1744654784.9929,1744654784.9939215,1744654784.9967377,1744654784.9968474,0.005640268325805664,0.0003802776336669922,0.005332231521606445,0.011352777481079102,0.0038378238677978516,0.00010967254638671875,-0.002925872802734375,0.0010216236114501953,0.019296884536743164
521,1744654785.0167944,1744654785.0227609,1744654785.0232947,1744654785.033682,1744654785.0343301,1744654785.0390089,1744654785.0576477,1744654785.0582187,0.009521722793579102,0.0004868507385253906,0.04464840888977051,0.054656982421875,0.023317575454711914,0.0005710124969482422,-0.019209861755371094,0.0046787261962890625,0.05977511405944824
522,1744654785.0630093,1744654785.0694022,1744654785.0698383,1744654785.099786,1744654785.1003113,1744654785.1043878,1744654785.1079247,1744654785.1083586,0.015259265899658203,0.00039267539978027344,0.0359647274017334,0.051616668701171875,0.007613420486450195,0.00043392181396484375,-0.0039708614349365234,0.004076480865478516,0.057259321212768555
525,1744654785.365184,1744654785.3887954,1744654785.3893108,1744654785.429377,1744654785.4307308,1744654785.4367654,1744654785.441709,1744654785.442185,0.009940624237060547,0.0004024505615234375,0.024837255477905273,0.03518033027648926,0.010978221893310547,0.00047588348388671875,-0.005419492721557617,0.0060346126556396484,0.04700827598571777
527,1744654785.6136973,1744654785.621259,1744654785.621688,1744654785.6314871,1744654785.6335814,1744654785.637078,1744654785.6405268,1744654785.6409814,0.003972768783569336,7.843971252441406e-05,0.005135536193847656,0.009186744689941406,0.006945371627807617,0.0004546642303466797,-0.0039033889770507812,0.0034966468811035156,0.014855623245239258
528,1744654785.6903448,1744654785.695985,1744654785.6963654,1744654785.7016976,1744654785.7033117,1744654785.7096417,1744654785.715368,1744654785.7157629,0.009598493576049805,0.0004570484161376953,0.00432133674621582,0.01437687873840332,0.012056350708007812,0.0003948211669921875,-0.006121158599853516,0.006330013275146484,0.019614219665527344
529,1744654785.7996132,1744654785.809135,1744654785.8096218,1744654785.8542702,1744654785.8546808,1744654785.8593884,1744654785.8699987,1744654785.8704402,0.02609992027282715,0.00044226646423339844,0.008975505828857422,0.03551769256591797,0.015317916870117188,0.00044155120849609375,-0.01105189323425293,0.0047075748443603516,0.04019880294799805
530,1744654785.827907,1744654785.8431664,1744654785.843559,1744654785.8795238,1744654785.8806765,1744654785.8851664,1744654785.895275,1744654785.895491,0.010314702987670898,0.0006396770477294922,0.012155294418334961,0.02310967445373535,0.014598608016967773,0.00021576881408691406,-0.010324478149414062,0.004489898681640625,0.026204586029052734
532,1744654785.8612947,1744654785.8712354,1744654785.8716378,1744654785.896475,1744654785.8969781,1744654785.908303,1744654785.916602,1744654785.9169755,0.01680731773376465,0.0004508495330810547,0.03889942169189453,0.056157588958740234,0.019623756408691406,0.00037360191345214844,-0.008672475814819336,0.011324882507324219,0.06685566902160645
535,1744654785.9228506,1744654785.9268234,1744654785.9269018,1744654785.9320374,1744654785.9338546,1744654785.9377062,1744654785.9512475,1744654785.951539,0.030278921127319336,0.00016260147094726562,0.021254539489746094,0.051696062088012695,0.017392873764038086,0.00029158592224121094,-0.013832807540893555,0.003851652145385742,0.05809950828552246
536,1744654785.9422634,1744654785.9518619,1744654785.952319,1744654785.9566402,1744654785.9587786,1744654785.9618776,1744654785.9651647,1744654785.9655223,0.011852025985717773,0.0004649162292480469,0.009654045104980469,0.02197098731994629,0.0063860416412353516,0.00035762786865234375,-0.003644704818725586,0.0030989646911621094,0.030980348587036133
537,1744654786.0210543,1744654786.0471542,1744654786.0475965,1744654786.056572,1744654786.0571256,1744654786.061253,1744654786.070434,1744654786.0710988,0.005130290985107422,0.0004506111145019531,0.005002737045288086,0.010583639144897461,0.013308525085449219,0.0006647109985351562,-0.009845733642578125,0.00412750244140625,0.02010488510131836
538,1744654786.039745,1744654786.0500598,1744654786.0506995,1744654786.0628548,1744654786.0632367,1744654786.0659497,1744654786.0715766,1744654786.0722907,0.010081768035888672,0.0004096031188964844,0.006298065185546875,0.01678943634033203,0.008339881896972656,0.0007140636444091797,-0.006340980529785156,0.0027129650115966797,0.023306846618652344
541,1744654786.3736553,1744654786.3904626,1744654786.3909135,1744654786.429813,1744654786.4302595,1744654786.440511,1744654786.4527452,1744654786.4531815,0.007750511169433594,0.000431060791015625,0.008317947387695312,0.01649951934814453,0.022485733032226562,0.0004363059997558594,-0.012670516967773438,0.010251522064208984,0.022092342376708984
543,1744654786.413115,1744654786.443394,1744654786.4435565,1744654786.464811,1744654786.4680984,1744654786.4712145,1744654786.4781299,1744654786.4782798,0.008122682571411133,0.0001480579376220703,0.013852596282958984,0.022123336791992188,0.010031461715698242,0.0001499652862548828,-0.007065296173095703,0.003116130828857422,0.02967548370361328
546,1744654786.5541217,1744654786.5659738,1744654786.5664387,1744654786.5760927,1744654786.576816,1744654786.585102,1744654786.5900996,1744654786.590522,0.009025335311889648,0.00033164024353027344,0.022695064544677734,0.032052040100097656,0.013283491134643555,0.00042247772216796875,-0.00541996955871582,0.008285999298095703,0.03644728660583496
547,1744654786.6025548,1744654786.607685,1744654786.6081357,1744654786.6131384,1744654786.6140218,1744654786.6226597,1744654786.6277642,1744654786.6282022,0.008937597274780273,0.0005190372467041016,0.009364128112792969,0.018820762634277344,0.013742446899414062,0.0004379749298095703,-0.0055425167083740234,0.00863790512084961,0.024507761001586914
548,1744654786.7061834,1744654786.7162652,1744654786.7166748,1744654786.7229729,1744654786.7251723,1744654786.7294903,1744654786.7371314,1744654786.7375247,0.036501169204711914,0.0005109310150146484,0.0327153205871582,0.06972742080688477,0.011959075927734375,0.0003933906555175781,-0.008034467697143555,0.0043179988861083984,0.07640957832336426
549,1744654786.7872767,1744654786.7950273,1744654786.7954583,1744654786.8037763,1744654786.8046393,1744654786.809369,1744654786.8198233,1744654786.8204002,0.019910573959350586,0.00010800361633300781,0.03299117088317871,0.053009748458862305,0.01518392562866211,0.0005769729614257812,-0.011031150817871094,0.004729747772216797,0.05924272537231445
550,1744654786.812626,1744654786.8207486,1744654786.8208966,1744654786.8347492,1744654786.837274,1744654786.8423014,1744654786.8494875,1744654786.8495939,0.0063059329986572266,0.0004134178161621094,0.008842229843139648,0.015561580657958984,0.012213468551635742,0.00010633468627929688,-0.007292509078979492,0.005027294158935547,0.01991128921508789
551,1744654786.8613398,1744654786.8703651,1744654786.8706968,1744654786.8933918,1744654786.8942518,1744654786.897787,1744654786.905506,1744654786.9057982,0.003809690475463867,0.0004477500915527344,0.028944969177246094,0.033202409744262695,0.011254072189331055,0.0002923011779785156,-0.008011102676391602,0.0035352706909179688,0.04028606414794922
553,1744654786.9971662,1744654787.0061038,1744654787.0066228,1744654787.015987,1744654787.0165973,1744654787.021674,1744654787.0325174,1744654787.0330398,0.009259223937988281,0.0004940032958984375,0.02564835548400879,0.03540158271789551,0.015920162200927734,0.0005223751068115234,-0.011365890502929688,0.00507664680480957,0.04275941848754883
554,1744654787.0458605,1744654787.0823617,1744654787.0828726,1744654787.115588,1744654787.116629,1744654787.12227,1744654787.130985,1744654787.1314642,0.008362293243408203,0.00046706199645996094,0.017321348190307617,0.02615070343017578,0.014356136322021484,0.0004792213439941406,-0.009194135665893555,0.00564122200012207,0.03448367118835449
557,1744654787.0814803,1744654787.1013908,1744654787.1014988,1744654787.13449,1744654787.13562,1744654787.140723,1744654787.1492176,1744654787.1493206,0.008950948715209961,0.0005195140838623047,0.008121252059936523,0.01759171485900879,0.013597488403320312,0.000102996826171875,-0.008597612380981445,0.005102872848510742,0.028563976287841797
560,1744654787.1450574,1744654787.1513634,1744654787.1517768,1744654787.160619,1744654787.1616628,1744654787.1649687,1744654787.1690433,1744654787.1694407,0.010280370712280273,0.00048041343688964844,0.021885395050048828,0.03264617919921875,0.007380485534667969,0.0003974437713623047,-0.004472017288208008,0.0033059120178222656,0.04355978965759277
561,1744654787.241858,1744654787.2456677,1744654787.2461154,1744654787.2750604,1744654787.27594,1744654787.282144,1744654787.2903228,1744654787.2907846,0.02137899398803711,0.00042819976806640625,0.005011320114135742,0.026818513870239258,0.01438283920288086,0.00046181678771972656,-0.008640527725219727,0.006204128265380859,0.02987217903137207
562,1744654787.2595465,1744654787.2688057,1744654787.2692997,1744654787.294948,1744654787.2974803,1744654787.302306,1744654787.3073218,1744654787.3078544,0.0037093162536621094,0.00040984153747558594,0.009267568588256836,0.013386726379394531,0.009841442108154297,0.0005326271057128906,-0.0055484771728515625,0.004825592041015625,0.020435333251953125
563,1744654787.2849426,1744654787.293305,1744654787.293772,1744654787.3110933,1744654787.3126302,1744654787.3194263,1744654787.3264601,1744654787.3269513,0.012285470962524414,0.0004875659942626953,0.01647663116455078,0.02924966812133789,0.013829946517944336,0.0004911422729492188,-0.007524967193603516,0.006796121597290039,0.03301835060119629
565,1744654787.349389,1744654787.35834,1744654787.3588595,1744654787.3669808,1744654787.3699787,1744654787.377953,1744654787.3875635,1744654787.388029,0.005015850067138672,0.0005249977111816406,0.012784481048583984,0.018325328826904297,0.017584800720214844,0.00046563148498535156,-0.010076045989990234,0.007974386215209961,0.024418354034423828
566,1744654787.3875945,1744654787.3978748,1744654787.3983552,1744654787.4202406,1744654787.4213204,1744654787.4311543,1744654787.436569,1744654787.4371526,0.008997201919555664,0.00019931793212890625,0.005880117416381836,0.015076637268066406,0.015248537063598633,0.000583648681640625,-0.005998373031616211,0.009833812713623047,0.026175737380981445
567,1744654787.414463,1744654787.435842,1744654787.4362702,1744654787.4412816,1744654787.4426632,1744654787.4443352,1744654787.4476466,1744654787.448074,0.006842613220214844,0.0006840229034423828,0.004605531692504883,0.01213216781616211,0.004983425140380859,0.00042748451232910156,-0.003738880157470703,0.0016720294952392578,0.0165860652923584
569,1744654787.5293446,1744654787.5330539,1744654787.5334637,1744654787.5427313,1744654787.5447683,1744654787.54978,1744654787.5556562,1744654787.5561988,0.00669407844543457,0.0005817413330078125,0.008191108703613281,0.015466928482055664,0.010887861251831055,0.0005426406860351562,-0.006418943405151367,0.005011558532714844,0.024411916732788086
570,1744654787.744953,1744654787.7572384,1744654787.757726,1744654787.7742026,1744654787.7753127,1744654787.7779713,1744654787.7827773,1744654787.7832057,0.007929563522338867,0.0003783702850341797,0.020999670028686523,0.02930760383605957,0.00746464729309082,0.0004284381866455078,-0.005234479904174805,0.0026586055755615234,0.03743863105773926
571,1744654787.8438942,1744654787.84891,1744654787.849435,1744654787.8622196,1744654787.8633196,1744654787.8683126,1744654787.879378,1744654787.8799696,0.005999326705932617,0.00045609474182128906,0.026549816131591797,0.0330052375793457,0.01605844497680664,0.0005915164947509766,-0.011656999588012695,0.004992961883544922,0.03923225402832031
572,1744654787.871202,1744654787.8801992,1744654787.8803985,1744654787.8862786,1744654787.888204,1744654787.8973777,1744654787.9017065,1744654787.9018486,0.00855398178100586,0.0005648136138916016,0.023765087127685547,0.03288388252258301,0.013502359390258789,0.00014209747314453125,-0.0044708251953125,0.00917363166809082,0.037134408950805664
573,1744654787.934904,1744654787.9417467,1744654787.9424307,1744654787.9470363,1744654787.9475226,1744654787.9514902,1744654787.9600272,1744654787.9605627,0.005223274230957031,0.00043392181396484375,0.010691642761230469,0.016348838806152344,0.01250457763671875,0.0005354881286621094,-0.009072542190551758,0.0039675235748291016,0.022357463836669922
574,1744654787.9549425,1744654787.9616365,1744654787.9622183,1744654787.9704094,1744654787.9722927,1744654787.9793544,1744654787.9830475,1744654787.9835114,0.005936384201049805,0.00037217140197753906,0.008936405181884766,0.01524496078491211,0.010754823684692383,0.0004639625549316406,-0.004157066345214844,0.00706171989440918,0.020607709884643555
575,1744654788.0890763,1744654788.0970058,1744654788.0973842,1744654788.118384,1744654788.1198435,1744654788.126515,1744654788.1308267,1744654788.1312523,0.008689403533935547,0.00042700767517089844,0.01634049415588379,0.025456905364990234,0.01098322868347168,0.00042557716369628906,-0.004737377166748047,0.006671428680419922,0.029945850372314453
577,1744654788.1508112,1744654788.1568105,1744654788.1572666,1744654788.1838164,1744654788.1859298,1744654788.1900434,1744654788.1957588,1744654788.1962824,0.002649545669555664,0.0004990100860595703,0.00652003288269043,0.009668588638305664,0.009829044342041016,0.0005235671997070312,-0.0062389373779296875,0.004113674163818359,0.016214609146118164
579,1744654788.3445995,1744654788.3531535,1744654788.3537183,1744654788.3774834,1744654788.3781528,1744654788.381734,1744654788.3887434,1744654788.3892577,0.0055084228515625,0.00038313865661621094,0.033840179443359375,0.039731740951538086,0.010590553283691406,0.0005142688751220703,-0.007523775100708008,0.0035810470581054688,0.05143332481384277
581,1744654788.4546628,1744654788.459886,1744654788.46032,1744654788.4710116,1744654788.471971,1744654788.4770203,1744654788.4818325,1744654788.4822729,0.014014482498168945,0.0004951953887939453,0.0323796272277832,0.046889305114746094,0.009861469268798828,0.00044035911560058594,-0.0052525997161865234,0.005049228668212891,0.061426639556884766
582,1744654788.4821992,1744654788.4881356,1744654788.4885077,1744654788.4974442,1744654788.4979584,1744654788.502807,1744654788.5074492,1744654788.5078342,0.014871835708618164,0.0004904270172119141,0.03333091735839844,0.048693180084228516,0.009490728378295898,0.00038504600524902344,-0.005027294158935547,0.004848480224609375,0.055341482162475586
583,1744654788.540619,1744654788.5493083,1744654788.5497353,1744654788.5660758,1744654788.567788,1744654788.5705647,1744654788.5775337,1744654788.5779266,0.007700681686401367,9.870529174804688e-05,0.015011787414550781,0.022811174392700195,0.00974583625793457,0.000392913818359375,-0.007361888885498047,0.0027768611907958984,0.029972076416015625
584,1744654788.5992026,1744654788.6018522,1744654788.6023512,1744654788.6088712,1744654788.6111805,1744654788.6154172,1744654788.618476,1744654788.6189473,0.0091094970703125,0.0004417896270751953,0.016519546508789062,0.026070833206176758,0.007295370101928711,0.00047135353088378906,-0.0035300254821777344,0.004236698150634766,0.033174753189086914
585,1744654788.6797724,1744654788.6852808,1744654788.685664,1744654788.719504,1744654788.720928,1744654788.7312057,1744654788.7382495,1744654788.738726,0.007401466369628906,0.00011396408081054688,0.006086111068725586,0.013601541519165039,0.01732158660888672,0.0004763603210449219,-0.007520198822021484,0.010277748107910156,0.0165712833404541
586,1744654788.7040348,1744654788.7180493,1744654788.7185445,1744654788.750924,1744654788.755059,1744654788.7654614,1744654788.7846766,1744654788.78514,0.007794857025146484,0.0004892349243164062,0.0048177242279052734,0.013101816177368164,0.0296175479888916,0.0004634857177734375,-0.019678592681884766,0.010402441024780273,0.018086671829223633
588,1744654788.7899244,1744654788.8047962,1744654788.8052866,1744654788.8386176,1744654788.8397772,1744654788.8452659,1744654788.8590035,1744654788.8593009,0.005861043930053711,0.0004115104675292969,0.005553722381591797,0.011826276779174805,0.0192263126373291,0.00029730796813964844,-0.01403498649597168,0.00548863410949707,0.02250194549560547
591,1744654788.8890111,1744654788.8967118,1744654788.8968105,1744654788.9118223,1744654788.9138885,1744654788.9189832,1744654788.9272957,1744654788.9274187,0.006922245025634766,0.0004923343658447266,0.0031862258911132812,0.010600805282592773,0.013407230377197266,0.00012302398681640625,-0.008435487747192383,0.005094766616821289,0.015188932418823242
592,1744654789.0470903,1744654789.0561998,1744654789.0566416,1744654789.0731611,1744654789.0753403,1744654789.080265,1744654789.0860431,1744654789.086477,0.004149675369262695,0.00035691261291503906,0.010012149810791016,0.01451873779296875,0.010702848434448242,0.00043392181396484375,-0.006211996078491211,0.004924774169921875,0.022436141967773438
594,1744654789.0900319,1744654789.0974333,1744654789.0975473,1744654789.1036334,1744654789.104459,1744654789.1066031,1744654789.1142979,1744654789.114458,0.007946014404296875,0.0005190372467041016,0.0086517333984375,0.017116785049438477,0.00983881950378418,0.00016021728515625,-0.007854938507080078,0.0021440982818603516,0.021455764770507812
595,1744654789.142059,1744654789.149854,1744654789.1503432,1744654789.155161,1744654789.156046,1744654789.1601458,1744654789.166512,1744654789.1671515,0.011193990707397461,0.0004150867462158203,0.03380179405212402,0.045410871505737305,0.01046609878540039,0.0006394386291503906,-0.0070056915283203125,0.004099845886230469,0.05378079414367676
596,1744654789.1711228,1744654789.1769838,1744654789.1773953,1744654789.182949,1744654789.1833677,1744654789.1936247,1744654789.2009885,1744654789.2014592,0.02846550941467285,0.00014209747314453125,0.018846750259399414,0.0474543571472168,0.01762080192565918,0.0004706382751464844,-0.007834434509277344,0.01025700569152832,0.056345462799072266
597,1744654789.2363453,1744654789.2432675,1744654789.2437599,1744654789.246946,1744654789.2488518,1744654789.2515342,1744654789.2572956,1744654789.257716,0.010629653930664062,0.0005080699920654297,0.037331342697143555,0.04846906661987305,0.008443832397460938,0.0004203319549560547,-0.0061817169189453125,0.0026824474334716797,0.059629201889038086
598,1744654789.3634605,1744654789.3676102,1744654789.3679671,1744654789.3779793,1744654789.379689,1744654789.3858967,1744654789.3922489,1744654789.3926196,0.004338264465332031,0.0003383159637451172,0.007122993469238281,0.01179957389831543,0.012559890747070312,0.0003707408905029297,-0.006722927093505859,0.006207704544067383,0.019659757614135742
599,1744654789.6044655,1744654789.6124115,1744654789.6129305,1744654789.6215823,1744654789.6223388,1744654789.6259212,1744654789.631136,1744654789.631641,0.005745410919189453,0.00045943260192871094,0.007150411605834961,0.013355255126953125,0.008797168731689453,0.0005049705505371094,-0.005719661712646484,0.003582477569580078,0.020192384719848633
600,1744654789.6683915,1744654789.6795855,1744654789.6800005,1744654789.7138023,1744654789.715304,1744654789.7221723,1744654789.73263,1744654789.7331173,0.00569605827331543,0.00039505958557128906,0.005628824234008789,0.011719942092895508,0.01732611656188965,0.00048732757568359375,-0.01094508171081543,0.0068683624267578125,0.015529394149780273
602,1744654789.7023656,1744654789.7308311,1744654789.7309732,1744654789.74982,1744654789.7516737,1744654789.758711,1744654789.773562,1744654789.773668,0.009539604187011719,0.0004019737243652344,0.029375791549682617,0.03931736946105957,0.021888256072998047,0.00010609626770019531,-0.014956951141357422,0.00703740119934082,0.04630613327026367
603,1744654789.731694,1744654789.7423236,1744654789.7428317,1744654789.780163,1744654789.7818096,1744654789.7913232,1744654789.7964168,1744654789.796882,0.016354084014892578,0.0009427070617675781,0.01645493507385254,0.033751726150512695,0.01460719108581543,0.00046515464782714844,-0.00555872917175293,0.009513616561889648,0.03733539581298828
605,1744654789.8564022,1744654789.8607404,1744654789.8610787,1744654789.8682017,1744654789.8699238,1744654789.876062,1744654789.8825111,1744654789.8829124,0.007095813751220703,0.0004341602325439453,0.0031576156616210938,0.010687589645385742,0.012587308883666992,0.0004012584686279297,-0.006850481033325195,0.0061380863189697266,0.014515399932861328
606,1744654789.8789344,1744654789.8846798,1744654789.8851392,1744654789.8922896,1744654789.8945305,1744654789.8991268,1744654789.902062,1744654789.9024746,0.006548404693603516,0.0005538463592529297,0.004075050354003906,0.011177301406860352,0.007531404495239258,0.0004127025604248047,-0.0033478736877441406,0.004596233367919922,0.01981067657470703
607,1744654789.9038541,1744654789.9095502,1744654789.9099452,1744654789.915574,1744654789.9160979,1744654789.9193835,1744654789.9234629,1744654789.9238553,0.017375707626342773,0.0005571842193603516,0.022845029830932617,0.04077792167663574,0.007364988327026367,0.0003924369812011719,-0.004471778869628906,0.003285646438598633,0.05220532417297363
608,1744654789.9455533,1744654789.955093,1744654789.9554949,1744654789.9848707,1744654789.98813,1744654789.9918594,1744654789.9990354,1744654789.9996247,0.005869626998901367,0.00044918060302734375,0.01653742790222168,0.02285623550415039,0.010905265808105469,0.0005893707275390625,-0.007765293121337891,0.0037293434143066406,0.029457569122314453
609,1744654789.981487,1744654789.9978411,1744654789.9987838,1744654790.0152388,1744654790.0156317,1744654790.0188224,1744654790.022741,1744654790.0232754,0.00642085075378418,0.0004372596740722656,0.011062383651733398,0.017920494079589844,0.007109403610229492,0.0005342960357666016,-0.004452943801879883,0.003190755844116211,0.026751279830932617
611,1744654790.0534036,1744654790.0604994,1744654790.0609336,1744654790.0640912,1744654790.0654397,1744654790.067919,1744654790.0717769,1744654790.072196,0.006422758102416992,0.0004601478576660156,0.0042498111724853516,0.01113271713256836,0.006337165832519531,0.0004191398620605469,-0.00427699089050293,0.0024793148040771484,0.015514135360717773
612,1744654790.1076682,1744654790.1142166,1744654790.1147704,1744654790.1188455,1744654790.1213233,1744654790.1274788,1744654790.1309767,1744654790.1314535,0.007313966751098633,0.00012111663818359375,0.003290414810180664,0.01072549819946289,0.009653329849243164,0.000476837158203125,-0.0039746761322021484,0.006155490875244141,0.01485586166381836
613,1744654790.161315,1744654790.1786907,1744654790.1792479,1744654790.202093,1744654790.2036765,1744654790.2135203,1744654790.2191713,1744654790.2198648,0.008048534393310547,0.00019431114196777344,0.0225827693939209,0.03082561492919922,0.015494823455810547,0.0006935596466064453,-0.00634455680847168,0.009843826293945312,0.03694605827331543
615,1744654790.2216556,1744654790.2275252,1744654790.2279744,1744654790.2445118,1744654790.245856,1744654790.2511132,1744654790.254731,1744654790.2553778,0.00975799560546875,0.0005242824554443359,0.0059392452239990234,0.01622152328491211,0.008874893188476562,0.0006468296051025391,-0.0042645931243896484,0.005257129669189453,0.022107601165771484
616,1744654790.3061495,1744654790.3125703,1744654790.3130076,1744654790.32407,1744654790.3250515,1744654790.3329008,1744654790.3375864,1744654790.3380115,0.004222869873046875,0.0004744529724121094,0.0037534236907958984,0.008450746536254883,0.012534856796264648,0.00042510032653808594,-0.005110740661621094,0.00784921646118164,0.013315439224243164
618,1744654790.412901,1744654790.4193237,1744654790.4197838,1744654790.4240336,1744654790.424491,1744654790.428415,1744654790.4324534,1744654790.4328349,0.0078046321868896484,0.0005924701690673828,0.020509958267211914,0.028907060623168945,0.007962465286254883,0.0003814697265625,-0.004419803619384766,0.003924131393432617,0.03501272201538086
619,1744654790.4386613,1744654790.4459753,1744654790.4460964,1744654790.4493868,1744654790.4514813,1744654790.4535172,1744654790.4559078,1744654790.456025,0.009021520614624023,0.00061798095703125,0.01247262954711914,0.022112131118774414,0.004426479339599609,0.00011706352233886719,-0.0025076866149902344,0.002035856246948242,0.028919696807861328
620,1744654790.4859982,1744654790.4940467,1744654790.494241,1744654790.5168238,1744654790.51863,1744654790.5229442,1744654790.528019,1744654790.5283163,0.0034303665161132812,0.0004353523254394531,0.003879547119140625,0.007745265960693359,0.009388923645019531,0.00029730796813964844,-0.005372047424316406,0.0043141841888427734,0.011664867401123047
622,1744654790.5310683,1744654790.5408263,1744654790.5413506,1744654790.5472898,1744654790.5475988,1744654790.553176,1744654790.556567,1744654790.5570168,0.009105682373046875,8.058547973632812e-05,0.021210432052612305,0.030396699905395508,0.008968114852905273,0.00044989585876464844,-0.003840923309326172,0.00557708740234375,0.034232378005981445
623,1744654790.618827,1744654790.62305,1744654790.6235244,1744654790.6272779,1744654790.6284804,1744654790.6321425,1744654790.6354377,1744654790.6359153,0.005831718444824219,0.0005917549133300781,0.004274129867553711,0.010697603225708008,0.006957292556762695,0.0004775524139404297,-0.003772735595703125,0.003662109375,0.014509439468383789
624,1744654790.7656026,1744654790.7734072,1744654790.7739997,1744654790.7945096,1744654790.7962983,1744654790.8006153,1744654790.8048139,1744654790.8052838,0.007029056549072266,0.0004200935363769531,0.003894329071044922,0.01134347915649414,0.008515596389770508,0.0004699230194091797,-0.004668474197387695,0.004317045211791992,0.01630711555480957
626,1744654790.895525,1744654790.9045465,1744654790.9051645,1744654790.917637,1744654790.9190917,1744654790.9244447,1744654790.9286032,1744654790.9290867,0.004016876220703125,0.0001239776611328125,0.016857624053955078,0.020998477935791016,0.009511470794677734,0.00048351287841796875,-0.004642009735107422,0.005352973937988281,0.02893972396850586
627,1744654790.9589891,1744654790.9624195,1744654790.9628549,1744654790.9667344,1744654790.967578,1744654790.970654,1744654790.9808395,1744654790.9812303,0.0049970149993896484,0.0004513263702392578,0.0280454158782959,0.033493757247924805,0.013261556625366211,0.00039076805114746094,-0.010576248168945312,0.0030760765075683594,0.03905153274536133
628,1744654790.9916987,1744654791.0008044,1744654791.000885,1744654791.0220954,1744654791.0234013,1744654791.0259311,1744654791.0324693,1744654791.032567,0.012097358703613281,9.512901306152344e-05,0.020661592483520508,0.03285408020019531,0.009068012237548828,9.775161743164062e-05,-0.006635904312133789,0.0025298595428466797,0.0426328182220459
630,1744654791.1251752,1744654791.131007,1744654791.1315987,1744654791.1358728,1744654791.1372569,1744654791.1396847,1744654791.1427417,1744654791.1432405,0.01041102409362793,0.0004856586456298828,0.01442098617553711,0.025317668914794922,0.005484819412231445,0.0004987716674804688,-0.003555774688720703,0.002427816390991211,0.02945709228515625
631,1744654791.1975474,1744654791.2045765,1744654791.2049966,1744654791.208891,1744654791.2093797,1744654791.2138546,1744654791.2171934,1744654791.2176018,0.007035017013549805,0.0005295276641845703,0.005024433135986328,0.012588977813720703,0.007813692092895508,0.00040841102600097656,-0.003747224807739258,0.0044748783111572266,0.017572879791259766
632,1744654791.304321,1744654791.308338,1744654791.308462,1744654791.3253195,1744654791.3264341,1744654791.3332608,1744654791.3420184,1744654791.3421087,0.010568857192993164,0.0004730224609375,0.0037178993225097656,0.01475977897644043,0.015584230422973633,9.036064147949219e-05,-0.008847951889038086,0.006826639175415039,0.02034139633178711
634,1744654791.4668217,1744654791.4718187,1744654791.47227,1744654791.5003154,1744654791.501853,1744654791.5058732,1744654791.5116067,1744654791.5121093,0.006991863250732422,0.0004291534423828125,0.010264396667480469,0.017685413360595703,0.009753704071044922,0.0005025863647460938,-0.006236076354980469,0.004020214080810547,0.026356935501098633
635,1744654791.4862862,1744654791.4983835,1744654791.4984787,1744654791.5191402,1744654791.5212643,1744654791.528919,1744654791.539322,1744654791.5394647,0.004266023635864258,0.00015044212341308594,0.0049228668212890625,0.009339332580566406,0.018057584762573242,0.00014281272888183594,-0.010545730590820312,0.007654666900634766,0.01514577865600586
637,1744654791.533199,1744654791.54361,1744654791.5440958,1744654791.5585167,1744654791.5596392,1744654791.5626562,1744654791.5672536,1744654791.5677238,0.012129545211791992,0.00012636184692382812,0.009171485900878906,0.021427392959594727,0.0076143741607666016,0.00047016143798828125,-0.005067586898803711,0.003016948699951172,0.029488086700439453
638,1744654791.6567588,1744654791.6637938,1744654791.6643233,1744654791.6693478,1744654791.6704118,1744654791.6743317,1744654791.6771095,1744654791.6774764,0.00980234146118164,0.00047850608825683594,0.010286092758178711,0.020566940307617188,0.006697654724121094,0.0003669261932373047,-0.0031447410583496094,0.003919839859008789,0.025495052337646484
639,1744654791.7603192,1744654791.770888,1744654791.771361,1744654791.775079,1744654791.776834,1744654791.7806606,1744654791.7879145,1744654791.7885077,0.00680851936340332,0.0001163482666015625,0.008758783340454102,0.015683650970458984,0.011080503463745117,0.0005931854248046875,-0.007847070693969727,0.003826618194580078,0.0262448787689209
640,1744654791.8065631,1744654791.813555,1744654791.8139842,1744654791.8242486,1744654791.826454,1744654791.83292,1744654791.841106,1744654791.8414917,0.006940126419067383,0.00015497207641601562,0.004420042037963867,0.011515140533447266,0.014652013778686523,0.0003857612609863281,-0.008571624755859375,0.0064661502838134766,0.014911174774169922
641,1744654791.9267888,1744654791.9310548,1744654791.9312053,1744654791.9361281,1744654791.9378633,1744654791.9419346,1744654791.946178,1744654791.9463308,0.0054340362548828125,0.0004961490631103516,0.0034551620483398438,0.009385347366333008,0.00831460952758789,0.00015282630920410156,-0.004396200180053711,0.004071235656738281,0.011517047882080078
642,1744654791.9748967,1744654791.9870262,1744654791.9871526,1744654791.996324,1744654791.9972396,1744654792.0043848,1744654792.010898,1744654792.011041,0.010473966598510742,0.00042128562927246094,0.013808250427246094,0.024703502655029297,0.013658523559570312,0.00014281272888183594,-0.006656169891357422,0.0071451663970947266,0.03534126281738281
643,1744654792.0837765,1744654792.0935788,1744654792.0940573,1744654792.1043434,1744654792.1057343,1744654792.1092715,1744654792.1118355,1744654792.1122775,0.009572982788085938,0.0004551410675048828,0.006798267364501953,0.016826391220092773,0.006101131439208984,0.0004420280456542969,-0.0030059814453125,0.0035371780395507812,0.024195194244384766
644,1744654792.1247098,1744654792.1315184,1744654792.1316347,1744654792.1403935,1744654792.1427426,1744654792.1509547,1744654792.153769,1744654792.1539047,0.0073926448822021484,0.00045013427734375,0.003880739212036133,0.011723518371582031,0.011026382446289062,0.00013566017150878906,-0.002949953079223633,0.008212089538574219,0.018007755279541016
645,1744654792.1866038,1744654792.193544,1744654792.193699,1744654792.198119,1744654792.2001727,1744654792.201515,1744654792.2040942,1744654792.2041986,0.006636619567871094,0.0003826618194580078,0.013972043991088867,0.02099132537841797,0.0039215087890625,0.00010442733764648438,-0.0026836395263671875,0.0013422966003417969,0.02669548988342285
646,1744654792.3624723,1744654792.3679063,1744654792.3684025,1744654792.3718576,1744654792.3727632,1744654792.3739893,1744654792.3784685,1744654792.3789432,0.005281686782836914,0.0004506111145019531,0.008594512939453125,0.014326810836791992,0.005705356597900391,0.00047469139099121094,-0.004953861236572266,0.001226186752319336,0.019688129425048828
647,1744654792.4715493,1744654792.4820232,1744654792.4824445,1744654792.4962528,1744654792.4984627,1744654792.5068905,1744654792.5123045,1744654792.5127382,0.011670112609863281,0.000148773193359375,0.012754440307617188,0.024573326110839844,0.013841867446899414,0.0004336833953857422,-0.0058476924896240234,0.008427858352661133,0.030716657638549805
648,1744654792.5503144,1744654792.5598874,1744654792.5603426,1744654792.5671408,1744654792.5679164,1744654792.5745096,1744654792.579369,1744654792.5798957,0.004789113998413086,0.0005359649658203125,0.004380702972412109,0.009705781936645508,0.011452674865722656,0.0005266666412353516,-0.0053861141204833984,0.006593227386474609,0.017838716506958008
649,1744654792.6752305,1744654792.6826231,1744654792.6830733,1744654792.686954,1744654792.6877406,1744654792.6932383,1744654792.6998632,1744654792.7003028,0.0060732364654541016,0.00032901763916015625,0.006565570831298828,0.012967824935913086,0.012122631072998047,0.00043964385986328125,-0.0070645809173583984,0.00549769401550293,0.020827293395996094
650,1744654792.7224362,1744654792.7290728,1744654792.7294555,1744654792.7434275,1744654792.7463088,1744654792.7491317,1744654792.758215,1744654792.7585557,0.0058133602142333984,0.0004889965057373047,0.005502462387084961,0.011804819107055664,0.011906147003173828,0.0003407001495361328,-0.009423971176147461,0.0028228759765625,0.017198801040649414
651,1744654792.767892,1744654792.7731736,1744654792.7736242,1744654792.7822187,1744654792.783281,1744654792.78758,1744654792.7921906,1744654792.7926672,0.0060443878173828125,0.0003707408905029297,0.01477193832397461,0.02118706703186035,0.008909463882446289,0.00047659873962402344,-0.005087137222290039,0.0042989253997802734,0.025202274322509766
652,1744654792.8893807,1744654792.9010508,1744654792.9011996,1744654792.913954,1744654792.9146733,1744654792.9200974,1744654792.9256487,1744654792.9257991,0.004374265670776367,0.00010442733764648438,0.007476806640625,0.011955499649047852,0.010975360870361328,0.00015044212341308594,-0.005701780319213867,0.005424022674560547,0.01915717124938965
653,1744654792.9642837,1744654792.9690728,1744654792.9696088,1744654792.9739895,1744654792.9754207,1744654792.9821224,1744654792.9901116,1744654792.9907453,0.007091999053955078,0.0004177093505859375,0.004182100296020508,0.011691808700561523,0.014690876007080078,0.0006337165832519531,-0.008622884750366211,0.00670170783996582,0.018145084381103516
654,1744654792.9850311,1744654792.9911044,1744654792.9914334,1744654792.997999,1744654792.9991434,1744654793.0058584,1744654793.0090506,1744654793.0092,0.0051534175872802734,0.0004267692565917969,0.031519174575805664,0.037099361419677734,0.009907245635986328,0.0001494884490966797,-0.0033416748046875,0.006715059280395508,0.04079866409301758
655,1744654793.0265472,1744654793.0323606,1744654793.0328496,1744654793.038352,1744654793.038858,1744654793.043746,1744654793.055013,1744654793.0555894,0.010515451431274414,0.0004184246063232422,0.02507328987121582,0.03600716590881348,0.016155004501342773,0.0005764961242675781,-0.011843442916870117,0.004888057708740234,0.04257321357727051
656,1744654793.0974042,1744654793.1034486,1744654793.1038194,1744654793.1185913,1744654793.1201537,1744654793.1226065,1744654793.1289425,1744654793.1292834,0.0077250003814697266,0.0004801750183105469,0.02791428565979004,0.03611946105957031,0.008788824081420898,0.0003409385681152344,-0.006676912307739258,0.002452850341796875,0.03854060173034668
657,1744654793.14578,1744654793.1501544,1744654793.1502588,1744654793.1577356,1744654793.1591854,1744654793.1649373,1744654793.171752,1744654793.1718729,0.007405519485473633,0.0003674030303955078,0.005053281784057617,0.012826204299926758,0.012566566467285156,0.00012087821960449219,-0.006935596466064453,0.005751848220825195,0.01818084716796875
658,1744654793.2133245,1744654793.2204165,1744654793.2208343,1744654793.2250164,1744654793.2257602,1744654793.2314696,1744654793.2367163,1744654793.237155,0.0065937042236328125,0.0003993511199951172,0.005751848220825195,0.012744903564453125,0.010956048965454102,0.000438690185546875,-0.005685329437255859,0.005709409713745117,0.02182459831237793
659,1744654793.324139,1744654793.3292925,1744654793.3297193,1744654793.3612385,1744654793.3616593,1744654793.3649378,1744654793.3762558,1744654793.3766563,0.009016752243041992,9.489059448242188e-05,0.010080099105834961,0.019191741943359375,0.01459646224975586,0.000400543212890625,-0.011718511581420898,0.003278493881225586,0.026375293731689453
661,1744654793.3491247,1744654793.3596401,1744654793.3600585,1744654793.3851318,1744654793.3861122,1744654793.391698,1744654793.3973703,1744654793.397788,0.009379148483276367,0.0006771087646484375,0.0057525634765625,0.015808820724487305,0.011258125305175781,0.0004177093505859375,-0.0060901641845703125,0.005585670471191406,0.022190093994140625
662,1744654793.3773403,1744654793.3850653,1744654793.3855455,1744654793.4134598,1744654793.4140103,1744654793.415881,1744654793.4241176,1744654793.4245586,0.013836145401000977,0.0005402565002441406,0.009498834609985352,0.02387523651123047,0.010107278823852539,0.0004410743713378906,-0.00867772102355957,0.0018706321716308594,0.027306556701660156
665,1744654793.5187175,1744654793.526123,1744654793.5264904,1744654793.5315437,1744654793.5332406,1744654793.5368984,1744654793.5422938,1744654793.542764,0.006428718566894531,0.0003802776336669922,0.00531005859375,0.012119054794311523,0.009053230285644531,0.00047016143798828125,-0.005865573883056641,0.003657817840576172,0.015061616897583008
666,1744654793.558697,1744654793.5652907,1744654793.56569,1744654793.571442,1744654793.5731864,1744654793.5805216,1744654793.5841377,1744654793.5845406,0.0061757564544677734,0.0005018711090087891,0.007914304733276367,0.01459193229675293,0.01095128059387207,0.0004029273986816406,-0.004019021987915039,0.007335186004638672,0.024008750915527344
667,1744654793.5833132,1744654793.59233,1744654793.5924249,1744654793.602505,1744654793.605866,1744654793.6096885,1744654793.614379,1744654793.6144822,0.009845972061157227,0.00045013427734375,0.021960973739624023,0.032257080078125,0.00851297378540039,0.00010323524475097656,-0.004793643951416016,0.0038225650787353516,0.03982281684875488
668,1744654793.7239408,1744654793.73332,1744654793.733997,1744654793.7397497,1744654793.7409415,1744654793.746131,1744654793.7574925,1744654793.7581708,0.04961037635803223,0.0005295276641845703,0.030717134475708008,0.0808570384979248,0.01655101776123047,0.0006783008575439453,-0.012039899826049805,0.005189418792724609,0.0876920223236084
669,1744654793.7476773,1744654793.7615135,1744654793.7620537,1744654793.7715526,1744654793.7720706,1744654793.774984,1744654793.7785215,1744654793.7789826,0.007523059844970703,0.00012087821960449219,0.009113550186157227,0.016757488250732422,0.0064508914947509766,0.0004611015319824219,-0.003998756408691406,0.002913236618041992,0.02145552635192871
670,1744654793.808629,1744654793.8150578,1744654793.815438,1744654793.820748,1744654793.8211875,1744654793.8236907,1744654793.8302941,1744654793.8306804,0.004412174224853516,0.0004076957702636719,0.014355182647705078,0.019175052642822266,0.009106636047363281,0.00038623809814453125,-0.006989717483520508,0.0025031566619873047,0.026873350143432617
671,1744654793.8263628,1744654793.8325386,1744654793.8330405,1744654793.8409548,1744654793.8428082,1744654793.8503716,1744654793.856462,1744654793.8569844,0.011229991912841797,0.0004303455352783203,0.009990692138671875,0.021651029586791992,0.013653755187988281,0.0005223751068115234,-0.0066127777099609375,0.007563352584838867,0.0262298583984375
672,1744654793.8627207,1744654793.8725667,1744654793.8730168,1744654793.8949778,1744654793.8963673,1744654793.9025435,1744654793.9198074,1744654793.9202595,0.004819154739379883,0.0005750656127929688,0.014909029006958008,0.02030324935913086,0.023440122604370117,0.0004520416259765625,-0.017715930938720703,0.0061762332916259766,0.024206876754760742
675,1744654794.2262313,1744654794.2758417,1744654794.2763712,1744654794.3070884,1744654794.307381,1744654794.3139234,1744654794.3247168,1744654794.3252966,0.009807825088500977,0.00046753883361816406,0.014389276504516602,0.024664640426635742,0.017335891723632812,0.000579833984375,-0.011373281478881836,0.0065424442291259766,0.03589892387390137
677,1744654794.325314,1744654794.332837,1744654794.332958,1744654794.3420715,1744654794.3445067,1744654794.3467696,1744654794.3516543,1744654794.3517573,0.010297536849975586,0.0005741119384765625,0.014513492584228516,0.025385141372680664,0.007147550582885742,0.000102996826171875,-0.0049877166748046875,0.0022628307342529297,0.035015106201171875
678,1744654794.3750815,1744654794.3794937,1744654794.3799014,1744654794.3942566,1744654794.396334,1744654794.401955,1744654794.4063432,1744654794.4068208,0.0040743350982666016,0.0001583099365234375,0.00762176513671875,0.011854410171508789,0.010009288787841797,0.0004775524139404297,-0.004865884780883789,0.0056209564208984375,0.018217086791992188
679,1744654794.4127386,1744654794.4239686,1744654794.424399,1744654794.4343896,1744654794.4360917,1744654794.4389684,1744654794.4415402,1744654794.4420357,0.006665945053100586,0.0004260540008544922,0.0033197402954101562,0.010411739349365234,0.005448579788208008,0.0004954338073730469,-0.0030672550201416016,0.002876758575439453,0.018337488174438477
680,1744654794.5887647,1744654794.5935838,1744654794.594159,1744654794.609068,1744654794.6095073,1744654794.6129715,1744654794.6222677,1744654794.622809,0.011243343353271484,0.00054168701171875,0.02867603302001953,0.040461063385009766,0.012760400772094727,0.0005412101745605469,-0.00983738899230957,0.003464221954345703,0.047977447509765625
682,1744654794.698296,1744654794.708104,1744654794.7085714,1744654794.7229607,1744654794.7237122,1744654794.734195,1744654794.7433722,1744654794.7438297,0.0057599544525146484,0.000659942626953125,0.014578819274902344,0.020998716354370117,0.019659996032714844,0.00045752525329589844,-0.009634733200073242,0.0104827880859375,0.025116920471191406
683,1744654794.9519143,1744654794.9622118,1744654794.962786,1744654794.9772995,1744654794.9782805,1744654794.9869294,1744654794.9905212,1744654794.9910498,0.010716915130615234,0.00037860870361328125,0.01483464241027832,0.025930166244506836,0.01224064826965332,0.0005285739898681641,-0.004120349884033203,0.008648872375488281,0.03280067443847656
684,1744654795.0105057,1744654795.01458,1744654795.0147383,1744654795.02236,1744654795.0239394,1744654795.0287228,1744654795.0335743,1744654795.0336835,0.009314298629760742,0.0004191398620605469,0.04131460189819336,0.05104804039001465,0.009634971618652344,0.00010919570922851562,-0.004960775375366211,0.0047833919525146484,0.05593299865722656
685,1744654795.0412762,1744654795.0479422,1744654795.0483682,1744654795.051688,1744654795.0532606,1744654795.0596137,1744654795.0624444,1744654795.0630476,0.02593517303466797,0.00040721893310546875,0.0372011661529541,0.06354355812072754,0.009183883666992188,0.0006031990051269531,-0.0034339427947998047,0.006353139877319336,0.08316969871520996
686,1744654795.0797029,1744654795.0909462,1744654795.091488,1744654795.120164,1744654795.1214526,1744654795.1276803,1744654795.130938,1744654795.1313355,0.014909744262695312,0.0004546642303466797,0.05725860595703125,0.07262301445007324,0.009485483169555664,0.0003974437713623047,-0.0036551952362060547,0.006227731704711914,0.08223962783813477
688,1744654795.179595,1744654795.185355,1744654795.186015,1744654795.2005937,1744654795.2022872,1744654795.204712,1744654795.2079911,1744654795.2086487,0.0050504207611083984,0.0004596710205078125,0.010861873626708984,0.016371965408325195,0.005703926086425781,0.0006575584411621094,-0.003936767578125,0.0024247169494628906,0.030000686645507812
689,1744654795.2453008,1744654795.2560177,1744654795.2563963,1744654795.271231,1744654795.2736971,1744654795.2781014,1744654795.2898428,1744654795.2902174,0.008936405181884766,0.0006802082061767578,0.006999492645263672,0.016616106033325195,0.016145706176757812,0.0003745555877685547,-0.012115955352783203,0.004404306411743164,0.02137160301208496
690,1744654795.2598124,1744654795.2691267,1744654795.2695458,1744654795.3108604,1744654795.3117146,1744654795.3157454,1744654795.3341088,1744654795.3345125,0.004312276840209961,0.00047516822814941406,0.005600929260253906,0.010388374328613281,0.022394180297851562,0.0004036426544189453,-0.018767118453979492,0.004030704498291016,0.017150402069091797
691,1744654795.3035855,1744654795.3295207,1744654795.329928,1744654795.367129,1744654795.3690627,1744654795.3867552,1744654795.4064574,1744654795.4069207,0.011509418487548828,0.0004742145538330078,0.01332235336303711,0.025305986404418945,0.03739476203918457,0.00046324729919433594,-0.020165443420410156,0.01769256591796875,0.03424191474914551
692,1744654795.319915,1744654795.3348248,1744654795.3352795,1744654795.392538,1744654795.3949163,1744654795.4021547,1744654795.411056,1744654795.4114795,0.007008075714111328,0.0004734992980957031,0.005774497985839844,0.013256072998046875,0.016139745712280273,0.000423431396484375,-0.009324789047241211,0.0072383880615234375,0.018409252166748047
697,1744654795.4240456,1744654795.429096,1744654795.4295557,1744654795.4404175,1744654795.4440963,1744654795.4540462,1744654795.4651866,1744654795.465771,0.0040416717529296875,0.0005357265472412109,0.004377841949462891,0.008955240249633789,0.021090269088745117,0.0005843639373779297,-0.011724710464477539,0.009949922561645508,0.016976118087768555
698,1744654795.4570687,1744654795.466005,1744654795.4666853,1744654795.4736848,1744654795.4745352,1744654795.4784403,1744654795.4828012,1744654795.4832923,0.011942386627197266,0.0003459453582763672,0.007196903228759766,0.0194852352142334,0.008265972137451172,0.0004911422729492188,-0.0048520565032958984,0.003905057907104492,0.02510356903076172
699,1744654795.4964194,1744654795.5007317,1744654795.5012069,1744654795.5068078,1744654795.5082586,1744654795.5135698,1744654795.518363,1744654795.518881,0.013705253601074219,0.00011134147644042969,0.030996084213256836,0.044812679290771484,0.01010441780090332,0.0005180835723876953,-0.005311250686645508,0.005311250686645508,0.04927349090576172
700,1744654795.5384555,1744654795.549965,1744654795.5504391,1744654795.5637615,1744654795.5658202,1744654795.5726974,1744654795.5798948,1744654795.5803356,0.0043032169342041016,0.0004203319549560547,0.02007436752319336,0.024797916412353516,0.014074563980102539,0.00044083595275878906,-0.007638216018676758,0.00687718391418457,0.03304481506347656
701,1744654795.6289923,1744654795.6360004,1744654795.636474,1744654795.6422484,1744654795.6447651,1744654795.6474016,1744654795.6513388,1744654795.651737,0.00535130500793457,0.0005326271057128906,0.01920461654663086,0.02508854866027832,0.006573677062988281,0.0003981590270996094,-0.0043354034423828125,0.002636432647705078,0.031771183013916016
702,1744654795.796175,1744654795.8002167,1744654795.8007524,1744654795.8051302,1744654795.8057182,1744654795.8131511,1744654795.8189862,1744654795.819524,0.0049779415130615234,0.00044417381286621094,0.00790095329284668,0.013323068618774414,0.013267993927001953,0.000537872314453125,-0.006372928619384766,0.0074329376220703125,0.02002429962158203
703,1744654795.828129,1744654795.8400714,1744654795.8404174,1744654795.8476143,1744654795.849419,1744654795.8532326,1744654795.867664,1744654795.8680556,0.008311986923217773,0.0004680156707763672,0.004643678665161133,0.013423681259155273,0.01824498176574707,0.0003914833068847656,-0.014822959899902344,0.003813505172729492,0.01606464385986328
704,1744654795.8988953,1744654795.9126005,1744654795.9127119,1744654795.943708,1744654795.9442687,1744654795.9481688,1744654795.9560747,1744654795.9562187,0.011730670928955078,0.0004801750183105469,0.008052825927734375,0.020263671875,0.011806011199951172,0.00014400482177734375,-0.008049964904785156,0.0039000511169433594,0.02736067771911621
708,1744654795.9872305,1744654795.9915338,1744654795.991954,1744654796.0120285,1744654796.0132983,1744654796.0202754,1744654796.0237086,1744654796.0241687,0.00482487678527832,0.00034117698669433594,0.004985332489013672,0.010151386260986328,0.010410308837890625,0.0004601478576660156,-0.0038933753967285156,0.006977081298828125,0.018416166305541992
710,1744654796.0266035,1744654796.0319548,1744654796.0324874,1744654796.051692,1744654796.054959,1744654796.0583746,1744654796.06204,1744654796.0625756,0.0055370330810546875,0.0005426406860351562,0.015171051025390625,0.02125072479248047,0.007081031799316406,0.0005354881286621094,-0.004200935363769531,0.0034155845642089844,0.03180384635925293
711,1744654796.0769482,1744654796.081926,1744654796.0823703,1744654796.0902712,1744654796.0920095,1744654796.0969725,1744654796.1063378,1744654796.1068265,0.003705263137817383,0.00041961669921875,0.008204221725463867,0.0123291015625,0.014328241348266602,0.0004887580871582031,-0.00985407829284668,0.004962921142578125,0.01670241355895996
712,1744654796.1010249,1744654796.1093369,1744654796.1098049,1744654796.1144485,1744654796.1156256,1744654796.1170895,1744654796.119558,1744654796.120024,0.010904788970947266,0.00010371208190917969,0.040375471115112305,0.05138397216796875,0.003932476043701172,0.0004658699035644531,-0.0029344558715820312,0.0014638900756835938,0.05678129196166992
713,1744654796.123625,1744654796.1353557,1744654796.135836,1744654796.1438887,1744654796.145492,1744654796.1509857,1744654796.1563156,1744654796.1568148,0.013351678848266602,0.0004124641418457031,0.018250226974487305,0.03201436996459961,0.010823488235473633,0.0004992485046386719,-0.0058290958404541016,0.005493640899658203,0.04090428352355957
714,1744654796.161286,1744654796.166111,1744654796.1664522,1744654796.1714375,1744654796.1729712,1744654796.1797023,1744654796.18878,1744654796.18918,0.005418539047241211,0.0004661083221435547,0.017364501953125,0.023249149322509766,0.015808820724487305,0.0003998279571533203,-0.009477615356445312,0.0067310333251953125,0.028636693954467773
715,1744654796.262613,1744654796.26815,1744654796.2686927,1744654796.2838638,1744654796.284219,1744654796.294417,1744654796.3039007,1744654796.3044279,0.011109352111816406,0.000133514404296875,0.010880231857299805,0.022123098373413086,0.019681692123413086,0.0005271434783935547,-0.010010957717895508,0.010197877883911133,0.030411720275878906
716,1744654796.3536122,1744654796.3573174,1744654796.357737,1744654796.3659413,1744654796.366862,1744654796.3703146,1744654796.374364,1744654796.3748324,0.009761810302734375,0.0004992485046386719,0.013542652130126953,0.0238037109375,0.007501840591430664,0.0004684925079345703,-0.004517793655395508,0.0034525394439697266,0.03131580352783203
717,1744654796.4959042,1744654796.506809,1744654796.5069127,1744654796.5472882,1744654796.5489454,1744654796.5526855,1744654796.5584817,1744654796.5586615,0.01782512664794922,0.00039196014404296875,0.01017904281616211,0.028396129608154297,0.009536266326904297,0.00017976760864257812,-0.005975961685180664,0.003740072250366211,0.035073280334472656
719,1744654796.610909,1744654796.6242607,1744654796.6246731,1744654796.6429234,1744654796.643413,1744654796.6518133,1744654796.656748,1744654796.6571293,0.00886082649230957,0.0004036426544189453,0.011391878128051758,0.020656347274780273,0.013334989547729492,0.00038123130798339844,-0.005316019058227539,0.008400201797485352,0.02803802490234375
720,1744654796.7813146,1744654796.7867332,1744654796.7871993,1744654796.8045638,1744654796.8054302,1744654796.8099513,1744654796.8192186,1744654796.81967,0.011569499969482422,0.0005624294281005859,0.010231494903564453,0.02236342430114746,0.013788461685180664,0.0004513263702392578,-0.009718656539916992,0.00452113151550293,0.028944015502929688
722,1744654796.846168,1744654796.8572774,1744654796.857411,1744654796.8682911,1744654796.8702898,1744654796.8765798,1744654796.8871663,1744654796.8872914,0.01060938835144043,0.0008463859558105469,0.00545191764831543,0.016907691955566406,0.0168764591217041,0.0001251697540283203,-0.010711669921875,0.006289958953857422,0.026378631591796875
723,1744654796.8795652,1744654796.889327,1744654796.8898263,1744654796.903369,1744654796.9051297,1744654796.910881,1744654796.930559,1744654796.9311726,0.0037965774536132812,0.0001442432403564453,0.0060617923736572266,0.010002613067626953,0.025429248809814453,0.0006136894226074219,-0.020291566848754883,0.005751371383666992,0.020695924758911133
724,1744654796.9135356,1744654796.9313607,1744654796.9317527,1744654796.9419317,1744654796.9437609,1744654796.9486089,1744654796.954588,1744654796.9550402,0.011840581893920898,0.0004909038543701172,0.019632577896118164,0.03196406364440918,0.010827064514160156,0.00045228004455566406,-0.0064313411712646484,0.004848003387451172,0.03661227226257324
725,1744654796.976415,1744654796.9852757,1744654796.9856794,1744654796.9970713,1744654796.998118,1744654797.004453,1744654797.011505,1744654797.0119224,0.005456686019897461,0.00044155120849609375,0.007161855697631836,0.01306009292602539,0.013386964797973633,0.00041747093200683594,-0.0074694156646728516,0.006335020065307617,0.022035837173461914
726,1744654797.010656,1744654797.0222256,1744654797.022788,1744654797.0330195,1744654797.0346615,1744654797.0396001,1744654797.0538774,1744654797.0548933,0.009946346282958984,0.0004353523254394531,0.010492801666259766,0.020874500274658203,0.019215822219848633,0.0010159015655517578,-0.015293121337890625,0.004938602447509766,0.027626991271972656
727,1744654797.0450144,1744654797.0556238,1744654797.0564702,1744654797.061922,1744654797.0622585,1744654797.071393,1744654797.0760214,1744654797.0765026,0.012706756591796875,0.00010156631469726562,0.023265838623046875,0.036074161529541016,0.013762950897216797,0.0004811286926269531,-0.005109548568725586,0.009134531021118164,0.04105687141418457
728,1744654797.1090274,1744654797.112824,1744654797.1129682,1744654797.11903,1744654797.1203225,1744654797.1297233,1744654797.135328,1744654797.1354828,0.019352197647094727,0.00039577484130859375,0.017873764038085938,0.03762173652648926,0.01500558853149414,0.00015473365783691406,-0.005759477615356445,0.00940084457397461,0.04471254348754883
729,1744654797.157847,1744654797.1696875,1744654797.1701784,1744654797.189811,1744654797.1905084,1744654797.1944592,1744654797.1994815,1744654797.2000275,0.006010293960571289,0.00038886070251464844,0.002441883087158203,0.00884103775024414,0.008973121643066406,0.0005459785461425781,-0.005568265914916992,0.003950834274291992,0.01996779441833496
730,1744654797.2341924,1744654797.239649,1744654797.2400906,1744654797.2472525,1744654797.2496061,1744654797.2562282,1744654797.2654414,1744654797.265894,0.00493931770324707,0.00039076805114746094,0.01146697998046875,0.01679706573486328,0.015835285186767578,0.0004525184631347656,-0.009665727615356445,0.0066220760345458984,0.026787281036376953
731,1744654797.258213,1744654797.2681594,1744654797.2685947,1744654797.2790875,1744654797.2819343,1744654797.28584,1744654797.288717,1744654797.2891786,0.007451534271240234,0.0004019737243652344,0.011128664016723633,0.0189821720123291,0.0067827701568603516,0.000461578369140625,-0.0033385753631591797,0.003905773162841797,0.02423238754272461
732,1744654797.3284597,1744654797.3411665,1744654797.341268,1744654797.364534,1744654797.367148,1744654797.3695166,1744654797.385497,1744654797.3856087,0.010951519012451172,0.0005981922149658203,0.014776945114135742,0.026326656341552734,0.018349170684814453,0.00011157989501953125,-0.01609206199645996,0.0023686885833740234,0.03570985794067383
733,1744654797.3601482,1744654797.3795004,1744654797.3798962,1744654797.39777,1744654797.4001536,1744654797.4048607,1744654797.41415,1744654797.4145823,0.009883642196655273,0.00047326087951660156,0.008319854736328125,0.0186767578125,0.013996362686157227,0.0004322528839111328,-0.009721517562866211,0.0047070980072021484,0.022789955139160156
735,1744654797.4432712,1744654797.4492815,1744654797.4496703,1744654797.4521122,1744654797.4548023,1744654797.463239,1744654797.4682639,1744654797.468693,0.005374431610107422,0.00012946128845214844,0.009285926818847656,0.014789819717407227,0.013461589813232422,0.0004291534423828125,-0.005454063415527344,0.00843667984008789,0.021424055099487305
736,1744654797.467163,1744654797.4721024,1744654797.4724932,1744654797.4839602,1744654797.4856343,1744654797.4939504,1744654797.498848,1744654797.4992464,0.00584721565246582,0.0004036426544189453,0.01688361167907715,0.023134469985961914,0.013213634490966797,0.00039839744567871094,-0.005295991897583008,0.0083160400390625,0.030037641525268555
737,1744654797.5262678,1744654797.5337193,1744654797.5341213,1744654797.54525,1744654797.5462177,1744654797.5505002,1744654797.564817,1744654797.5652244,0.007269382476806641,0.0004029273986816406,0.005803585052490234,0.013475894927978516,0.018599271774291992,0.0004074573516845703,-0.014724254608154297,0.004282474517822266,0.015990018844604492
738,1744654797.554549,1744654797.5655005,1744654797.5660987,1744654797.5808756,1744654797.583227,1744654797.5902588,1744654797.5964298,1744654797.5969045,0.006600141525268555,0.00044536590576171875,0.006120920181274414,0.013166427612304688,0.013202905654907227,0.00047469139099121094,-0.006645679473876953,0.007031917572021484,0.02140522003173828
739,1744654797.596159,1744654797.6060426,1744654797.606516,1744654797.6148357,1744654797.6156287,1744654797.618949,1744654797.6255403,1744654797.626164,0.00791168212890625,0.00045299530029296875,0.011896133422851562,0.02026081085205078,0.009911537170410156,0.0006237030029296875,-0.007215023040771484,0.0033202171325683594,0.028583049774169922
741,1744654797.6573372,1744654797.6627116,1744654797.662841,1744654797.672127,1744654797.6749823,1744654797.6787612,1744654797.6855738,1744654797.6856928,0.007342815399169922,0.0004374980926513672,0.006560802459716797,0.014341115951538086,0.010591506958007812,0.00011897087097167969,-0.0069315433502197266,0.0037789344787597656,0.018357276916503906
742,1744654797.7145777,1744654797.720425,1744654797.7208285,1744654797.7377121,1744654797.738948,1744654797.7446153,1744654797.7488272,1744654797.7492027,0.006785154342651367,0.0005667209625244141,0.005739450454711914,0.013091325759887695,0.009879112243652344,0.00037550926208496094,-0.004587411880493164,0.005667209625244141,0.023426055908203125
743,1744654797.7895892,1744654797.7968585,1744654797.7972615,1744654797.803065,1744654797.8037257,1744654797.8055792,1744654797.8088815,1744654797.8092551,0.010371685028076172,0.00040602684020996094,0.008930444717407227,0.01970815658569336,0.005155801773071289,0.00037360191345214844,-0.0036759376525878906,0.0018534660339355469,0.02543807029724121
744,1744654797.8151045,1744654797.8217046,1744654797.82215,1744654797.828271,1744654797.8295856,1744654797.8365097,1744654797.8470488,1744654797.84751,0.0037271976470947266,0.0006625652313232422,0.005133152008056641,0.00952291488647461,0.017463207244873047,0.00046133995056152344,-0.011000394821166992,0.006924152374267578,0.018274784088134766
745,1744654797.8566115,1744654797.8645232,1744654797.8649762,1744654797.8768723,1744654797.8795898,1744654797.8851945,1744654797.8911302,1744654797.8915708,0.00897669792175293,0.00011467933654785156,0.00795745849609375,0.01704883575439453,0.011540412902832031,0.0004405975341796875,-0.0063762664794921875,0.005604743957519531,0.02339029312133789
747,1744654797.9514391,1744654797.958782,1744654797.9592195,1744654797.9657803,1744654797.9675891,1744654797.9697964,1744654797.9729586,1744654797.9733717,0.010176897048950195,0.00047898292541503906,0.01957082748413086,0.030226707458496094,0.005369424819946289,0.0004131793975830078,-0.0035753250122070312,0.0022072792053222656,0.0367884635925293
748,1744654798.1092274,1744654798.1160126,1744654798.1165793,1744654798.1223187,1744654798.1239798,1744654798.1326535,1744654798.1428907,1744654798.1434135,0.009175777435302734,0.0005626678466796875,0.012003660202026367,0.02174210548400879,0.018910884857177734,0.0005228519439697266,-0.010760068893432617,0.008673667907714844,0.02710747718811035
749,1744654798.2261527,1744654798.2365243,1744654798.2369304,1744654798.2458608,1744654798.2480037,1744654798.2515907,1744654798.257767,1744654798.2581677,0.006981372833251953,0.0006415843963623047,0.003960132598876953,0.011583089828491211,0.009763240814208984,0.00040078163146972656,-0.006577014923095703,0.003587007522583008,0.02026510238647461
750,1744654798.3532379,1744654798.356965,1744654798.3576276,1744654798.3627608,1744654798.3639472,1744654798.3715127,1744654798.3769808,1744654798.377487,0.0063169002532958984,0.0006635189056396484,0.013128280639648438,0.020108699798583984,0.013033628463745117,0.0005061626434326172,-0.005974292755126953,0.007565498352050781,0.030733823776245117
751,1744654798.3871021,1744654798.3960788,1744654798.3961935,1744654798.404151,1744654798.4052827,1744654798.4104924,1744654798.4151099,1744654798.4152403,0.005865812301635742,0.0004239082336425781,0.008157968521118164,0.014447689056396484,0.009827136993408203,0.0001304149627685547,-0.004747867584228516,0.005209684371948242,0.022312641143798828
752,1744654798.4419348,1744654798.4521117,1744654798.4525907,1744654798.4721615,1744654798.4726357,1744654798.4787233,1744654798.4873245,1744654798.487783,0.005241870880126953,0.0003876686096191406,0.008766412734985352,0.014395952224731445,0.014688730239868164,0.0004584789276123047,-0.009059667587280273,0.006087541580200195,0.01992344856262207
754,1744654798.4796908,1744654798.4888666,1744654798.4894292,1744654798.501433,1744654798.5032678,1744654798.5067983,1744654798.5098526,1744654798.5103197,0.0043108463287353516,0.0004825592041015625,0.00656890869140625,0.011362314224243164,0.006584882736206055,0.00046706199645996094,-0.003521442413330078,0.0035305023193359375,0.01810431480407715
755,1744654798.5176296,1744654798.524611,1744654798.5252526,1744654798.5292127,1744654798.5327172,1744654798.5378947,1744654798.5468729,1744654798.5474072,0.005084037780761719,0.0004296302795410156,0.009508609771728516,0.01502227783203125,0.01415562629699707,0.0005342960357666016,-0.00951242446899414,0.005177497863769531,0.021831512451171875
756,1744654798.542186,1744654798.548503,1744654798.5491664,1744654798.5622947,1744654798.5641582,1744654798.5729198,1744654798.5779135,1744654798.5784059,0.008823633193969727,0.0004374980926513672,0.004292726516723633,0.013553857803344727,0.013755321502685547,0.0004923343658447266,-0.005486011505126953,0.00876164436340332,0.0203549861907959
757,1744654798.587794,1744654798.5936599,1744654798.5940838,1744654798.6022418,1744654798.6034613,1744654798.6101067,1744654798.6163013,1744654798.6167204,0.010326385498046875,0.000522613525390625,0.005393028259277344,0.016242027282714844,0.012840032577514648,0.0004191398620605469,-0.006613731384277344,0.0066454410552978516,0.02888178825378418
758,1744654798.646133,1744654798.6513748,1744654798.6517625,1744654798.660529,1744654798.6612673,1744654798.6660564,1744654798.6717517,1744654798.672283,0.005235910415649414,0.0004878044128417969,0.005141735076904297,0.010865449905395508,0.010484457015991211,0.0005311965942382812,-0.006226539611816406,0.004789113998413086,0.01707315444946289
759,1744654798.6780858,1744654798.6823967,1744654798.6828792,1744654798.689448,1744654798.691372,1744654798.69619,1744654798.6999388,1744654798.700394,0.013746976852416992,0.0004801750183105469,0.019288063049316406,0.033515214920043945,0.008566856384277344,0.0004551410675048828,-0.00420379638671875,0.0048182010650634766,0.044951438903808594
760,1744654798.7197866,1744654798.7248707,1744654798.7253003,1744654798.734809,1744654798.7365606,1744654798.7416182,1744654798.7480304,1744654798.7485242,0.0052373409271240234,0.000507354736328125,0.007565498352050781,0.01331019401550293,0.011469841003417969,0.0004937648773193359,-0.006906032562255859,0.005057573318481445,0.027560710906982422
761,1744654798.847372,1744654798.8561957,1744654798.8566332,1744654798.860926,1744654798.8612967,1744654798.867727,1744654798.8781862,1744654798.8786852,0.009243965148925781,0.0005867481231689453,0.016869544982910156,0.026700258255004883,0.016889572143554688,0.0004990100860595703,-0.010958194732666016,0.006430387496948242,0.034128427505493164
762,1744654798.870277,1744654798.8806033,1744654798.881126,1744654798.886519,1744654798.8882318,1744654798.8991587,1744654798.9054797,1744654798.9060378,0.025896787643432617,0.0004887580871582031,0.03462553024291992,0.06101107597351074,0.017247915267944336,0.0005581378936767578,-0.006879091262817383,0.010926961898803711,0.0722963809967041
763,1744654798.9572096,1744654798.9624455,1744654798.9629333,1744654798.968075,1744654798.9692674,1744654798.9742827,1744654798.9809768,1744654798.9814434,0.011934041976928711,0.0006067752838134766,0.03945732116699219,0.051998138427734375,0.011709451675415039,0.0004665851593017578,-0.007160663604736328,0.005015373229980469,0.05739593505859375
764,1744654799.0396304,1744654799.0533774,1744654799.0538576,1744654799.0731456,1744654799.0766704,1744654799.0845819,1744654799.0922694,1744654799.0928369,0.004731178283691406,0.0001308917999267578,0.009105682373046875,0.013967752456665039,0.01559901237487793,0.0005674362182617188,-0.0082550048828125,0.007911443710327148,0.021112918853759766
765,1744654799.0994716,1744654799.104709,1744654799.1052163,1744654799.1127818,1744654799.1180203,1744654799.1270323,1744654799.1366622,1744654799.1371958,0.007750511169433594,0.00041222572326660156,0.009926557540893555,0.01808929443359375,0.018641948699951172,0.0005335807800292969,-0.010163545608520508,0.009011983871459961,0.024928569793701172
766,,,,,1744654799.177569,1744654799.18359,1744654799.189398,1744654799.1899412,0.009707212448120117,0.00014710426330566406,0.010792016983032227,0.020646333694458008,0.011829137802124023,0.0005431175231933594,-0.0063512325286865234,0.006021022796630859,0.030842065811157227
767,1744654799.2798064,1744654799.2890503,1744654799.289637,1744654799.3065066,1744654799.3081582,1744654799.3139348,1744654799.3284848,1744654799.3291595,0.008533239364624023,0.0005407333374023438,0.005426883697509766,0.014500856399536133,0.020326614379882812,0.0006747245788574219,-0.015224695205688477,0.005776643753051758,0.019858598709106445
769,1744654799.3595355,1744654799.3854322,1744654799.385921,1744654799.4205465,1744654799.422611,1744654799.4318318,1744654799.436487,1744654799.4369764,0.00841212272644043,0.00036072731018066406,0.013104677200317383,0.021877527236938477,0.013875961303710938,0.0004894733428955078,-0.005144596099853516,0.00922083854675293,0.02548694610595703
770,1744654799.3838253,1744654799.3957593,1744654799.3963661,1744654799.4358234,1744654799.437493,1744654799.4412212,1744654799.4456732,1744654799.4461088,0.006072521209716797,0.0004723072052001953,0.020592689514160156,0.02713751792907715,0.00818014144897461,0.0004355907440185547,-0.004887580871582031,0.003728151321411133,0.03251147270202637
773,1744654799.464511,1744654799.469242,1744654799.469373,1744654799.4784787,1744654799.4804227,1744654799.4856238,1744654799.4937863,1744654799.4938843,0.008105039596557617,0.00048470497131347656,0.005410194396972656,0.01399993896484375,0.01336359977722168,9.799003601074219e-05,-0.008260488510131836,0.005201101303100586,0.024634599685668945
774,1744654799.5232408,1744654799.5309913,1744654799.5314035,1744654799.54133,1744654799.5423033,1744654799.5481694,1744654799.5540116,1744654799.5544496,0.003384828567504883,9.107589721679688e-05,0.009140968322753906,0.012616872787475586,0.011708259582519531,0.0004379749298095703,-0.006280183792114258,0.005866050720214844,0.022451400756835938
775,1744654799.5732403,1744654799.5829475,1744654799.5830946,1744654799.5938866,1744654799.5963736,1744654799.6040823,1744654799.6140542,1744654799.6141925,0.011750221252441406,0.0005292892456054688,0.015458822250366211,0.027738332748413086,0.017680644989013672,0.00013828277587890625,-0.010110139846801758,0.00770878791809082,0.0391995906829834
776,1744654799.6059902,1744654799.6145234,1744654799.6150641,1744654799.620491,1744654799.6207006,1744654799.6258488,1744654799.633413,1744654799.6338766,0.008515119552612305,0.00043463706970214844,0.009200811386108398,0.01815056800842285,0.012712478637695312,0.0004634857177734375,-0.008027791976928711,0.005148172378540039,0.024360179901123047
777,1744654799.6368737,1744654799.6452858,1744654799.6456466,1744654799.6587512,1744654799.659782,1744654799.6623607,1744654799.6651263,1744654799.6655657,0.009179830551147461,0.00048661231994628906,0.003080129623413086,0.012746572494506836,0.005344390869140625,0.0004394054412841797,-0.0032050609588623047,0.0025787353515625,0.02024555206298828
778,1744654799.7026772,1744654799.7087498,1744654799.709222,1744654799.7298148,1744654799.7301013,1744654799.7351887,1744654799.7426925,1744654799.7431386,0.008433341979980469,0.0003979206085205078,0.004093647003173828,0.012924909591674805,0.012591123580932617,0.00044608116149902344,-0.0079498291015625,0.005087375640869141,0.020021915435791016
780,1744654799.7502036,1744654799.7583086,1744654799.7587934,1744654799.7642035,1744654799.7659261,1744654799.7748382,1744654799.7789538,1744654799.7793975,0.004730224609375,0.0004994869232177734,0.006163835525512695,0.011393547058105469,0.013027667999267578,0.0004436969757080078,-0.00455927848815918,0.008912086486816406,0.02129673957824707
781,1744654799.7808201,1744654799.784205,1744654799.784296,1744654799.793437,1744654799.7954667,1744654799.8032715,1744654799.8118978,1744654799.81201,0.006449222564697266,0.0004837512969970703,0.008179426193237305,0.01511240005493164,0.016431093215942383,0.00011229515075683594,-0.008738517761230469,0.00780487060546875,0.02250838279724121
782,1744654799.80773,1744654799.8194802,1744654799.8200095,1744654799.8354683,1744654799.8372078,1744654799.8469296,1744654799.8516028,1744654799.8521338,0.00563359260559082,0.00010347366333007812,0.0042247772216796875,0.009961843490600586,0.014394998550415039,0.0005309581756591797,-0.005204200744628906,0.009721755981445312,0.012728452682495117
783,1744654799.867828,1744654799.876343,1744654799.8767776,1744654799.8859785,1744654799.8876433,1744654799.892188,1744654799.895704,1744654799.8961535,0.006058454513549805,0.0004870891571044922,0.005883693695068359,0.012429237365722656,0.008060693740844727,0.0004494190216064453,-0.0039653778076171875,0.004544734954833984,0.024143218994140625
784,1744654799.8986573,1744654799.9078372,1744654799.9083238,1744654799.911404,1744654799.9130838,1744654799.9189029,1744654799.9226594,1744654799.9230247,0.005588054656982422,0.000392913818359375,0.0019047260284423828,0.00788569450378418,0.009575605392456055,0.00036525726318359375,-0.0041217803955078125,0.005819082260131836,0.013572454452514648
785,1744654799.9474518,1744654799.9558852,1744654799.956283,1744654799.9603767,1744654799.9618442,1744654799.9674737,1744654799.9715142,1744654799.9719603,0.010890007019042969,0.0006117820739746094,0.009209394454956055,0.020711183547973633,0.009670019149780273,0.00044608116149902344,-0.004486560821533203,0.005629539489746094,0.029099702835083008
786,1744654799.9920266,1744654799.9967568,1744654799.9972563,1744654800.00342,1744654800.005097,1744654800.0133233,1744654800.02069,1744654800.0211778,0.005898952484130859,0.0003037452697753906,0.004217863082885742,0.010420560836791992,0.01559305191040039,0.0004878044128417969,-0.007854461669921875,0.008226394653320312,0.014729499816894531
787,1744654800.277669,1744654800.2841182,1744654800.284602,1744654800.2927814,1744654800.2933042,1744654800.3001773,1744654800.3034375,1744654800.303909,0.007346153259277344,0.0004582405090332031,0.012843608856201172,0.02064800262451172,0.01013326644897461,0.0004715919494628906,-0.0037317276000976562,0.006873130798339844,0.029495954513549805
788,1744654800.3345773,1744654800.340211,1744654800.3403144,1744654800.3445392,1744654800.3458803,1744654800.3473058,1744654800.3522987,1744654800.3523932,0.007340192794799805,0.0005428791046142578,0.007203340530395508,0.01508641242980957,0.006418466567993164,9.441375732421875e-05,-0.005087375640869141,0.0014255046844482422,0.021476268768310547
789,1744654800.405197,1744654800.4112554,1744654800.4117424,1744654800.4176261,1744654800.425092,1744654800.4293401,1744654800.4331408,1744654800.433621,0.006556987762451172,0.0005700588226318359,0.006282806396484375,0.013409852981567383,0.008048772811889648,0.0004801750183105469,-0.004280805587768555,0.004248142242431641,0.019464731216430664
790,1744654800.435179,1744654800.440767,1744654800.44116,1744654800.4430647,1744654800.4435034,1744654800.4487514,1744654800.4569294,1744654800.457375,0.013729095458984375,0.0005509853363037109,0.015185117721557617,0.029465198516845703,0.013426065444946289,0.0004456043243408203,-0.008623600006103516,0.005248069763183594,0.03657841682434082
791,1744654800.4509144,1744654800.4618044,1744654800.4624162,1744654800.4716256,1744654800.4726224,1744654800.480014,1744654800.484681,1744654800.48514,0.004614114761352539,0.000652313232421875,0.0075855255126953125,0.012851953506469727,0.012058496475219727,0.0004591941833496094,-0.005125999450683594,0.007391691207885742,0.022539615631103516
792,1744654800.5436337,1744654800.5495327,1744654800.5498364,1744654800.5540543,1744654800.5551195,1744654800.5583632,1744654800.5624335,1744654800.5627792,0.012443780899047852,0.0004372596740722656,0.025618314743041992,0.03849935531616211,0.007313966751098633,0.0003457069396972656,-0.004415988922119141,0.003243684768676758,0.050205230712890625
793,1744654800.5627353,1744654800.5700815,1744654800.5705397,1744654800.5833833,1744654800.5863106,1744654800.5922313,1744654800.596556,1744654800.5972028,0.010828971862792969,0.0005309581756591797,0.01694321632385254,0.028303146362304688,0.010245323181152344,0.0006468296051025391,-0.004971504211425781,0.0059206485748291016,0.035567283630371094
794,1744654800.6883488,1744654800.695689,1744654800.6962318,1744654800.7034352,1744654800.7062535,1744654800.709825,1744654800.7171967,1744654800.7177355,0.01024484634399414,0.0004923343658447266,0.027606487274169922,0.03834366798400879,0.010943174362182617,0.0005388259887695312,-0.007910490036010742,0.0035715103149414062,0.0512998104095459
795,1744654800.7230482,1744654800.7296052,1744654800.7301753,1744654800.736458,1744654800.7382836,1744654800.742513,1744654800.7501645,1744654800.7507968,0.009201765060424805,0.0004856586456298828,0.026310205459594727,0.035997629165649414,0.011880874633789062,0.0006322860717773438,-0.008283853530883789,0.004229307174682617,0.04141426086425781
796,1744654800.7658033,1744654800.7795324,1744654800.7800834,1744654800.7952685,1744654800.796055,1744654800.8023818,1744654800.8060722,1744654800.8065696,0.005127906799316406,0.0005254745483398438,0.006450176239013672,0.012103557586669922,0.010017156600952148,0.0004973411560058594,-0.004187822341918945,0.0063266754150390625,0.016657352447509766
798,1744654800.8356247,1744654800.8402388,1744654800.8408911,1744654800.8484766,1744654800.8514853,1744654800.8581643,1744654800.8625524,1744654800.8632827,0.008310317993164062,0.00046634674072265625,0.013103485107421875,0.021880149841308594,0.01106715202331543,0.0007302761077880859,-0.005118370056152344,0.006679058074951172,0.03414320945739746
799,1744654800.9080198,1744654800.9204636,1744654800.9209008,1744654800.9465191,1744654800.94846,1744654800.958225,1744654800.9746857,1744654800.9752405,0.005425691604614258,0.0006477832794189453,0.017294883728027344,0.023368358612060547,0.026225566864013672,0.0005548000335693359,-0.017015457153320312,0.009764909744262695,0.028130531311035156
800,1744654800.975089,1744654800.985918,1744654800.986449,1744654801.0033922,1744654801.0051968,1744654801.0106564,1744654801.0190132,1744654801.0194263,0.02064657211303711,0.0005943775177001953,0.012288331985473633,0.03352928161621094,0.013816356658935547,0.0004131793975830078,-0.008769989013671875,0.00545954704284668,0.038355112075805664
802,1744654801.139145,1744654801.1493897,1744654801.149882,1744654801.1774886,1744654801.183408,1744654801.1904447,1744654801.1956952,1744654801.1961336,0.017093181610107422,0.0003476142883300781,0.01679396629333496,0.03423476219177246,0.012287139892578125,0.00043845176696777344,-0.005688905715942383,0.007036685943603516,0.04589509963989258
803,1744654801.1639018,1744654801.1731036,1744654801.1735892,1744654801.1998994,1744654801.2023447,1744654801.205316,1744654801.2101927,1744654801.210611,0.006167173385620117,0.00047087669372558594,0.021565675735473633,0.028203725814819336,0.007848024368286133,0.0004184246063232422,-0.0052950382232666016,0.0029714107513427734,0.032338857650756836
805,1744654801.2444608,1744654801.2495887,1744654801.2501142,1744654801.2565644,1744654801.2571661,1744654801.2611182,1744654801.2697272,1744654801.2702632,0.0077822208404541016,0.0004839897155761719,0.03376317024230957,0.042029380798339844,0.01256108283996582,0.0005359649658203125,-0.009145021438598633,0.0039520263671875,0.04619336128234863
806,1744654801.2927444,1744654801.3010547,1744654801.301521,1744654801.3146245,1744654801.3164623,1744654801.3268876,1744654801.3315117,1744654801.332019,0.011347770690917969,0.00013446807861328125,0.01937103271484375,0.030853271484375,0.015049457550048828,0.000507354736328125,-0.00513148307800293,0.010425329208374023,0.03659963607788086
807,1744654801.3740542,1744654801.37948,1744654801.3801277,1744654801.3974226,1744654801.3978665,1744654801.4021847,1744654801.414863,1744654801.4154294,0.005780935287475586,0.0004374980926513672,0.006581306457519531,0.012799739837646484,0.01699662208557129,0.0005662441253662109,-0.01324462890625,0.0043182373046875,0.016493797302246094
808,1744654801.3924,1744654801.4130466,1744654801.413641,1744654801.4259293,1744654801.4270406,1744654801.4307551,1744654801.4370158,1744654801.4374595,0.0068967342376708984,0.0004811286926269531,0.0056035518646240234,0.012981414794921875,0.009975194931030273,0.0004436969757080078,-0.0067043304443359375,0.0037145614624023438,0.019208192825317383
809,1744654801.4067123,1744654801.4238055,1744654801.424153,1744654801.440947,1744654801.4413893,1744654801.4526074,1744654801.4576502,1744654801.4580455,0.005558967590332031,0.0004284381866455078,0.00416111946105957,0.01014852523803711,0.016260862350463867,0.0003952980041503906,-0.005438089370727539,0.011218070983886719,0.013029813766479492
811,1744654801.5257647,1744654801.5319319,1744654801.5324028,1744654801.5539684,1744654801.555706,1744654801.5581036,1744654801.5631099,1744654801.563668,0.010244369506835938,0.0005865097045898438,0.003885030746459961,0.014715909957885742,0.007403850555419922,0.0005581378936767578,-0.005564451217651367,0.0023975372314453125,0.020661592483520508
812,1744654801.7571087,1744654801.764891,1744654801.765375,1744654801.799138,1744654801.800455,1744654801.803302,1744654801.8137708,1744654801.8142457,0.006152153015136719,0.0002980232238769531,0.033742666244506836,0.04019284248352051,0.013315677642822266,0.0004749298095703125,-0.01094365119934082,0.002846956253051758,0.050077199935913086
814,1744654801.8726184,1744654801.8839662,1744654801.8841007,1744654801.9034717,1744654801.9049246,1744654801.909218,1744654801.9143384,1744654801.91446,0.023374319076538086,9.441375732421875e-05,0.006907224655151367,0.030375957489013672,0.009413719177246094,0.00012159347534179688,-0.005241870880126953,0.0042934417724609375,0.037225961685180664
815,1744654801.9246976,1744654801.9304786,1744654801.930916,1744654801.9374974,1744654801.938521,1744654801.9411914,1744654801.9458964,1744654801.9463375,0.008246660232543945,0.00013828277587890625,0.012537956237792969,0.02092289924621582,0.007375478744506836,0.0004410743713378906,-0.005146026611328125,0.0026705265045166016,0.025455236434936523
816,1744654801.9792378,1744654801.9861345,1744654801.9866157,1744654801.9922192,1744654801.9934137,1744654801.998446,1744654802.0067883,1744654802.007183,0.006256103515625,0.0004267692565917969,0.012801170349121094,0.01948404312133789,0.013374567031860352,0.0003948211669921875,-0.00873708724975586,0.00503230094909668,0.025432109832763672
817,1744654802.001961,1744654802.00752,1744654802.0079484,1744654802.0121095,1744654802.0130696,1744654802.0149908,1744654802.0177567,1744654802.0181577,0.006073713302612305,0.0007331371307373047,0.016120195388793945,0.022927045822143555,0.004687070846557617,0.0004010200500488281,-0.0031669139862060547,0.0019211769104003906,0.029364585876464844
818,1744654802.0816736,1744654802.091918,1744654802.0925045,1744654802.0963895,1744654802.097765,1744654802.1023352,1744654802.110699,1744654802.1113746,0.010529041290283203,0.00045180320739746094,0.00571894645690918,0.016699790954589844,0.012933969497680664,0.0006756782531738281,-0.00903940200805664,0.0045702457427978516,0.02363872528076172
819,1744654802.1121736,1744654802.1183257,1744654802.1186237,1744654802.1523664,1744654802.153429,1744654802.1622508,1744654802.1676228,1744654802.1679478,0.2363429069519043,0.00012159347534179688,0.03170514106750488,0.268169641494751,0.01419377326965332,0.0003249645233154297,-0.005697011947631836,0.008821725845336914,0.276153564453125
820,1744654802.1421914,1744654802.1655657,1744654802.1656601,1744654802.1725674,1744654802.1731896,1744654802.1794174,1744654802.1839654,1744654802.184121,0.010708808898925781,0.0004277229309082031,0.007922172546386719,0.019058704376220703,0.01077580451965332,0.00015544891357421875,-0.004703521728515625,0.006227731704711914,0.023466825485229492
822,1744654802.3090777,1744654802.3173244,1744654802.3174627,1744654802.3300006,1744654802.330488,1744654802.334533,1744654802.341085,1744654802.3412192,0.004413604736328125,0.00043702125549316406,0.009068489074707031,0.01391911506652832,0.010596990585327148,0.0001342296600341797,-0.006686210632324219,0.004045009613037109,0.02138686180114746
823,1744654802.3472066,1744654802.3534627,1744654802.3538895,1744654802.3666906,1744654802.367897,1744654802.3726387,1744654802.3784547,1744654802.3789568,0.00507354736328125,0.0004546642303466797,0.007500886917114258,0.013029098510742188,0.01055765151977539,0.0005021095275878906,-0.006318092346191406,0.004741668701171875,0.022867679595947266
824,1744654802.4399998,1744654802.4460735,1744654802.4468067,1744654802.4629269,1744654802.4636886,1744654802.4693644,1744654802.4752781,1744654802.4758248,0.011993169784545898,0.00044465065002441406,0.04779767990112305,0.06023550033569336,0.011589527130126953,0.0005466938018798828,-0.006460428237915039,0.005675792694091797,0.0666646957397461
826,1744654802.4924102,1744654802.5029392,1744654802.503391,1744654802.50911,1744654802.5100665,1744654802.516049,1744654802.5227134,1744654802.5232205,0.02422952651977539,0.00046372413635253906,0.026624202728271484,0.051317453384399414,0.012646913528442383,0.0005071163177490234,-0.007171630859375,0.005982398986816406,0.0531001091003418
827,1744654802.5886872,1744654802.82503,1744654802.8251517,1744654802.8568568,1744654802.8587222,1744654802.8648407,1744654802.8719845,1744654802.8721313,0.012711286544799805,0.0005002021789550781,0.022899150848388672,0.036110639572143555,0.013262271881103516,0.0001468658447265625,-0.00729060173034668,0.0061185359954833984,0.0404200553894043
828,1744654802.8663633,1744654802.877072,1744654802.8774998,1744654802.885422,1744654802.8863358,1744654802.88983,1744654802.8978677,1744654802.898334,0.019122838973999023,0.0005400180816650391,0.01652240753173828,0.036185264587402344,0.011531829833984375,0.00046634674072265625,-0.008503913879394531,0.0034942626953125,0.0430908203125
829,1744654802.9337485,1744654802.938162,1744654802.938599,1744654802.9476676,1744654802.9483244,1744654802.9551353,1744654802.9620836,1744654802.9624834,0.00408625602722168,0.0003948211669921875,0.01566457748413086,0.020145654678344727,0.013759136199951172,0.0003998279571533203,-0.007348060607910156,0.006810903549194336,0.027332782745361328
830,1744654803.0626304,1744654803.067704,1744654803.0681586,1744654803.0756595,1744654803.0764844,1744654803.085498,1744654803.0939221,1744654803.0943632,0.009785890579223633,0.0005035400390625,0.006768465042114258,0.01705789566040039,0.01743769645690918,0.0004410743713378906,-0.008865118026733398,0.009013652801513672,0.02166295051574707
831,1744654803.1116188,1744654803.123612,1744654803.1240566,1744654803.1718543,1744654803.1736312,1744654803.1782835,1744654803.1872284,1744654803.1876488,0.008791685104370117,0.00046253204345703125,0.006670236587524414,0.015924453735351562,0.013597249984741211,0.0004203319549560547,-0.009365320205688477,0.004652261734008789,0.025418996810913086
833,1744654803.144181,1744654803.1684105,1744654803.1688743,1744654803.1954985,1744654803.1960118,1744654803.1972811,1744654803.2108946,1744654803.2116733,0.007179975509643555,0.0002970695495605469,0.0069391727447509766,0.014416217803955078,0.014882802963256836,0.0007786750793457031,-0.01439213752746582,0.0012693405151367188,0.019092798233032227
834,1744654803.1617935,1744654803.1745048,1744654803.175005,1744654803.197904,1744654803.1983244,1744654803.2022135,1744654803.2124043,1744654803.212831,0.009955883026123047,0.0005943775177001953,0.005450010299682617,0.01600027084350586,0.014079809188842773,0.0004267692565917969,-0.010617494583129883,0.0038890838623046875,0.01962733268737793
835,1744654803.1909146,1744654803.2100375,1744654803.2105775,1744654803.2271,1744654803.2276173,1744654803.2340055,1744654803.2399633,1744654803.2403932,0.01623058319091797,0.0003573894500732422,0.04857826232910156,0.06516623497009277,0.012346029281616211,0.0004298686981201172,-0.0063877105712890625,0.006388187408447266,0.07213902473449707
839,1744654803.268085,1744654803.2721713,1744654803.272566,1744654803.2882307,1744654803.289126,1744654803.2954178,1744654803.302529,1744654803.303035,0.0193328857421875,0.000469207763671875,0.05911707878112793,0.0789191722869873,0.013403177261352539,0.0005059242248535156,-0.00761723518371582,0.006291866302490234,0.08349466323852539
841,1744654803.3344889,1744654803.3442748,1744654803.3447783,1744654803.3515468,1744654803.3524983,1744654803.3561518,1744654803.3595443,1744654803.359991,0.0291750431060791,0.0004978179931640625,0.021632671356201172,0.051305532455444336,0.0070459842681884766,0.0004467964172363281,-0.003839254379272461,0.0036535263061523438,0.05463576316833496
842,1744654803.3801117,1744654803.3889034,1744654803.389366,1744654803.3960361,1744654803.3981478,1744654803.4055307,1744654803.415178,1744654803.4156508,0.017334699630737305,0.00041556358337402344,0.021891117095947266,0.039641380310058594,0.01703023910522461,0.00047278404235839844,-0.010120153427124023,0.007382869720458984,0.04277825355529785
843,1744654803.4086843,1744654803.4158642,1744654803.4161613,1744654803.4231005,1744654803.424015,1744654803.427777,1744654803.435577,1744654803.43572,0.006392955780029297,0.00010776519775390625,0.0075910091400146484,0.014091730117797852,0.011561870574951172,0.0001430511474609375,-0.007942914962768555,0.0037620067596435547,0.021902084350585938
844,1744654803.476348,1744654803.4863038,1744654803.4868982,1744654803.4923482,1744654803.4937751,1744654803.4959753,1744654803.501057,1744654803.5016017,0.00886082649230957,0.0005562305450439453,0.009255170822143555,0.01867222785949707,0.007281780242919922,0.0005447864532470703,-0.0056264400482177734,0.0022001266479492188,0.025741100311279297
845,1744654803.5234554,1744654803.539686,1744654803.5400434,1744654803.5886216,1744654803.589394,1744654803.5955944,1744654803.607984,1744654803.6083577,0.004885435104370117,0.00039649009704589844,0.013440608978271484,0.0187225341796875,0.01858997344970703,0.00037360191345214844,-0.012763261795043945,0.006200313568115234,0.024413108825683594
846,1744654803.5647423,1744654803.5840752,1744654803.5845444,1744654803.6436615,1744654803.644785,1744654803.648237,1744654803.655094,1744654803.6554532,0.004656076431274414,0.00044798851013183594,0.011714696884155273,0.016818761825561523,0.010308980941772461,0.0003592967987060547,-0.007216215133666992,0.0034520626068115234,0.030896902084350586
849,1744654803.6088302,1744654803.6380053,1744654803.638503,1744654803.6601357,1744654803.6605892,1744654803.663466,1744654803.6754255,1744654803.6760392,0.0048520565032958984,0.0004584789276123047,0.007125377655029297,0.0124359130859375,0.014836311340332031,0.0006136894226074219,-0.0125732421875,0.002876758575439453,0.02321028709411621
850,1744654803.628702,1744654803.6460366,1744654803.6464522,1744654803.6683433,1744654803.6693802,1744654803.6714802,1744654803.676408,1744654803.6769853,0.008258581161499023,0.00039696693420410156,0.009118795394897461,0.017774343490600586,0.007027864456176758,0.0005772113800048828,-0.005505084991455078,0.0020999908447265625,0.02471446990966797
854,1744654803.7293055,1744654803.7356985,1744654803.7358062,1744654803.7433972,1744654803.7451575,1744654803.7512076,1744654803.7616756,1744654803.7617757,0.009020566940307617,0.00040030479431152344,0.04100680351257324,0.05042767524719238,0.016518115997314453,0.00010013580322265625,-0.01056814193725586,0.00605010986328125,0.057755470275878906
855,1744654803.7548306,1744654803.7636914,1744654803.7642477,1744654803.7735028,1744654803.7748792,1744654803.7805717,1744654803.7847586,1744654803.785307,0.02837371826171875,0.00042057037353515625,0.010695457458496094,0.03948974609375,0.009879350662231445,0.0005483627319335938,-0.004735231399536133,0.005692481994628906,0.0456547737121582
856,1744654803.7862506,1744654803.791136,1744654803.7915325,1744654803.8049731,1744654803.8058217,1744654803.8106637,1744654803.8183646,1744654803.818821,0.006606101989746094,0.0005216598510742188,0.019847869873046875,0.026975631713867188,0.012542963027954102,0.0004563331604003906,-0.00815725326538086,0.004842042922973633,0.03190970420837402
857,1744654803.8513832,1744654803.8560393,1744654803.8564873,1744654803.868202,1744654803.8697858,1744654803.88228,1744654803.8856575,1744654803.8861032,0.013030767440795898,0.0003879070281982422,0.008002519607543945,0.021421194076538086,0.015871763229370117,0.0004456043243408203,-0.0038230419158935547,0.012494325637817383,0.025826215744018555
858,1744654803.8855941,1744654803.8904462,1744654803.8909047,1744654803.89803,1744654803.8994458,1744654803.9088044,1744654803.9191775,1744654803.919573,0.011594057083129883,0.0004076957702636719,0.01107025146484375,0.023072004318237305,0.019731760025024414,0.0003955364227294922,-0.010768651962280273,0.009358644485473633,0.03206205368041992
859,1744654803.9830837,1744654803.9913423,1744654803.9917393,1744654804.000858,1744654804.0028157,1744654804.0077982,1744654804.019587,1744654804.0200727,0.013422966003417969,0.00045680999755859375,0.010884761810302734,0.024764537811279297,0.016771316528320312,0.0004856586456298828,-0.012274503707885742,0.004982471466064453,0.03262162208557129
860,1744654804.0365672,1744654804.0455878,1744654804.045988,1744654804.086995,1744654804.0878868,1744654804.0943227,1744654804.110886,1744654804.1113338,0.007580757141113281,0.00013327598571777344,0.011617898941040039,0.019331932067871094,0.022999286651611328,0.0004477500915527344,-0.017011165618896484,0.006435871124267578,0.026665925979614258
864,1744654804.1171854,1744654804.145559,1744654804.1459796,1744654804.156675,1744654804.1576393,1744654804.1628401,1744654804.1701722,1744654804.170518,0.009857177734375,0.00043487548828125,0.012349128723144531,0.02264118194580078,0.012532949447631836,0.0003457069396972656,-0.007677793502807617,0.005200862884521484,0.02727508544921875
865,1744654804.1460617,1744654804.1526678,1744654804.1531894,1744654804.1730373,1744654804.1740563,1744654804.1779714,1744654804.1849017,1744654804.1853714,0.005930423736572266,0.00036835670471191406,0.011666059494018555,0.017964839935302734,0.010845422744750977,0.0004696846008300781,-0.007400035858154297,0.003915071487426758,0.023455381393432617
867,1744654804.2181838,1744654804.2312145,1744654804.2316024,1744654804.239605,1744654804.2406592,1744654804.24401,1744654804.2509584,1744654804.2512977,0.011887073516845703,0.0004837512969970703,0.036641836166381836,0.04901266098022461,0.010299205780029297,0.00033926963806152344,-0.007287740707397461,0.0033507347106933594,0.06070208549499512
868,1744654804.2654605,1744654804.2770545,1744654804.2774622,1744654804.2885325,1744654804.289743,1744654804.2975225,1744654804.3073976,1744654804.3079584,0.020859718322753906,0.00046825408935546875,0.012146711349487305,0.03347468376159668,0.0176546573638916,0.000560760498046875,-0.010435819625854492,0.007779598236083984,0.042517900466918945
869,1744654804.684244,1744654804.697667,1744654804.6981237,1744654804.7090085,1744654804.709972,1744654804.7168655,1744654804.723096,1744654804.7236233,0.006524801254272461,0.00046896934509277344,0.02316594123840332,0.030159711837768555,0.01312398910522461,0.0005273818969726562,-0.0067577362060546875,0.006893634796142578,0.03800249099731445
870,1744654804.7736666,1744654804.7812474,1744654804.7813807,1744654804.7929986,1744654804.7937887,1744654804.8003325,1744654804.8057992,1744654804.8058968,0.006476879119873047,0.000431060791015625,0.013062000274658203,0.019969940185546875,0.012010574340820312,9.751319885253906e-05,-0.005564212799072266,0.006543874740600586,0.025622129440307617
871,1744654804.8213544,1744654804.8312116,1744654804.8316464,1744654804.8439956,1744654804.8447487,1744654804.8486295,1744654804.8530822,1744654804.8536613,0.006682157516479492,0.0004677772521972656,0.0173647403717041,0.02451467514038086,0.008333444595336914,0.0005791187286376953,-0.0050318241119384766,0.003880739212036133,0.03345060348510742
872,1744654804.9040027,1744654804.909933,1744654804.9103014,1744654804.9219675,1744654804.9231274,1744654804.927458,1744654804.9368925,1744654804.9372685,0.009016275405883789,0.0003495216369628906,0.026157617568969727,0.035523414611816406,0.013765096664428711,0.00037598609924316406,-0.009810447692871094,0.004330635070800781,0.04067683219909668
874,1744654804.9938617,1744654805.0057487,1744654805.0062325,1744654805.0428743,1744654805.0443618,1744654805.0545638,1744654805.0602376,1744654805.0607188,0.009469032287597656,0.0005199909210205078,0.015192031860351562,0.025181055068969727,0.015875816345214844,0.0004811286926269531,-0.0061550140380859375,0.01020193099975586,0.030973434448242188
876,1744654805.0364769,1744654805.0573366,1744654805.0578048,1744654805.0699515,1744654805.0714176,1744654805.0789948,1744654805.0868893,1744654805.0873454,0.008805274963378906,0.0004456043243408203,0.020494937896728516,0.029745817184448242,0.015471696853637695,0.00045609474182128906,-0.008350610733032227,0.007577180862426758,0.03821921348571777
877,1744654805.059577,1744654805.0661018,1744654805.0665708,1744654805.0897367,1744654805.0907922,1744654805.0975795,1744654805.1051066,1744654805.1055334,0.009344100952148438,0.0004887580871582031,0.004812479019165039,0.01464533805847168,0.014314413070678711,0.0004267692565917969,-0.007953882217407227,0.006787300109863281,0.024266481399536133
879,1744654805.104059,1744654805.1105359,1744654805.110967,1744654805.124029,1744654805.1259878,1744654805.129681,1744654805.136511,1744654805.1369872,0.009150266647338867,0.0004382133483886719,0.005093812942504883,0.014682292938232422,0.010523319244384766,0.0004761219024658203,-0.007306098937988281,0.0036933422088623047,0.022147655487060547
880,1744654805.1568346,1744654805.1635168,1744654805.1639845,1744654805.1813493,1744654805.1840267,1744654805.1902852,1744654805.1959875,1744654805.1965234,0.007355690002441406,0.0005013942718505859,0.02354741096496582,0.03140449523925781,0.011960744857788086,0.0005359649658203125,-0.006238222122192383,0.006258487701416016,0.035004377365112305
882,1744654805.2415795,1744654805.2505958,1744654805.2509453,1744654805.277103,1744654805.2792194,1744654805.2822564,1744654805.288214,1744654805.288625,0.009767532348632812,0.00041747093200683594,0.011753559112548828,0.021938562393188477,0.008994579315185547,0.00041103363037109375,-0.0063686370849609375,0.003036975860595703,0.033800363540649414
884,1744654805.3649445,1744654805.3744135,1744654805.3749335,1744654805.3901255,1744654805.3910825,1744654805.395918,1744654805.4043698,1744654805.404789,0.00623631477355957,0.00037384033203125,0.015587091445922852,0.022197246551513672,0.01328730583190918,0.0004191398620605469,-0.008871078491210938,0.004835367202758789,0.03338122367858887
885,1744654805.417128,1744654805.4259334,1744654805.426379,1744654805.446874,1744654805.4488096,1744654805.4553473,1744654805.4623363,1744654805.462826,0.013027429580688477,0.0001647472381591797,0.0048828125,0.018074989318847656,0.013526678085327148,0.0004897117614746094,-0.0074787139892578125,0.006537675857543945,0.026454448699951172
887,1744654805.472587,1744654805.4819312,1744654805.48242,1744654805.4872324,1744654805.4905462,1744654805.4968536,1744654805.5049946,1744654805.5054502,0.010721445083618164,0.0004966259002685547,0.02188873291015625,0.03310680389404297,0.014448404312133789,0.00045561790466308594,-0.008596658706665039,0.006307363510131836,0.03937697410583496
888,1744654805.500253,1744654805.5094032,1744654805.5098414,1744654805.5149353,1744654805.5179226,1744654805.5224006,1744654805.527981,1744654805.528452,0.012460708618164062,0.0003972053527832031,0.04506683349609375,0.057924747467041016,0.010058403015136719,0.00047087669372558594,-0.006051301956176758,0.004477977752685547,0.06390953063964844
889,1744654805.6169984,1744654805.6243541,1744654805.6248555,1744654805.648403,1744654805.6495695,1744654805.6520028,1744654805.6580014,1744654805.6584644,0.005398273468017578,0.00045037269592285156,0.01276087760925293,0.01860952377319336,0.00843191146850586,0.0004630088806152344,-0.006461620330810547,0.002433300018310547,0.025894641876220703
891,1744654805.8517034,1744654805.861471,1744654805.8618884,1744654805.873642,1744654805.8756957,1744654805.8855038,1744654805.8929715,1744654805.8933847,0.012695074081420898,0.0004394054412841797,0.010563850402832031,0.02369832992553711,0.01727581024169922,0.0004131793975830078,-0.007880926132202148,0.009808063507080078,0.029301166534423828
892,1744654805.9020839,1744654805.9083202,1744654805.908694,1744654805.9242811,1744654805.9251406,1744654805.935465,1744654805.9409409,1744654805.9414825,0.007435321807861328,0.0004901885986328125,0.005948305130004883,0.013873815536499023,0.01580023765563965,0.00054168701171875,-0.006017446517944336,0.010324478149414062,0.01998615264892578
894,1744654805.9612055,1744654805.974233,1744654805.9743977,1744654805.9792805,1744654805.9828715,1744654805.98766,1744654805.9957905,1744654805.9959333,0.005625247955322266,0.0005638599395751953,0.004520416259765625,0.010709524154663086,0.012918949127197266,0.00014281272888183594,-0.00827336311340332,0.004788398742675781,0.01972651481628418
895,1744654806.029815,1744654806.0405364,1744654806.041033,1744654806.0629218,1744654806.0650673,1744654806.069192,1744654806.0827703,1744654806.0832183,0.005840301513671875,0.0003833770751953125,0.017634868621826172,0.02385854721069336,0.01770305633544922,0.00044798851013183594,-0.014026403427124023,0.004124641418457031,0.026758670806884766
897,1744654806.09702,1744654806.1094806,1744654806.1098778,1744654806.1549447,1744654806.155795,1744654806.1609294,1744654806.1681535,1744654806.1687453,0.009362220764160156,0.0004658699035644531,0.007152557373046875,0.016980648040771484,0.012358427047729492,0.0005917549133300781,-0.007815837860107422,0.0051343441009521484,0.026223421096801758
901,1744654806.204174,1744654806.2095723,1744654806.2100227,1744654806.2227836,1744654806.225085,1744654806.2300687,1744654806.2450805,1744654806.2456143,0.013357877731323242,0.0004761219024658203,0.005977630615234375,0.019811630249023438,0.019995450973510742,0.0005338191986083984,-0.01554560661315918,0.004983663558959961,0.029026508331298828
902,1744654806.2332175,1744654806.2459126,1744654806.246352,1744654806.2569158,1744654806.2577932,1744654806.2625186,1744654806.271633,1744654806.2720454,0.006102561950683594,0.00038743019104003906,0.0033440589904785156,0.009834051132202148,0.0138397216796875,0.0004124641418457031,-0.009526729583740234,0.004725456237792969,0.01980876922607422
903,1744654806.2826233,1744654806.2900586,1744654806.2905488,1744654806.296497,1744654806.2969687,1744654806.3026094,1744654806.308402,1744654806.3088663,0.007686614990234375,0.0004611015319824219,0.026197433471679688,0.034345149993896484,0.01143336296081543,0.0004642009735107422,-0.006256818771362305,0.005640745162963867,0.037446022033691406
904,1744654806.4109516,1744654806.4165769,1744654806.4171407,1744654806.4216611,1744654806.4232018,1744654806.4306781,1744654806.4356103,1744654806.4361503,0.0056285858154296875,0.0004665851593017578,0.011138200759887695,0.01723337173461914,0.01240849494934082,0.0005400180816650391,-0.0054721832275390625,0.007476329803466797,0.030400991439819336
905,1744654806.4511213,1744654806.4569616,1744654806.457345,1744654806.4749799,1744654806.475535,1744654806.47788,1744654806.4847732,1744654806.485208,0.006204366683959961,0.0004916191101074219,0.006799936294555664,0.013495922088623047,0.009238243103027344,0.00043487548828125,-0.007328033447265625,0.0023450851440429688,0.017750024795532227
906,1744654806.5004437,1744654806.509806,1744654806.5102718,1744654806.5174243,1744654806.5175984,1744654806.526667,1744654806.5416334,1744654806.542101,0.01114964485168457,0.0004630088806152344,0.018012523651123047,0.02962517738342285,0.024034976959228516,0.00046753883361816406,-0.015433788299560547,0.009068727493286133,0.03864407539367676
907,1744654806.5315113,1744654806.5448692,1744654806.5453453,1744654806.551323,1744654806.5531614,1744654806.5605378,1744654806.5658553,1744654806.5663507,0.005702972412109375,0.0005354881286621094,0.01715540885925293,0.023393869400024414,0.01269388198852539,0.0004954338073730469,-0.005812883377075195,0.007376432418823242,0.030355215072631836
908,1744654806.5897725,1744654806.595875,1744654806.5962625,1744654806.5996065,1744654806.6000884,1744654806.6095812,1744654806.6154575,1744654806.6158257,0.010131120681762695,0.00047135353088378906,0.0209348201751709,0.03153729438781738,0.015369176864624023,0.0003681182861328125,-0.0062444210052490234,0.009492874145507812,0.0364534854888916
909,1744654806.64541,1744654806.6530967,1744654806.6535578,1744654806.6797552,1744654806.680055,1744654806.682856,1744654806.6887357,1744654806.689142,0.006656646728515625,9.441375732421875e-05,0.010556221008300781,0.017307281494140625,0.00868082046508789,0.0004062652587890625,-0.006285905838012695,0.002801179885864258,0.02226424217224121
911,1744654806.8326945,1744654806.838323,1744654806.8387897,1744654806.849928,1744654806.8520615,1744654806.8630955,1744654806.8691676,1744654806.8695686,0.006239414215087891,0.0005130767822265625,0.012285947799682617,0.01903843879699707,0.017106056213378906,0.0004010200500488281,-0.006473064422607422,0.011034011840820312,0.028346538543701172
912,1744654806.932348,1744654806.9385524,1744654806.939044,1744654806.945844,1744654806.9473846,1744654806.950098,1744654806.9610035,1744654806.9615505,0.009187459945678711,0.00045752525329589844,0.00997018814086914,0.01961517333984375,0.013618946075439453,0.0005469322204589844,-0.011452436447143555,0.002713441848754883,0.028776168823242188
913,1744654806.952607,1744654806.9637566,1744654806.9642196,1744654806.982232,1744654806.9838488,1744654806.991251,1744654806.9944236,1744654806.99494,0.008396625518798828,0.00012826919555664062,0.011056184768676758,0.019581079483032227,0.010574817657470703,0.0005164146423339844,-0.0036890506744384766,0.007402181625366211,0.028737783432006836
914,1744654807.0038476,1744654807.0095506,1744654807.010086,1744654807.0272415,1744654807.0278726,1744654807.0342028,1744654807.0390177,1744654807.0396154,0.004614353179931641,0.0005066394805908203,0.003573179244995117,0.008694171905517578,0.01114511489868164,0.0005977153778076172,-0.005412578582763672,0.006330251693725586,0.012052774429321289
916,1744654807.0612772,1744654807.0714083,1744654807.0718796,1744654807.0928144,1744654807.0944293,1744654807.0977306,1744654807.1062064,1744654807.1066933,0.011517047882080078,0.0005857944488525391,0.002541065216064453,0.01464390754699707,0.011777162551879883,0.0004868507385253906,-0.008962631225585938,0.003301382064819336,0.021892547607421875
918,1744654807.1435623,1744654807.150219,1744654807.1503134,1744654807.1608696,1744654807.1622925,1744654807.1658266,1744654807.1699836,1744654807.1700888,0.01838088035583496,0.0007429122924804688,0.014363765716552734,0.033487558364868164,0.007691144943237305,0.00010514259338378906,-0.004262208938598633,0.003534078598022461,0.04196429252624512
919,1744654807.1992111,1744654807.2054505,1744654807.2059636,1744654807.2182496,1744654807.2194142,1744654807.2275577,1744654807.2341068,1744654807.2346842,0.008853912353515625,0.0001308917999267578,0.0062444210052490234,0.015229225158691406,0.014692544937133789,0.0005774497985839844,-0.007126569747924805,0.008143424987792969,0.020665645599365234
920,1744654807.2297995,1744654807.238987,1744654807.2394445,1744654807.2494147,1744654807.2532046,1744654807.2585757,1744654807.262315,1744654807.2627926,0.013981103897094727,0.0006356239318847656,0.021011829376220703,0.035628557205200195,0.009110450744628906,0.0004775524139404297,-0.004216909408569336,0.00537109375,0.042264461517333984
921,1744654807.3116055,1744654807.320002,1744654807.3201303,1744654807.3311865,1744654807.3321843,1744654807.3403432,1744654807.34336,1744654807.3434663,0.006168365478515625,0.0006253719329833984,0.008684635162353516,0.015478372573852539,0.01117563247680664,0.00010633468627929688,-0.003123044967651367,0.00815892219543457,0.02082967758178711
922,1744654807.3703926,1744654807.375007,1744654807.3755136,1744654807.3790867,1744654807.3797274,1744654807.3824453,1744654807.3876047,1744654807.3881438,0.018517255783081055,0.00013709068298339844,0.016801834106445312,0.035456180572509766,0.007877349853515625,0.0005390644073486328,-0.005698442459106445,0.0027179718017578125,0.0457301139831543
923,1744654807.4073324,1744654807.4188495,1744654807.4194353,1744654807.4219763,1744654807.423449,1744654807.429225,1744654807.4318843,1744654807.4325182,0.008764982223510742,0.0004596710205078125,0.014289379119873047,0.0235140323638916,0.008435249328613281,0.0006339550018310547,-0.003293275833129883,0.005775928497314453,0.02838754653930664
924,1744654807.4418437,1744654807.4602246,1744654807.4609675,1744654807.4753313,1744654807.4766288,1744654807.483808,1744654807.4886959,1744654807.4892678,0.008023500442504883,0.0006809234619140625,0.0206906795501709,0.029395103454589844,0.012067079544067383,0.0005719661712646484,-0.005459785461425781,0.00717926025390625,0.03673195838928223
926,1744654807.585322,1744654807.5941758,1744654807.5943067,1744654807.6005511,1744654807.600767,1744654807.6059875,1744654807.6130652,1744654807.6132011,0.020471572875976562,0.0004622936248779297,0.023433923721313477,0.04436779022216797,0.012298345565795898,0.00013589859008789062,-0.007213592529296875,0.005220651626586914,0.052443504333496094
927,1744654807.805931,1744654807.8199122,1744654807.8205478,1744654807.8415596,1744654807.8432124,1744654807.8481956,1744654807.8574474,1744654807.8580918,0.010994434356689453,0.00048732757568359375,0.02228379249572754,0.033765554428100586,0.01423501968383789,0.0006444454193115234,-0.009896278381347656,0.004983186721801758,0.04478025436401367
929,1744654807.9038281,1744654807.9099965,1744654807.910622,1744654807.9193065,1744654807.9202912,1744654807.9246578,1744654807.9282181,1744654807.9288595,0.010102272033691406,0.0006654262542724609,0.022481441497802734,0.0332491397857666,0.00792694091796875,0.0006413459777832031,-0.004201650619506836,0.004366636276245117,0.03854107856750488
930,1744654807.9948425,1744654808.0133598,1744654808.0134969,1744654808.0302987,1744654808.0315566,1744654808.0405726,1744654808.0500371,1744654808.050156,0.011404991149902344,0.00010728836059570312,0.008194446563720703,0.01970672607421875,0.018480539321899414,0.00011897087097167969,-0.009583473205566406,0.009016036987304688,0.028332948684692383
932,1744654808.0541627,1744654808.0629277,1744654808.0633874,1744654808.0776768,1744654808.0781877,1744654808.0825503,1744654808.0923684,1744654808.0928423,0.008746147155761719,0.0004546642303466797,0.003985166549682617,0.013185977935791016,0.014180660247802734,0.00047397613525390625,-0.01029205322265625,0.004362583160400391,0.01814103126525879
933,1744654808.1035867,1744654808.1116102,1744654808.112291,1744654808.1329818,1744654808.1342862,1744654808.1403186,1744654808.1440952,1744654808.1446748,0.004895210266113281,0.0003561973571777344,0.028476953506469727,0.03372836112976074,0.009809017181396484,0.0005795955657958984,-0.0043561458587646484,0.006032466888427734,0.038750410079956055
935,1744654808.2467315,1744654808.267203,1744654808.2676654,1744654808.2910993,1744654808.2938204,1744654808.299175,1744654808.3043103,1744654808.3048866,0.018938064575195312,0.00043892860412597656,0.015442609786987305,0.034819602966308594,0.010489940643310547,0.0005762577056884766,-0.005711555480957031,0.005354642868041992,0.04016923904418945
936,1744654808.275116,1744654808.2861104,1744654808.2865977,1744654808.3088815,1744654808.3113222,1744654808.3198962,1744654808.3295887,1744654808.330073,0.009316444396972656,0.0006055831909179688,0.01792597770690918,0.027848005294799805,0.01826643943786621,0.000484466552734375,-0.010176897048950195,0.00857400894165039,0.029015064239501953
938,1744654808.4878504,1744654808.4979527,1744654808.4986181,1744654808.5210996,1744654808.5214546,1744654808.5263915,1744654808.5375395,1744654808.5380287,0.004858255386352539,0.0006308555603027344,0.006061077117919922,0.011550188064575195,0.016084909439086914,0.0004892349243164062,-0.011637210845947266,0.004936933517456055,0.022263050079345703
941,1744654808.52974,1744654808.541145,1744654808.5412524,1744654808.5494468,1744654808.552024,1744654808.558073,1744654808.5628867,1744654808.5629883,0.005223751068115234,0.0005145072937011719,0.01764822006225586,0.023386478424072266,0.01086282730102539,0.00010156631469726562,-0.0049152374267578125,0.006049156188964844,0.033426523208618164
942,1744654808.5652432,1744654808.5739894,1744654808.574444,1744654808.5784292,1744654808.5800219,1744654808.5833843,1744654808.5869627,1744654808.5874515,0.02896904945373535,0.00048279762268066406,0.012511014938354492,0.04196286201477051,0.0069408416748046875,0.0004887580871582031,-0.004067182540893555,0.003362417221069336,0.04722785949707031
943,1744654808.726999,1744654808.7318943,1744654808.7322505,1744654808.7607274,1744654808.7616172,1744654808.7657495,1744654808.7715986,1744654808.7719717,0.011028051376342773,0.0005443096160888672,0.03176736831665039,0.04333972930908203,0.009981393814086914,0.0003731250762939453,-0.006222248077392578,0.004132270812988281,0.04705166816711426
944,1744654808.740492,1744654808.7594302,1744654808.759869,1744654808.7753117,1744654808.776947,1744654808.7806613,1744654808.785506,1744654808.7859287,0.025635957717895508,0.000545501708984375,0.026152849197387695,0.05233430862426758,0.008558988571166992,0.0004227161407470703,-0.00526738166809082,0.003714323043823242,0.058107614517211914
947,1744654808.7850063,1744654808.7943227,1744654808.7949283,1744654808.8128543,1744654808.8131602,1744654808.8140213,1744654808.8221772,1744654808.822796,0.010137319564819336,0.0005013942718505859,0.018886327743530273,0.029525041580200195,0.009016990661621094,0.0006189346313476562,-0.008774757385253906,0.0008611679077148438,0.03371405601501465
949,1744654808.9855883,1744654808.9904466,1744654808.9910774,1744654808.9971385,1744654808.9991827,1744654809.0078514,1744654809.0163345,1744654809.0169272,0.004134178161621094,0.0003540515899658203,0.0064928531646728516,0.010981082916259766,0.017151832580566406,0.0005927085876464844,-0.00907588005065918,0.008668661117553711,0.019037485122680664
950,1744654809.0242982,1744654809.029522,1744654809.0300364,1744654809.0476847,1744654809.048936,1744654809.0577247,1744654809.066094,1744654809.0664966,0.00813436508178711,8.749961853027344e-05,0.009171724319458008,0.01739358901977539,0.017158031463623047,0.00040268898010253906,-0.008771896362304688,0.008788824081420898,0.023064851760864258
952,1744654809.2274656,1744654809.2564347,1744654809.2569175,1744654809.2694285,1744654809.2704206,1744654809.2746935,1744654809.2886713,1744654809.2890775,0.014412879943847656,0.0005202293395996094,0.014430046081542969,0.029363155364990234,0.018250703811645508,0.0004062652587890625,-0.014384031295776367,0.004272937774658203,0.03431057929992676
954,1744654809.255555,1744654809.266583,1744654809.2671273,1744654809.2988946,1744654809.2997787,1744654809.3026066,1744654809.3142378,1744654809.3147824,0.009202241897583008,0.0005869865417480469,0.019197463989257812,0.028986692428588867,0.01445913314819336,0.0005445480346679688,-0.012175798416137695,0.002827882766723633,0.03773975372314453
955,1744654809.287658,1744654809.313294,1744654809.3138394,1744654809.3399923,1744654809.3416336,1744654809.3457656,1744654809.3540483,1744654809.354526,0.009387969970703125,0.0005381107330322266,0.03284454345703125,0.0427706241607666,0.012414693832397461,0.00047779083251953125,-0.008760452270507812,0.00413203239440918,0.0463411808013916
958,1744654809.4060116,1744654809.416149,1744654809.4166503,1744654809.4355366,1744654809.437565,1744654809.4397256,1744654809.4426858,1744654809.4433484,0.014734506607055664,0.000537872314453125,0.018570899963378906,0.033843278884887695,0.005120754241943359,0.0006625652313232422,-0.003622770309448242,0.0021605491638183594,0.04007530212402344
959,1744654809.5381932,1744654809.5423274,1744654809.5426815,1744654809.5491743,1744654809.5514922,1744654809.5572307,1744654809.563156,1744654809.563569,0.008467912673950195,8.559226989746094e-05,0.031891584396362305,0.04044508934020996,0.011663675308227539,0.0004131793975830078,-0.006338357925415039,0.005738496780395508,0.04600095748901367
960,1744654809.5653267,1744654809.573461,1744654809.5735486,1744654809.5827203,1744654809.5850155,1744654809.5883915,1744654809.5918622,1744654809.591976,0.013752460479736328,0.00037980079650878906,0.02823185920715332,0.04236412048339844,0.00684666633605957,0.00011372566223144531,-0.0035843849182128906,0.003376007080078125,0.047472476959228516
961,1744654809.5949883,1744654809.6094012,1744654809.6099215,1744654809.6243515,1744654809.625255,1744654809.629299,1744654809.633177,1744654809.6337905,0.00925755500793457,0.0004911422729492188,0.007048368453979492,0.01679706573486328,0.007921934127807617,0.0006134510040283203,-0.004491567611694336,0.0040438175201416016,0.022835969924926758
962,1744654809.6787124,1744654809.6879146,1744654809.6885016,1744654809.707699,1744654809.7086127,1744654809.7164521,1744654809.722735,1744654809.7231688,0.007909297943115234,0.00010585784912109375,0.013463020324707031,0.02147817611694336,0.014122247695922852,0.00043392181396484375,-0.006716728210449219,0.007839441299438477,0.0262908935546875
963,1744654809.694423,1744654809.703811,1744654809.704349,1744654809.7371936,1744654809.7382445,1744654809.7407641,1744654809.743625,1744654809.744112,0.007750988006591797,0.0005955696105957031,0.011244773864746094,0.019591331481933594,0.005380392074584961,0.0004870891571044922,-0.0033478736877441406,0.0025196075439453125,0.028252840042114258
964,1744654809.7181966,1744654809.7329311,1744654809.733469,1744654809.75204,1744654809.7525666,1744654809.758272,1744654809.7672005,1744654809.7676778,0.006081819534301758,0.0004761219024658203,0.009150505065917969,0.015708446502685547,0.014633893966674805,0.0004773139953613281,-0.009405851364135742,0.005705356597900391,0.023488998413085938
965,1744654809.7447095,1744654809.7531774,1744654809.753263,1744654809.7851546,1744654809.786344,1744654809.7907104,1744654809.793866,1744654809.7939477,0.010515213012695312,0.0007123947143554688,0.02613377571105957,0.03736138343811035,0.007521867752075195,8.177757263183594e-05,-0.0032372474670410156,0.004366397857666016,0.04502129554748535
966,1744654809.7718573,1744654809.7856097,1744654809.7859895,1744654809.8142214,1744654809.8159437,1744654809.8193297,1744654809.8296218,1744654809.8299887,0.01592564582824707,0.0006127357482910156,0.01235342025756836,0.028891801834106445,0.01367807388305664,0.0003669261932373047,-0.010658979415893555,0.0033860206604003906,0.03954339027404785
969,1744654809.8702214,1744654809.879479,1744654809.87997,1744654809.8870184,1744654809.8903778,1744654809.8930573,1744654809.896966,1744654809.8973842,0.009279012680053711,0.00039458274841308594,0.011562347412109375,0.021235942840576172,0.0065882205963134766,0.0004181861877441406,-0.004326820373535156,0.002679586410522461,0.03118729591369629
970,1744654809.9009407,1744654809.90885,1744654809.9089558,1744654809.9224188,1744654809.9233413,1744654809.9272316,1744654809.9343348,1744654809.9344547,0.008042335510253906,0.00042057037353515625,0.007689476013183594,0.016152381896972656,0.010993480682373047,0.00011992454528808594,-0.0072231292724609375,0.0038902759552001953,0.02491307258605957
971,1744654809.9479692,1744654809.9557202,1744654809.9563158,1744654809.9675605,1744654809.968656,1744654809.976222,1744654809.9800875,1744654809.9806468,0.008336305618286133,0.0006213188171386719,0.031667232513427734,0.04062485694885254,0.011431455612182617,0.0005593299865722656,-0.0044248104095458984,0.007565975189208984,0.04627490043640137
972,1744654810.0540276,1744654810.0601094,1744654810.0605855,1744654810.069736,1744654810.0712707,1744654810.0775166,1744654810.0805535,1744654810.0810034,0.02500128746032715,0.00043129920959472656,0.018629789352416992,0.04406237602233887,0.009282827377319336,0.00044989585876464844,-0.0034868717193603516,0.006245851516723633,0.048926591873168945
973,1744654810.2020357,1744654810.2125509,1744654810.2132633,1744654810.239397,1744654810.239962,1744654810.247057,1744654810.2520564,1744654810.2525492,0.006501913070678711,0.0005116462707519531,0.005165576934814453,0.012179136276245117,0.012094259262084961,0.0004928112030029297,-0.005492210388183594,0.007094860076904297,0.018831491470336914
975,1744654810.2554252,1744654810.2713509,1744654810.2719636,1744654810.284317,1744654810.285184,1744654810.2949686,1744654810.297881,1744654810.2984543,0.008843660354614258,0.0005409717559814453,0.009882211685180664,0.019266843795776367,0.012696981430053711,0.0005733966827392578,-0.0034856796264648438,0.009784698486328125,0.022685766220092773
976,1744654810.513441,1744654810.52272,1744654810.5231147,1744654810.534677,1744654810.5360835,1744654810.5446284,1744654810.5509715,1744654810.5513537,0.007829904556274414,0.0006639957427978516,0.02868342399597168,0.037177324295043945,0.01488804817199707,0.0003821849822998047,-0.006725311279296875,0.008544921875,0.04475760459899902
977,1744654810.6565735,1744654810.6646159,1744654810.6650364,1744654810.672726,1744654810.6749911,1744654810.6814866,1744654810.690084,1744654810.6905568,0.006392955780029297,0.0004985332489013672,0.008993148803710938,0.0158846378326416,0.015092849731445312,0.00047278404235839844,-0.009070158004760742,0.006495475769042969,0.02244853973388672
978,1744654810.725477,1744654810.7338133,1744654810.7344346,1744654810.7661018,1744654810.769155,1744654810.7717519,1744654810.77917,1744654810.7797942,0.008430719375610352,0.0005316734313964844,0.010710954666137695,0.01967334747314453,0.010015010833740234,0.0006241798400878906,-0.008042335510253906,0.0025968551635742188,0.026610851287841797
979,1744654810.753264,1744654810.7782652,1744654810.7786965,1744654810.7973263,1744654810.798138,1744654810.8021905,1744654810.8097837,1744654810.810173,0.008470535278320312,0.00041937828063964844,0.011499643325805664,0.020389556884765625,0.011645793914794922,0.00038933753967285156,-0.007982492446899414,0.004052639007568359,0.024621963500976562
981,1744654810.8755534,1744654810.8820553,1744654810.882567,1744654810.8877325,1744654810.889242,1744654810.8943849,1744654810.8990052,1744654810.8995252,0.007589101791381836,0.0004901885986328125,0.014534235000610352,0.022613525390625,0.009763240814208984,0.0005199909210205078,-0.0051403045654296875,0.005142927169799805,0.030791759490966797
982,1744654810.9089386,1744654810.9177823,1744654810.9183233,1744654810.9282055,1744654810.9288025,1744654810.9316244,1744654810.9368253,1744654810.937247,0.006974935531616211,0.0004360675811767578,0.005753993988037109,0.013164997100830078,0.008022785186767578,0.00042176246643066406,-0.0056226253509521484,0.0028219223022460938,0.0195620059967041
983,1744654810.9698656,1744654810.9776955,1744654810.9783595,1744654811.007043,1744654811.0090759,1744654811.0146232,1744654811.0211146,1744654811.021614,0.004446506500244141,0.00033855438232421875,0.003808259963989258,0.008593320846557617,0.012038707733154297,0.0004994869232177734,-0.006990909576416016,0.005547285079956055,0.010584592819213867
985,1744654811.1771336,1744654811.1835265,1744654811.184025,1744654811.1930182,1744654811.1940956,1744654811.199582,1744654811.2031007,1744654811.2035768,0.008649587631225586,0.00048279762268066406,0.02316427230834961,0.03229665756225586,0.009005069732666016,0.0004761219024658203,-0.00399470329284668,0.005486488342285156,0.04547548294067383
986,1744654811.2332864,1744654811.241717,1744654811.2422488,1744654811.2529597,1744654811.2550921,1744654811.2598972,1744654811.2656019,1744654811.2660975,0.01569676399230957,0.0004863739013671875,0.01298832893371582,0.029171466827392578,0.010509729385375977,0.0004956722259521484,-0.006200313568115234,0.004805088043212891,0.03550291061401367
987,1744654811.2675052,1744654811.2759757,1744654811.276395,1744654811.2878947,1744654811.2884145,1744654811.2921271,1744654811.2945716,1744654811.29506,0.007527351379394531,0.0005285739898681641,0.02515864372253418,0.033214569091796875,0.0061571598052978516,0.00048828125,-0.0029327869415283203,0.0037126541137695312,0.03931164741516113
988,1744654811.3008893,1744654811.3084784,1744654811.3089685,1744654811.3235028,1744654811.3252451,1744654811.331681,1744654811.3382308,1744654811.3387756,0.010729074478149414,0.0003829002380371094,0.027852535247802734,0.03896450996398926,0.012985706329345703,0.0005447864532470703,-0.007094621658325195,0.006435871124267578,0.0504918098449707
989,1744654811.360782,1744654811.3677568,1744654811.368193,1744654811.373947,1744654811.374993,1744654811.380344,1744654811.3845127,1744654811.3849034,0.03159904479980469,0.0005869865417480469,0.02633500099182129,0.05852103233337402,0.009519577026367188,0.00039076805114746094,-0.004559516906738281,0.005350828170776367,0.06500673294067383
990,1744654811.4051638,1744654811.4096103,1744654811.4099488,1744654811.413757,1744654811.414449,1744654811.4157484,1744654811.4197407,1744654811.4200783,0.0173799991607666,0.0002720355987548828,0.010504484176635742,0.028156518936157227,0.00529170036315918,0.0003376007080078125,-0.0043299198150634766,0.0012993812561035156,0.03296375274658203
991,1744654811.4533782,1744654811.4620278,1744654811.4625106,1744654811.4856749,1744654811.4877024,1744654811.4988537,1744654811.5132494,1744654811.5137017,0.0029230117797851562,0.0004744529724121094,0.0008099079132080078,0.0042073726654052734,0.025547027587890625,0.00045228004455566406,-0.014847993850708008,0.011151313781738281,0.004682302474975586
992,1744654811.5017397,1744654811.5174365,1744654811.5179229,1744654811.5309112,1744654811.5330944,1744654811.5372427,1744654811.5414784,1744654811.5419862,0.0023355484008789062,0.0005359649658203125,0.0024149417877197266,0.005286455154418945,0.008383989334106445,0.0005078315734863281,-0.0047435760498046875,0.004148244857788086,0.008146047592163086
993,1744654811.8020456,1744654811.809573,1744654811.8101015,1744654811.8352602,1744654811.8376305,1744654811.8413572,1744654811.8519177,1744654811.8524904,0.0024662017822265625,0.00042748451232910156,0.014951944351196289,0.017845630645751953,0.014287233352661133,0.0005726814270019531,-0.011133193969726562,0.0037267208099365234,0.018294811248779297
996,1744654811.8621206,1744654811.8728497,1744654811.8732326,1744654811.9010851,1744654811.903993,1744654811.9126124,1744654811.919861,1744654811.9202495,0.007820367813110352,0.000652313232421875,0.006948232650756836,0.015420913696289062,0.015868186950683594,0.0003883838653564453,-0.00763702392578125,0.008619546890258789,0.020228147506713867
998,1744654811.9989674,1744654812.0305665,1744654812.0311534,1744654812.0574884,1744654812.059777,1744654812.0639741,1744654812.08024,1744654812.0806894,0.005368471145629883,0.0008244514465332031,0.018433809280395508,0.024626731872558594,0.020462989807128906,0.0004494190216064453,-0.016715288162231445,0.004197120666503906,0.027168750762939453
1001,1744654812.0695815,1744654812.0869615,1744654812.0872335,1744654812.097738,1744654812.0990193,1744654812.1025453,1744654812.1084898,1744654812.1088738,0.011162281036376953,0.00039458274841308594,0.023095130920410156,0.034651994705200195,0.009470462799072266,0.0003840923309326172,-0.006328582763671875,0.003525972366333008,0.034908294677734375
1002,1744654970.4434512,1744654970.4463742,1744654970.4468486,1744654970.4476585,1744654970.447863,1744654970.4481335,1744654970.4497077,1744654970.4501305,0.010316610336303711,0.00039839744567871094,0.01157522201538086,0.02229022979736328,0.001844644546508789,0.0004227161407470703,-0.0019969940185546875,0.0002703666687011719,0.022682905197143555
1003,1744654974.6678312,1744654974.6701667,1744654974.6707027,1744654974.6731176,1744654974.6740947,1744654974.6759772,1744654974.6805954,1744654974.68122,0.008433341979980469,0.0006594657897949219,0.009292125701904297,0.018384933471679688,0.006500720977783203,0.0006246566772460938,-0.005242824554443359,0.0018825531005859375,0.018739938735961914
1004,1744654974.683681,1744654974.6861472,1744654974.6865747,1744654974.7015266,1744654974.701736,1744654974.7019758,1744654974.7095094,1744654974.710424,0.005508899688720703,0.0010638236999511719,0.0035009384155273438,0.010073661804199219,0.007773399353027344,0.0009145736694335938,-0.008448123931884766,0.00023984909057617188,0.013136625289916992
1006,1744654974.6996262,1744654974.7074466,1744654974.708099,1744654974.7150471,1744654974.715436,1744654974.7198544,1744654974.7263572,1744654974.7270193,0.0019690990447998047,0.0006229877471923828,0.00276947021484375,0.0053615570068359375,0.010921239852905273,0.0006620883941650391,-0.007164955139160156,0.004418373107910156,0.005655527114868164
1007,1744654974.7070308,1744654974.7123992,1744654974.7132237,1744654974.7316575,1744654974.7320254,1744654974.7341995,1744654974.7451177,1744654974.7456238,0.008651018142700195,0.0008330345153808594,0.08457422256469727,0.09405827522277832,0.013092279434204102,0.0005061626434326172,-0.01142430305480957,0.0021741390228271484,0.10249924659729004
1009,1744654974.726216,1744654974.7373784,1744654974.737773,1744654974.760868,1744654974.7609322,1744654974.7611244,1744654974.7686985,1744654974.76953,0.042203426361083984,0.0005087852478027344,0.09450864791870117,0.1372208595275879,0.007766246795654297,0.00083160400390625,-0.008405685424804688,0.00019216537475585938,0.13784193992614746
1011,1744654974.7524285,1744654974.7627451,1744654974.7631435,1744654974.7747188,1744654974.774882,1744654974.7751114,1744654974.7803288,1744654974.7809122,0.05406785011291504,0.0005600452423095703,0.08416175842285156,0.13878965377807617,0.005446672439575195,0.0005834102630615234,-0.005800724029541016,0.00022935867309570312,0.14001107215881348
1014,1744654974.7625473,1744654974.7709806,1744654974.77164,1744654974.7809322,1744654974.78107,1744654974.7812872,1744654974.7855105,1744654974.7858658,0.02593207359313965,0.0004203319549560547,0.08840823173522949,0.1147606372833252,0.0044405460357666016,0.0003552436828613281,-0.004578590393066406,0.00021719932556152344,0.1215202808380127
1017,1744654974.7759218,1744654974.7814307,1744654974.7824945,1744654974.7859955,1744654974.7867036,1744654974.7890584,1744654974.791442,1744654974.792074,0.014011621475219727,0.0006148815155029297,0.09842896461486816,0.11305546760559082,0.004738330841064453,0.0006320476531982422,-0.0030155181884765625,0.002354860305786133,0.11677408218383789
1020,1744654974.7968276,1744654974.7987967,1744654974.7994196,1744654974.802189,1744654974.8022745,1744654974.802483,1744654974.8048918,1744654974.8054976,0.04779696464538574,0.0005483627319335938,0.04428982734680176,0.0926351547241211,0.002617359161376953,0.0006058216094970703,-0.0030145645141601562,0.0002086162567138672,0.09737968444824219
1022,1744654974.8392847,1744654974.8479357,1744654974.8487687,1744654974.933343,1744654974.9350336,1744654974.941784,1744654974.956833,1744654974.9572918,0.03536057472229004,0.0004515647888183594,0.04752945899963379,0.08334159851074219,0.021799325942993164,0.0004589557647705078,-0.015507936477661133,0.006750345230102539,0.08644294738769531
1023,1744654974.8680363,1744654974.9102397,1744654974.9107485,1744654975.0052571,1744654975.0054445,1744654975.0058782,1744654975.0405014,1744654975.0412605,0.03653454780578613,0.0004956722259521484,0.05103015899658203,0.08806037902832031,0.03505682945251465,0.000759124755859375,-0.03538227081298828,0.0004336833953857422,0.09261703491210938
1024,1744654974.8927815,1744654974.9468493,1744654974.9474094,1744654975.0315711,1744654975.0324423,1744654975.0327926,1744654975.1082492,1744654975.1087518,0.08984589576721191,0.0005614757537841797,0.035961151123046875,0.12636852264404297,0.07580685615539551,0.0005025863647460938,-0.0759592056274414,0.0003502368927001953,0.13104581832885742
1025,1744654974.925836,1744654974.9517682,1744654974.9521885,1744654975.0405967,1744654975.0410812,1744654975.0473564,1744654975.0719023,1744654975.072746,0.08751201629638672,0.00043082237243652344,0.0380098819732666,0.12595272064208984,0.03082108497619629,0.0008437633514404297,-0.025389671325683594,0.006275177001953125,0.13948750495910645
1026,1744654974.9435866,1744654974.9575982,1744654974.958213,1744654975.056642,1744654975.0572677,1744654975.0603607,1744654975.0748663,1744654975.075417,0.0342402458190918,0.0005528926849365234,0.04101991653442383,0.07581305503845215,0.017598628997802734,0.0005507469177246094,-0.015056371688842773,0.0030930042266845703,0.08200716972351074
1027,1744654974.9845583,1744654975.0323553,1744654975.0329037,1744654975.0771935,1744654975.078044,1744654975.081938,1744654975.1105072,1744654975.111032,0.025202512741088867,0.0005757808685302734,0.04565000534057617,0.07142829895019531,0.03246331214904785,0.0005247592926025391,-0.02909398078918457,0.0038940906524658203,0.07586479187011719
1028,1744654975.0041134,1744654975.039474,1744654975.0399256,1744654975.087455,1744654975.0880785,1744654975.0905564,1744654975.1125731,1744654975.1129532,0.01255941390991211,0.0007498264312744141,0.052539825439453125,0.06584906578063965,0.024494647979736328,0.0003800392150878906,-0.02239680290222168,0.002477884292602539,0.06855630874633789
1029,1744654975.0061886,1744654975.0427232,1744654975.0432189,1744654975.094249,1744654975.094576,1744654975.0988057,1744654975.1167843,1744654975.117178,0.028754711151123047,0.0008616447448730469,0.05124831199645996,0.08086466789245605,0.022208452224731445,0.0003936290740966797,-0.018372297286987305,0.00422978401184082,0.08673882484436035
1030,1744654975.0151186,1744654975.1049645,1744654975.105526,1744654975.1414871,1744654975.142959,1744654975.1461644,1744654975.1786647,1744654975.1791215,0.002148866653442383,0.0005037784576416016,0.0008254051208496094,0.0034780502319335938,0.03570556640625,0.00045680999755859375,-0.03295707702636719,0.0032052993774414062,0.003909587860107422
1031,1744654975.0222137,1744654975.1097257,1744654975.1101565,1744654975.1481664,1744654975.1484962,1744654975.1617012,1744654975.1794314,1744654975.1800532,0.005473613739013672,0.0004248619079589844,0.007337331771850586,0.013235807418823242,0.030935287475585938,0.000621795654296875,-0.018352031707763672,0.01320505142211914,0.0180971622467041
1032,1744654975.0328987,1744654975.067139,1744654975.0676918,1744654975.1087117,1744654975.1090484,1744654975.1149058,1744654975.1346202,1744654975.1352053,0.011286735534667969,0.0004999637603759766,0.023584604263305664,0.03537130355834961,0.025571823120117188,0.0005850791931152344,-0.020299434661865234,0.0058574676513671875,0.04378008842468262
1033,1744654975.0483387,1744654975.0735412,1744654975.074117,1744654975.119767,1744654975.1206098,1744654975.1242034,1744654975.1386812,1744654975.1390464,0.013266324996948242,0.0005114078521728516,0.03756070137023926,0.05133843421936035,0.018071413040161133,0.00036525726318359375,-0.014842987060546875,0.0035936832427978516,0.061042070388793945
1034,1744654975.063116,1744654975.0756755,1744654975.0764253,1744654975.1289651,1744654975.129656,1744654975.1316724,1744654975.1425169,1744654975.1430795,0.0122528076171875,0.0005102157592773438,0.01160287857055664,0.024365901947021484,0.012860774993896484,0.0005626678466796875,-0.011407136917114258,0.002016305923461914,0.027821063995361328
1035,1744654975.0827405,1744654975.1114953,1744654975.112357,1744654975.1636052,1744654975.164851,1744654975.1694794,1744654975.182848,1744654975.183331,0.009661674499511719,0.0005397796630859375,0.020253419876098633,0.03045487403869629,0.017997026443481445,0.0004830360412597656,-0.013851642608642578,0.004628419876098633,0.03294682502746582
1043,1744654975.2811005,1744654975.2832494,1744654975.2837532,1744654975.2845786,1744654975.2846525,1744654975.28501,1744654975.2866054,1744654975.2870712,0.0059316158294677734,0.00043773651123046875,0.004413604736328125,0.010782957077026367,0.0019528865814208984,0.0004658699035644531,-0.002061128616333008,0.00035762786865234375,0.019927263259887695
1044,1744654975.7107034,1744654975.716177,1744654975.7166018,1744654975.7239392,1744654975.7247815,1744654975.7288005,1744654975.7417865,1744654975.7422369,0.008964300155639648,0.0005123615264892578,0.005730628967285156,0.015207290649414062,0.017004966735839844,0.00045037269592285156,-0.013436317443847656,0.004019021987915039,0.0203096866607666
1045,1744654975.7327666,1744654975.7440534,1744654975.7445533,1744654975.768138,1744654975.7714214,1744654975.7765467,1744654975.7810256,1744654975.7815056,0.007394075393676758,0.0006196498870849609,0.007282257080078125,0.015295982360839844,0.009604215621948242,0.0004799365997314453,-0.0049588680267333984,0.005125284194946289,0.018381834030151367
1046,1744654975.8973615,1744654975.9106278,1744654975.9111392,1744654975.9487,1744654975.9492433,1744654975.9584036,1744654975.9755297,1744654975.9759996,0.007457733154296875,0.0005052089691162109,0.010544300079345703,0.01850724220275879,0.02628636360168457,0.0004699230194091797,-0.017596006393432617,0.009160280227661133,0.02492046356201172
1049,1744654975.963952,1744654975.9762049,1744654975.976715,1744654975.988318,1744654975.9891405,1744654975.9917731,1744654975.9984572,1744654975.9989038,0.009071826934814453,0.0005567073822021484,0.013260602951049805,0.022889137268066406,0.009316682815551758,0.00044655799865722656,-0.007130622863769531,0.002632617950439453,0.03304910659790039
1050,1744654976.0458794,1744654976.055541,1744654976.0560808,1744654976.0763342,1744654976.0767822,1744654976.0788262,1744654976.0842178,1744654976.084758,0.005274057388305664,0.0004305839538574219,0.015425920486450195,0.02113056182861328,0.00743556022644043,0.0005402565002441406,-0.005931854248046875,0.0020439624786376953,0.027074098587036133
1051,1744654976.1459002,1744654976.1518319,1744654976.1522696,1744654976.1566832,1744654976.1587708,1744654976.1658275,1744654976.1713612,1744654976.1718848,0.007856369018554688,0.0005328655242919922,0.012502431869506836,0.020891666412353516,0.012590408325195312,0.0005235671997070312,-0.006057262420654297,0.007056713104248047,0.02738666534423828
1052,1744654976.177468,1744654976.1864324,1744654976.1869447,1744654976.1926754,1744654976.193801,1744654976.1977777,1744654976.2027197,1744654976.2031386,0.006283998489379883,0.00041961669921875,0.01378011703491211,0.020483732223510742,0.00891876220703125,0.0004189014434814453,-0.005360841751098633,0.0039768218994140625,0.03057718276977539
1053,1744654976.1994002,1744654976.2067943,1744654976.207414,1744654976.2146962,1744654976.2154129,1744654976.217782,1744654976.2212808,1744654976.2219355,0.012368917465209961,0.0005028247833251953,0.009640216827392578,0.022511959075927734,0.005867958068847656,0.0006546974182128906,-0.00415349006652832,0.0023691654205322266,0.028090238571166992
1054,1744654976.3315825,1744654976.3390403,1744654976.3395455,1744654976.3500898,1744654976.3516774,1744654976.356503,1744654976.3609104,1744654976.361378,0.01474452018737793,0.0005955696105957031,0.026180267333984375,0.04152035713195801,0.00923299789428711,0.00046753883361816406,-0.0048749446868896484,0.004825592041015625,0.04594707489013672
1055,1744654976.41183,1744654976.4209018,1744654976.4214585,1744654976.434719,1744654976.4359744,1744654976.444879,1744654976.4518464,1744654976.4524727,0.006016254425048828,0.0005109310150146484,0.0063076019287109375,0.012834787368774414,0.01587200164794922,0.0006263256072998047,-0.007593631744384766,0.008904695510864258,0.01898336410522461
1056,1744654976.4760268,1744654976.4813008,1744654976.4817314,1744654976.4971573,1744654976.499049,1744654976.5031009,1744654976.508569,1744654976.5089984,0.009094715118408203,0.0004849433898925781,0.0014278888702392578,0.011007547378540039,0.00952005386352539,0.00042939186096191406,-0.00589752197265625,0.004051923751831055,0.020639896392822266
1057,1744654976.5247664,1744654976.5326228,1744654976.5331557,1744654976.545658,1744654976.5489476,1744654976.552153,1744654976.561295,1744654976.561778,0.012665748596191406,0.0004184246063232422,0.03955245018005371,0.05263662338256836,0.01234745979309082,0.0004830360412597656,-0.009624958038330078,0.003205537796020508,0.05737924575805664
1058,1744654976.6500957,1744654976.6563797,1744654976.6567993,1744654976.6705794,1744654976.672751,1744654976.680673,1744654976.6837065,1744654976.6840746,0.010407447814941406,0.0003039836883544922,0.02261519432067871,0.03332662582397461,0.010955572128295898,0.0003681182861328125,-0.0034017562866210938,0.007921934127807617,0.03867292404174805
1059,1744654976.7334697,1744654976.7458386,1744654976.7463415,1744654976.7559817,1744654976.7581239,1744654976.76156,1744654976.7653482,1744654976.765801,0.007999897003173828,0.0004794597625732422,0.012314081192016602,0.020793437957763672,0.007224321365356445,0.0004527568817138672,-0.004240989685058594,0.0034360885620117188,0.025912761688232422
1060,1744654976.8101044,1744654976.824849,1744654976.8254445,1744654976.8516247,1744654976.853194,1744654976.8560514,1744654976.864708,1744654976.8651643,0.005260467529296875,0.0004410743713378906,0.007626533508300781,0.013328075408935547,0.011513948440551758,0.0004563331604003906,-0.009112834930419922,0.0028574466705322266,0.01992487907409668
1063,1744654976.8653607,1744654976.871377,1744654976.871888,1744654976.8781955,1744654976.880331,1744654976.884344,1744654976.8893843,1744654976.8898873,0.01100611686706543,0.0005357265472412109,0.04277539253234863,0.05431723594665527,0.009053230285644531,0.0005030632019042969,-0.005543231964111328,0.0040130615234375,0.06555008888244629
1064,1744654976.9172018,1744654976.9262965,1744654976.9267814,1744654976.9282093,1744654976.9286625,1744654976.9378417,1744654976.943916,1744654976.9443266,0.02707672119140625,0.0003771781921386719,0.03551197052001953,0.06296586990356445,0.015253543853759766,0.0004105567932128906,-0.0064849853515625,0.009179115295410156,0.07041168212890625
1065,1744654976.9583993,1744654976.971065,1744654976.9714835,1744654977.011036,1744654977.0120323,1744654977.0157785,1744654977.0242586,1744654977.0247064,0.015780925750732422,0.0004825592041015625,0.052693843841552734,0.06895732879638672,0.012226343154907227,0.0004477500915527344,-0.00892782211303711,0.0037462711334228516,0.07265877723693848
1067,1744654977.0000947,1744654977.010502,1744654977.010806,1744654977.0334213,1744654977.0352843,1744654977.0387676,1744654977.0461636,1744654977.046436,0.010382890701293945,0.0007240772247314453,0.05381941795349121,0.0649263858795166,0.010879278182983398,0.00027251243591308594,-0.007668495178222656,0.003483295440673828,0.07412123680114746
1069,1744654977.090997,1744654977.0989969,1744654977.0994763,1744654977.1117904,1744654977.1125731,1744654977.1169097,1744654977.12131,1744654977.121806,0.016649723052978516,0.0006458759307861328,0.06818771362304688,0.08548331260681152,0.008736848831176758,0.00049591064453125,-0.0048961639404296875,0.00433659553527832,0.09240984916687012
1070,1744654977.2329178,1744654977.2381783,1744654977.2386193,1744654977.2462459,1744654977.2476692,1744654977.2528427,1744654977.2552567,1744654977.2556853,0.037099599838256836,0.0004394054412841797,0.05903792381286621,0.09657692909240723,0.007587432861328125,0.0004286766052246094,-0.0028426647186279297,0.005173444747924805,0.09926629066467285
1071,1744654977.356233,1744654977.367239,1744654977.3677747,1744654977.41055,1744654977.4123285,1744654977.421783,1744654977.457873,1744654977.45876,0.019822359085083008,0.0004982948303222656,0.06844854354858398,0.08876919746398926,0.04554462432861328,0.0008869171142578125,-0.03697705268859863,0.009454488754272461,0.09419870376586914
1075,1744654977.442739,1744654977.4698157,1744654977.470193,1744654977.5057049,1744654977.5065396,1744654977.5131507,1744654977.5206416,1744654977.5211217,0.030014753341674805,0.0004754066467285156,0.026290416717529297,0.05678057670593262,0.014101982116699219,0.0004801750183105469,-0.007971048355102539,0.0066111087799072266,0.06296944618225098
1078,1744654977.5621042,1744654977.5778852,1744654977.5783677,1744654977.6310616,1744654977.632725,1744654977.634763,1744654977.657561,1744654977.658075,0.007158517837524414,0.0005950927734375,0.007800579071044922,0.015554189682006836,0.024836063385009766,0.0005140304565429688,-0.023312091827392578,0.0020380020141601562,0.018722057342529297
1079,1744654977.5973768,1744654977.6077597,1744654977.6084838,1744654977.6623032,1744654977.6655357,1744654977.671498,1744654977.694057,1744654977.6945715,0.003776073455810547,0.00041222572326660156,0.003715991973876953,0.007904291152954102,0.028521299362182617,0.0005145072937011719,-0.023073434829711914,0.005962371826171875,0.011189699172973633
1080,1744654977.6259668,1744654977.6426165,1744654977.6432624,1744654977.71145,1744654977.7150602,1744654977.7183766,1744654977.730189,1744654977.7308433,0.015072107315063477,0.0004892349243164062,0.02133011817932129,0.03689146041870117,0.015128850936889648,0.0006542205810546875,-0.012466669082641602,0.0033164024353027344,0.04654049873352051
1081,1744654977.648714,1744654977.6858137,1744654977.686253,1744654977.745291,1744654977.7459743,1744654977.7479804,1744654977.769952,1744654977.77048,0.0061798095703125,0.0004382133483886719,0.0047223567962646484,0.01134037971496582,0.02397775650024414,0.0005278587341308594,-0.022499561309814453,0.002006053924560547,0.015705108642578125
1082,1744654977.6750045,1744654977.6948268,1744654977.6953251,1744654977.7637737,1744654977.7647722,1744654977.7692032,1744654977.7827961,1744654977.7831905,0.005849123001098633,0.0005273818969726562,0.02813863754272461,0.0345151424407959,0.018023967742919922,0.0003943443298339844,-0.013987302780151367,0.004431009292602539,0.04385089874267578
1084,1744654977.7302172,1744654977.760232,1744654977.7607074,1744654977.7869978,1744654977.7881992,1744654977.7931867,1744654977.801655,1744654977.802204,0.006779193878173828,0.0003955364227294922,0.004986286163330078,0.012161016464233398,0.013455867767333984,0.0005488395690917969,-0.009017229080200195,0.004987478256225586,0.016028642654418945
1088,1744654977.8851013,1744654977.8922598,1744654977.892855,1744654977.9006555,1744654977.9012449,1744654977.9038234,1744654977.9080682,1744654977.908649,0.007735013961791992,0.0005218982696533203,0.007012605667114258,0.01526951789855957,0.006823301315307617,0.0005807876586914062,-0.004825592041015625,0.0025784969329833984,0.026422500610351562
1089,1744654977.9943738,1744654977.9981499,1744654977.998562,1744654978.002278,1744654978.0025527,1744654978.0055635,1744654978.0211036,1744654978.0215073,0.009739398956298828,0.0006489753723144531,0.026626110076904297,0.03701448440551758,0.018550872802734375,0.0004036426544189453,-0.01594376564025879,0.0030107498168945312,0.04410576820373535
1090,1744654978.0114393,1744654978.0265114,1744654978.0270007,1744654978.0483308,1744654978.0502112,1744654978.0579798,1744654978.0647893,1744654978.0652835,0.005922079086303711,0.0004279613494873047,0.004284381866455078,0.010634422302246094,0.014578104019165039,0.0004942417144775391,-0.007303714752197266,0.0077686309814453125,0.015825986862182617
1091,1744654978.0969768,1744654978.1031566,1744654978.1035948,1744654978.1083171,1744654978.109237,1744654978.1126819,1744654978.116357,1744654978.116784,0.011088371276855469,0.00041794776916503906,0.006966829299926758,0.018473148345947266,0.0071201324462890625,0.00042700767517089844,-0.004102230072021484,0.0034449100494384766,0.027723312377929688
1092,1744654978.217071,1744654978.2229202,1744654978.2234476,1744654978.2515862,1744654978.2532852,1744654978.260922,1744654978.2665522,1744654978.2671077,0.014178037643432617,0.0004706382751464844,0.03193926811218262,0.04658794403076172,0.013267040252685547,0.0005555152893066406,-0.006185770034790039,0.0076367855072021484,0.04938244819641113
1094,1744654978.2799695,1744654978.2867486,1744654978.2871442,1744654978.2921305,1744654978.2932127,1744654978.295998,1744654978.3004787,1744654978.3008716,0.015128850936889648,0.0005168914794921875,0.016701936721801758,0.032347679138183594,0.007266044616699219,0.000392913818359375,-0.004873514175415039,0.0027854442596435547,0.04137468338012695
1095,1744654978.370181,1744654978.377916,1744654978.378438,1744654978.3854506,1744654978.388426,1744654978.3966036,1744654978.4113753,1744654978.4119112,0.009665489196777344,0.0005521774291992188,0.02414536476135254,0.0343630313873291,0.02294921875,0.0005359649658203125,-0.01530766487121582,0.008177518844604492,0.03756403923034668
1096,1744654978.4025161,1744654978.4122555,1744654978.4129045,1744654978.4395306,1744654978.440743,1744654978.446622,1744654978.4572363,1744654978.4576564,0.008948326110839844,0.00044798851013183594,0.041870832443237305,0.051267147064208984,0.01649332046508789,0.0004200935363769531,-0.011034488677978516,0.005878925323486328,0.05680251121520996
1097,1744654978.4866195,1744654978.4925416,1744654978.4929695,1744654978.497254,1744654978.497814,1744654978.5024455,1744654978.505314,1744654978.5057445,0.008490324020385742,0.0005815029144287109,0.008798360824584961,0.017870187759399414,0.007500171661376953,0.0004303455352783203,-0.0032989978790283203,0.004631519317626953,0.019463062286376953
1098,1744654978.5128677,1744654978.523956,1744654978.524374,1744654978.5313408,1744654978.532539,1744654978.540591,1744654978.5441546,1744654978.5445626,0.0057027339935302734,0.0004267692565917969,0.0075740814208984375,0.013703584671020508,0.011615753173828125,0.00040793418884277344,-0.003971576690673828,0.00805211067199707,0.020348310470581055
1099,1744654978.5476992,1744654978.5618773,1744654978.562348,1744654978.5942872,1744654978.5949636,1744654978.5970817,1744654978.60708,1744654978.6074924,0.005930900573730469,0.00044465065002441406,0.00438690185546875,0.010762453079223633,0.012116432189941406,0.0004124641418457031,-0.010410785675048828,0.0021181106567382812,0.013727188110351562
1100,1744654978.5864804,1744654978.6016092,1744654978.6021261,1744654978.618828,1744654978.622923,1744654978.627855,1744654978.6337447,1744654978.6343043,0.011590719223022461,0.0004608631134033203,0.020325899124145508,0.03237748146057129,0.010821819305419922,0.0005595684051513672,-0.006449222564697266,0.0049321651458740234,0.03584098815917969
1101,1744654978.599936,1744654978.6096015,1744654978.6101537,1744654978.634299,1744654978.6348817,1744654978.6375,1744654978.6423259,1744654978.642969,0.005275249481201172,0.0004673004150390625,0.006727695465087891,0.012470245361328125,0.007444143295288086,0.0006430149078369141,-0.005468845367431641,0.0026183128356933594,0.017521381378173828
1103,1744654978.7122538,1744654978.7212021,1744654978.7216501,1744654978.763521,1744654978.7644567,1744654978.7690563,1744654978.7768013,1744654978.7772558,0.006668806076049805,0.0004544258117675781,0.02373981475830078,0.030863046646118164,0.012344598770141602,0.0004544258117675781,-0.008199453353881836,0.004599571228027344,0.038394927978515625
1106,1744654978.8083797,1744654978.81687,1744654978.8174515,1744654978.8262498,1744654978.8267639,1744654978.8278427,1744654978.8311372,1744654978.8316526,0.006893157958984375,0.0005583763122558594,0.01483917236328125,0.022290706634521484,0.004373311996459961,0.0005154609680175781,-0.0038099288940429688,0.0010788440704345703,0.03161931037902832
1107,1744654978.924008,1744654978.9297106,1744654978.9301374,1744654978.9377115,1744654978.9386978,1744654978.9443562,1744654978.9474263,1744654978.9478211,0.010832548141479492,0.00034499168395996094,0.012418031692504883,0.023595571517944336,0.008728504180908203,0.0003948211669921875,-0.003464937210083008,0.005658388137817383,0.031177282333374023
1108,1744654978.9587777,1744654978.9647086,1744654978.9651532,1744654978.96954,1744654978.9706092,1744654978.9725049,1744654978.9753096,1744654978.9757843,0.008362770080566406,0.00038504600524902344,0.008002519607543945,0.016750335693359375,0.004700422286987305,0.00047469139099121094,-0.003279447555541992,0.0018956661224365234,0.021084308624267578
1109,1744654978.990524,1744654979.0021148,1744654979.0025756,1744654979.0229015,1744654979.0235891,1744654979.026365,1744654979.0315974,1744654979.0320637,0.010533809661865234,0.0004100799560546875,0.009784221649169922,0.020728111267089844,0.008008241653442383,0.00046634674072265625,-0.005698680877685547,0.002775907516479492,0.026577234268188477
1111,1744654979.0448463,1744654979.0501215,1744654979.0505888,1744654979.0573165,1744654979.0582912,1744654979.0623677,1744654979.0657363,1744654979.066192,0.0051097869873046875,0.0003104209899902344,0.011033058166503906,0.016453266143798828,0.007445096969604492,0.00045561790466308594,-0.0038242340087890625,0.004076480865478516,0.020192384719848633
1112,1744654979.1178653,1744654979.1245341,1744654979.1249886,1744654979.1487284,1744654979.1501217,1744654979.1562603,1744654979.1669135,1744654979.1673503,0.006351947784423828,0.0005533695220947266,0.008414506912231445,0.01531982421875,0.016791820526123047,0.0004367828369140625,-0.01109004020690918,0.00613856315612793,0.021036386489868164
1113,1744654979.22804,1744654979.2349331,1744654979.2354915,1744654979.2503307,1744654979.2540448,1744654979.2596593,1744654979.2714102,1744654979.27192,0.012137651443481445,0.0004601478576660156,0.028603553771972656,0.04120135307312012,0.017365455627441406,0.0005097389221191406,-0.012260675430297852,0.005614519119262695,0.050046443939208984
1114,1744654979.2613616,1744654979.2721941,1744654979.2725391,1744654979.2849572,1744654979.2856438,1744654979.292539,1744654979.3006046,1744654979.30093,0.015072107315063477,0.00044727325439453125,0.021077871322631836,0.036597251892089844,0.014960765838623047,0.0003254413604736328,-0.008391141891479492,0.0068950653076171875,0.04140353202819824
1115,1744654979.296883,1744654979.3052459,1744654979.305631,1744654979.3136334,1744654979.3140934,1744654979.3179674,1744654979.3278303,1744654979.328229,0.003907442092895508,0.0003917217254638672,0.005936622619628906,0.010235786437988281,0.013736963272094727,0.0003986358642578125,-0.01026153564453125,0.003874063491821289,0.020345687866210938
1116,1744654979.3224623,1744654979.3329961,1744654979.3334062,1744654979.3431904,1744654979.3458686,1744654979.3490396,1744654979.3544383,1744654979.3548672,0.008592844009399414,0.00040340423583984375,0.010573625564575195,0.019569873809814453,0.008569717407226562,0.00042891502380371094,-0.005827665328979492,0.0031709671020507812,0.021620750427246094
1117,1744654979.496812,1744654979.501922,1744654979.5022323,1744654979.5132654,1744654979.5140462,1744654979.5170045,1744654979.5226626,1744654979.5229652,0.0038547515869140625,0.0004696846008300781,0.010721683502197266,0.015046119689941406,0.008616447448730469,0.0003025531768798828,-0.005960702896118164,0.0029582977294921875,0.022214174270629883
1118,1744654979.5484827,1744654979.5548346,1744654979.555388,1744654979.5638025,1744654979.566153,1744654979.569519,1744654979.573934,1744654979.5743892,0.0031926631927490234,0.0005548000335693359,0.005182504653930664,0.008929967880249023,0.007781028747558594,0.0004551410675048828,-0.004870176315307617,0.0033659934997558594,0.013932228088378906
1119,1744654979.5738616,1744654979.5859993,1744654979.5864594,1744654979.615063,1744654979.6190004,1744654979.623908,1744654979.637237,1744654979.6376586,0.004996776580810547,0.0004410743713378906,0.011114358901977539,0.016552209854125977,0.018236637115478516,0.0004215240478515625,-0.013750553131103516,0.0049076080322265625,0.021332502365112305
1120,1744654979.6875477,1744654979.7026198,1744654979.703067,1744654979.724145,1744654979.7253883,1744654979.7289512,1744654979.7357597,1744654979.736178,0.004906177520751953,0.0003662109375,0.007867097854614258,0.013139486312866211,0.01037144660949707,0.0004181861877441406,-0.007226705551147461,0.00356292724609375,0.018595218658447266
1122,1744654979.7476263,1744654979.7515337,1744654979.7519255,1744654979.757862,1744654979.761702,1744654979.767972,1744654979.7715788,1744654979.7719877,0.008730173110961914,0.000400543212890625,0.019389629364013672,0.02852034568786621,0.009876728057861328,0.0004088878631591797,-0.004015684127807617,0.006269931793212891,0.038362741470336914
1123,1744654979.7789621,1744654979.787555,1744654979.7879584,1744654979.798532,1744654979.7990491,1744654979.800583,1744654979.8050334,1744654979.8055048,0.007245779037475586,0.00045871734619140625,0.005222797393798828,0.01292729377746582,0.005984306335449219,0.00047135353088378906,-0.004921913146972656,0.0015337467193603516,0.022255420684814453
1124,1744654979.827585,1744654979.8314397,1744654979.8319094,1744654979.842631,1744654979.8445127,1744654979.8497992,1744654979.8560226,1744654979.8565083,0.007987737655639648,0.00041556358337402344,0.00767970085144043,0.0160830020904541,0.011509895324707031,0.0004856586456298828,-0.006709098815917969,0.005286455154418945,0.024625062942504883
1125,1744654979.9401166,1744654979.9433093,1744654979.943864,1744654979.9490466,1744654979.9524815,1744654979.9540489,1744654979.9581091,1744654979.9586682,0.008842945098876953,0.0005414485931396484,0.0071871280670166016,0.016571521759033203,0.005627632141113281,0.0005590915679931641,-0.0046193599700927734,0.0015673637390136719,0.030254840850830078
1126,1744654979.9617915,1744654979.9667883,1744654979.9672294,1744654979.9783437,1744654979.9790654,1744654979.983124,1744654979.98597,1744654979.9863808,0.010299205780029297,0.0006039142608642578,0.01223897933959961,0.023142099380493164,0.00690460205078125,0.0004107952117919922,-0.0032567977905273438,0.0040585994720458984,0.030194997787475586
1127,1744654979.990693,1744654979.9955993,1744654979.9959655,1744654980.0038326,1744654980.0044272,1744654980.0092883,1744654980.0139744,1744654980.0143294,0.010495185852050781,0.0005626678466796875,0.0037484169006347656,0.014806270599365234,0.009547233581542969,0.00035500526428222656,-0.0050411224365234375,0.004861116409301758,0.022629976272583008
1128,1744654980.0929925,1744654980.1017227,1744654980.1021233,1744654980.121513,1744654980.1234417,1744654980.1313553,1744654980.13948,1744654980.139957,0.010548830032348633,0.0008916854858398438,0.008798360824584961,0.020238876342773438,0.01603841781616211,0.000476837158203125,-0.008601665496826172,0.007913589477539062,0.027195453643798828
1130,1744654980.1906035,1744654980.1978493,1744654980.198308,1744654980.2035308,1744654980.2038748,1744654980.212859,1744654980.2209964,1744654980.2214398,0.013038873672485352,0.0006537437438964844,0.019397258758544922,0.03308987617492676,0.017121553421020508,0.00044345855712890625,-0.008580923080444336,0.008984088897705078,0.03823375701904297
1131,1744654980.2136195,1744654980.2216072,1744654980.2220228,1744654980.2297025,1744654980.2313259,1744654980.2382445,1744654980.242988,1744654980.2435164,0.013402938842773438,0.00063323974609375,0.007816553115844727,0.021852731704711914,0.01166224479675293,0.0005283355712890625,-0.00527191162109375,0.006918668746948242,0.02758622169494629
1132,1744654980.2717361,1744654980.280579,1744654980.2811205,1744654980.2883077,1744654980.2928693,1744654980.301991,1744654980.3072143,1744654980.307754,0.004406452178955078,0.0005168914794921875,0.00807499885559082,0.012998342514038086,0.014344930648803711,0.0005397796630859375,-0.005763053894042969,0.00912165641784668,0.021126985549926758
1133,1744654980.3182437,1744654980.328543,1744654980.3291469,1744654980.3413858,1744654980.3420365,1744654980.3484387,1744654980.3545823,1744654980.3553238,0.004959583282470703,0.0004799365997314453,0.0061457157135009766,0.011585235595703125,0.01254582405090332,0.0007414817810058594,-0.006885051727294922,0.006402254104614258,0.018790721893310547
1134,1744654980.476464,1744654980.4869592,1744654980.487522,1744654980.4912703,1744654980.493898,1744654980.499094,1744654980.510612,1744654980.5112526,0.0182497501373291,0.0008928775787353516,0.01637554168701172,0.03551816940307617,0.016714096069335938,0.0006406307220458984,-0.012158632278442383,0.005196094512939453,0.03964090347290039
1135,1744654980.5018606,1744654980.5124094,1744654980.5133011,1744654980.5220995,1744654980.5227842,1744654980.529056,1744654980.5359967,1744654980.536736,0.009491920471191406,0.00042891502380371094,0.03260183334350586,0.04252266883850098,0.013212442398071289,0.0007393360137939453,-0.007679939270019531,0.006271839141845703,0.050075531005859375
1136,1744654980.5599282,1744654980.572967,1744654980.5736208,1744654980.593018,1744654980.595159,1744654980.598162,1744654980.6049652,1744654980.6055589,0.007681608200073242,0.0003972053527832031,0.004935741424560547,0.013014554977416992,0.009806156158447266,0.0005936622619628906,-0.0073969364166259766,0.0030028820037841797,0.023180246353149414
1138,1744654980.724335,1744654980.737738,1744654980.7383711,1744654980.7461877,1744654980.74816,1744654980.7519212,1744654980.754457,1744654980.7550502,0.00800943374633789,0.0003535747528076172,0.032309770584106445,0.04067277908325195,0.006297111511230469,0.0005931854248046875,-0.0031290054321289062,0.00376129150390625,0.04395008087158203
1139,1744654980.7550166,1744654980.759423,1744654980.75994,1744654980.768015,1744654980.7704153,1744654980.7761436,1744654980.7809484,1744654980.781477,0.013086795806884766,0.00042748451232910156,0.030012845993041992,0.04352712631225586,0.01053309440612793,0.0005285739898681641,-0.005333423614501953,0.005728244781494141,0.06004691123962402
1140,1744654980.7957118,1744654980.8006713,1744654980.8011513,1744654980.807297,1744654980.8086736,1744654980.8145025,1744654980.834787,1744654980.8352435,0.006786823272705078,0.000469207763671875,0.005569934844970703,0.012825965881347656,0.026113271713256836,0.0004565715789794922,-0.020740985870361328,0.005828857421875,0.01780104637145996
1141,1744654980.8179517,1744654980.8362014,1744654980.8370943,1744654980.8534698,1744654980.8547537,1744654980.8575926,1744654980.861067,1744654980.861513,0.01483297348022461,0.00046706199645996094,0.046758413314819336,0.062058448791503906,0.006313323974609375,0.0004458427429199219,-0.003920316696166992,0.0028388500213623047,0.07000541687011719
1142,1744654980.912252,1744654980.9217439,1744654980.9221728,1744654980.9547746,1744654980.9568088,1744654980.9623275,1744654980.977849,1744654980.9783893,0.013245582580566406,0.0005044937133789062,0.015761613845825195,0.029511690139770508,0.02104020118713379,0.0005402565002441406,-0.016061782836914062,0.005518674850463867,0.036589860916137695
1145,1744654981.0412524,1744654981.048934,1744654981.0493312,1744654981.054267,1744654981.0572941,1744654981.0644326,1744654981.0761776,1744654981.0765824,0.012759685516357422,0.00039267539978027344,0.017435550689697266,0.03058791160583496,0.018883466720581055,0.0004048347473144531,-0.012149810791015625,0.007138490676879883,0.0368037223815918
1146,1744654981.1532526,1744654981.161262,1744654981.1616156,1744654981.1939254,1744654981.1941705,1744654981.1972027,1744654981.2095606,1744654981.2099643,0.008344888687133789,0.00046253204345703125,0.0051686763763427734,0.013976097106933594,0.015390157699584961,0.0004036426544189453,-0.012761592864990234,0.003032207489013672,0.019927024841308594
1147,1744654981.172485,1744654981.185572,1744654981.1859994,1744654981.2160122,1744654981.217294,1744654981.232532,1744654981.2402816,1744654981.2407236,0.23929405212402344,0.0005288124084472656,0.059462547302246094,0.2992854118347168,0.02298760414123535,0.0004420280456542969,-0.008191585540771484,0.015238046646118164,0.3078882694244385
1150,1744654981.2574747,1744654981.2642615,1744654981.2647307,1744654981.2703006,1744654981.2712326,1744654981.2752757,1744654981.2782288,1744654981.2787554,0.023108959197998047,0.0006365776062011719,0.03520774841308594,0.058953285217285156,0.00699615478515625,0.0005266666412353516,-0.0034797191619873047,0.004043102264404297,0.06934094429016113
1151,1744654981.4009664,1744654981.4157994,1744654981.4162664,1744654981.4630249,1744654981.4642577,1744654981.4709718,1744654981.4945822,1744654981.4953315,0.01345062255859375,0.0004143714904785156,0.02982354164123535,0.04368853569030762,0.030324459075927734,0.0007493495941162109,-0.024359703063964844,0.0067141056060791016,0.04912853240966797
1155,1744654981.482745,1744654981.4959905,1744654981.496495,1744654981.5122566,1744654981.5137038,1744654981.5193348,1744654981.5247107,1744654981.5252411,0.003647327423095703,0.00040268898010253906,0.009071826934814453,0.013121843338012695,0.011006832122802734,0.0005304813385009766,-0.005906343460083008,0.005630970001220703,0.017912626266479492
1156,1744654981.5722463,1744654981.585006,1744654981.5853987,1744654981.6028342,1744654981.6036808,1744654981.60905,1744654981.6122324,1744654981.612659,0.03331732749938965,0.0008771419525146484,0.022624731063842773,0.05681920051574707,0.008551597595214844,0.0004265308380126953,-0.0036089420318603516,0.0053691864013671875,0.06231093406677246
1157,1744654981.6535263,1744654981.6618712,1744654981.6623337,1744654981.6675024,1744654981.6685607,1744654981.6734533,1744654981.6760836,1744654981.6767147,0.02154254913330078,0.00042366981506347656,0.02800154685974121,0.04996776580810547,0.0075228214263916016,0.0006310939788818359,-0.0032613277435302734,0.004892587661743164,0.06363773345947266
1158,1744654981.7911386,1744654982.0304327,1744654982.0309615,1744654982.090424,1744654982.0920208,1744654982.099027,1744654982.111995,1744654982.1124291,0.008172988891601562,0.0005066394805908203,0.017395734786987305,0.026075363159179688,0.019974231719970703,0.0004341602325439453,-0.013402223587036133,0.007006168365478516,0.03396344184875488
1159,1744654982.0657575,1744654982.0888665,1744654982.089503,1744654982.1247108,1744654982.1287298,1744654982.1350985,1744654982.1410408,1744654982.1416817,0.010807037353515625,0.0003364086151123047,0.03374648094177246,0.04488992691040039,0.012310981750488281,0.000640869140625,-0.006583213806152344,0.0063686370849609375,0.0522160530090332
1160,1744654982.1024299,1744654982.1158805,1744654982.1162949,1744654982.1461184,1744654982.1470792,1744654982.1515584,1744654982.160027,1744654982.1605031,0.012620925903320312,0.00040268898010253906,0.03736400604248047,0.05038762092590332,0.012947797775268555,0.0004761219024658203,-0.00894474983215332,0.004479169845581055,0.05841398239135742
1162,1744654982.3608778,1744654982.364525,1744654982.3649278,1744654982.3739996,1744654982.3753226,1744654982.3787904,1744654982.389179,1744654982.3897166,0.007873058319091797,0.00045418739318847656,0.029751062393188477,0.03807830810546875,0.01385641098022461,0.0005376338958740234,-0.010926246643066406,0.0034677982330322266,0.04282784461975098
1164,1744654982.4155757,1744654982.448893,1744654982.4497702,1744654982.472395,1744654982.4739485,1744654982.4778867,1744654982.5097313,1744654982.5101984,0.008164167404174805,0.0006859302520751953,0.010404825210571289,0.01925492286682129,0.035782814025878906,0.00046706199645996094,-0.03231167793273926,0.003938198089599609,0.02834343910217285
1165,1744654982.4296184,1744654982.451161,1744654982.4515846,1744654982.4795861,1744654982.4810925,1744654982.493256,1744654982.5103962,1744654982.5108316,0.005117177963256836,0.0003256797790527344,0.02007889747619629,0.02552175521850586,0.029303789138793945,0.0004353523254394531,-0.017575502395629883,0.012163639068603516,0.03168058395385742
1168,1744654982.5472918,1744654982.5554647,1744654982.5559714,1744654982.573367,1744654982.57523,1744654982.5812552,1744654982.585545,1744654982.5860302,0.007386684417724609,0.0005521774291992188,0.0028481483459472656,0.010787010192871094,0.010315179824829102,0.0004851818084716797,-0.004775047302246094,0.0060253143310546875,0.016795873641967773
1170,1744654982.5982504,1744654982.6090574,1744654982.6093938,1744654982.6431403,1744654982.644896,1744654982.6504664,1744654982.6660373,1744654982.6664915,0.006808042526245117,0.0007958412170410156,0.01971602439880371,0.027319908142089844,0.02114129066467285,0.00045418739318847656,-0.016025066375732422,0.005570411682128906,0.032396554946899414
1171,1744654982.6273155,1744654982.6399364,1744654982.6403391,1744654982.6777031,1744654982.680972,1744654982.6857295,1744654982.6922476,1744654982.692664,0.0037157535552978516,0.0004925727844238281,0.008838653564453125,0.013046979904174805,0.011275529861450195,0.0004162788391113281,-0.006934404373168945,0.004757404327392578,0.020360708236694336
1172,1744654982.6640735,1744654982.6719465,1744654982.6724007,1744654982.7021518,1744654982.702763,1744654982.7069013,1744654982.7144878,1744654982.7149992,0.00603032112121582,0.0004029273986816406,0.02186727523803711,0.02830052375793457,0.011724710464477539,0.0005114078521728516,-0.00809788703918457,0.00413823127746582,0.03220033645629883
1175,1744654982.7113588,1744654982.719523,1744654982.720209,1744654982.7306137,1744654982.7334397,1744654982.7397022,1744654982.7495606,1744654982.7503915,0.013502120971679688,0.001001119613647461,0.022785663604736328,0.03728890419006348,0.01612091064453125,0.0008308887481689453,-0.010689258575439453,0.006262540817260742,0.04319453239440918
1176,1744654982.753495,1744654982.7586122,1744654982.7589378,1744654982.7790167,1744654982.7808707,1744654982.7851756,1744654982.7918952,1744654982.7922835,0.00482940673828125,0.0005993843078613281,0.0040891170501708984,0.009517908096313477,0.01102447509765625,0.0003883838653564453,-0.007107973098754883,0.0043048858642578125,0.019552230834960938
1178,1744654982.8033419,1744654982.8107285,1744654982.8112807,1744654982.8141289,1744654982.8150976,1744654982.8201377,1744654982.8345115,1744654982.8350756,0.008948564529418945,0.0007491111755371094,0.01719951629638672,0.026897192001342773,0.01941394805908203,0.0005640983581542969,-0.014937877655029297,0.005040168762207031,0.03113532066345215
1179,1744654982.8352592,1744654982.8420672,1744654982.842863,1744654982.862579,1744654982.8633766,1744654982.8676558,1744654982.8720756,1744654982.8726676,0.010589838027954102,0.0006129741668701172,0.012175559997558594,0.023378372192382812,0.00869894027709961,0.0005919933319091797,-0.005011796951293945,0.004279136657714844,0.02886343002319336
1181,1744654982.8710122,1744654982.874728,1744654982.8752205,1744654982.8840592,1744654982.8849378,1744654982.891373,1744654982.894582,1744654982.8950377,0.00839996337890625,0.00047016143798828125,0.005980253219604492,0.014850378036499023,0.009644269943237305,0.00045561790466308594,-0.003664731979370117,0.0064351558685302734,0.022455215454101562
1182,1744654982.9376569,1744654982.9436872,1744654982.9440901,1744654982.9659574,1744654982.9670372,1744654982.9698572,1744654982.9796734,1744654982.9800963,0.010006904602050781,0.0006976127624511719,0.014494657516479492,0.025199174880981445,0.012636184692382812,0.0004229545593261719,-0.010239124298095703,0.0028200149536132812,0.030191898345947266
1183,1744654982.9505367,1744654982.9640388,1744654982.96504,1744654982.9878256,1744654982.9890373,1744654982.9937313,1744654983.0042415,1744654983.004825,0.008398771286010742,0.0004146099090576172,0.008188009262084961,0.01700139045715332,0.015204191207885742,0.000583648681640625,-0.011093854904174805,0.0046939849853515625,0.0238497257232666
1185,1744654983.1138506,1744654983.11868,1744654983.1192794,1744654983.1233685,1744654983.1260161,1744654983.1334028,1744654983.1401048,1744654983.1406748,0.012970447540283203,0.0005269050598144531,0.02774357795715332,0.04124093055725098,0.014088630676269531,0.0005700588226318359,-0.007272005081176758,0.007386684417724609,0.04671311378479004
1186,1744654983.2571828,1744654983.2661314,1744654983.2668805,1744654983.28408,1744654983.2848825,1744654983.2883182,1744654983.2987168,1744654983.2995343,0.010515928268432617,0.0005528926849365234,0.03115987777709961,0.04222869873046875,0.013834238052368164,0.0008175373077392578,-0.011216163635253906,0.0034356117248535156,0.04524731636047363
1188,1744654983.2928443,1744654983.3034341,1744654983.304047,1744654983.3162227,1744654983.3179543,1744654983.3217077,1744654983.326563,1744654983.327067,0.015075206756591797,0.0005350112915039062,0.008054494857788086,0.02366471290588379,0.008608579635620117,0.0005040168762207031,-0.005359172821044922,0.0037534236907958984,0.02766275405883789
1189,1744654983.3490632,1744654983.3574631,1744654983.3579333,1744654983.3639135,1744654983.366622,1744654983.3715184,1744654983.382514,1744654983.3830824,0.0068912506103515625,0.00043272972106933594,0.0054361820220947266,0.012760162353515625,0.01589202880859375,0.000568389892578125,-0.011564016342163086,0.004896402359008789,0.01942133903503418
1190,1744654983.3733342,1744654983.383341,1744654983.3840387,1744654983.3985333,1744654983.3998773,1744654983.403526,1744654983.4120343,1744654983.4126394,0.005771160125732422,0.0003948211669921875,0.00834345817565918,0.014509439468383789,0.012156963348388672,0.0006051063537597656,-0.009113311767578125,0.0036487579345703125,0.02061009407043457
1191,1744654983.4137268,1744654983.4221256,1744654983.4225402,1744654983.4307282,1744654983.431909,1744654983.4375765,1744654983.4422448,1744654983.4427507,0.0061910152435302734,0.0006940364837646484,0.007773160934448242,0.014658212661743164,0.010335683822631836,0.0005059242248535156,-0.005174160003662109,0.005667448043823242,0.02227783203125
1192,1744654983.4668362,1744654983.4798067,1744654983.4803336,1744654983.5080771,1744654983.510004,1744654983.5135493,1744654983.530238,1744654983.5307693,0.004721403121948242,0.0004334449768066406,0.0043828487396240234,0.009537696838378906,0.020233869552612305,0.0005314350128173828,-0.017220020294189453,0.0035452842712402344,0.014659643173217773
1194,1744654983.4938574,1744654983.5043733,1744654983.5049262,1744654983.536086,1744654983.5366771,1744654983.5391047,1744654983.5419192,1744654983.542352,0.00426936149597168,0.00041985511779785156,0.009810686111450195,0.014499902725219727,0.005242109298706055,0.00043272972106933594,-0.0032472610473632812,0.0024275779724121094,0.020169734954833984
1195,1744654983.5196104,1744654983.5346856,1744654983.5352206,1744654983.543275,1744654983.543606,1744654983.5472732,1744654983.553008,1744654983.5535688,0.008770227432250977,0.0005788803100585938,0.005846977233886719,0.015196084976196289,0.009402036666870117,0.000560760498046875,-0.006295680999755859,0.003667116165161133,0.02871394157409668
1197,1744654983.680182,1744654983.6870732,1744654983.687506,1744654983.6929421,1744654983.6963546,1744654983.6996033,1744654983.7067783,1744654983.707234,0.00905466079711914,0.0003941059112548828,0.008429288864135742,0.017878055572509766,0.010423660278320312,0.00045561790466308594,-0.007630586624145508,0.0032486915588378906,0.022929668426513672
1198,1744654983.718254,1744654983.7240252,1744654983.72442,1744654983.7327635,1744654983.7330954,1744654983.7388642,1744654983.7448988,1744654983.745372,0.008780717849731445,0.0004143714904785156,0.0050160884857177734,0.014211177825927734,0.011803388595581055,0.00047326087951660156,-0.00650787353515625,0.005768775939941406,0.02324652671813965
1199,1744654983.7598786,1744654983.7660697,1744654983.7667637,1744654983.7745368,1744654983.7756996,1744654983.7821565,1744654983.7886088,1744654983.7891338,0.010231971740722656,0.000652313232421875,0.025690555572509766,0.0365748405456543,0.012909173965454102,0.0005249977111816406,-0.0069773197174072266,0.006456851959228516,0.041118621826171875
1200,1744654983.792781,1744654983.7975025,1744654983.797936,1744654983.8023188,1744654983.8032236,1744654983.8074408,1744654983.814559,1744654983.8150113,0.006921529769897461,0.0005764961242675781,0.020801782608032227,0.028299808502197266,0.011335372924804688,0.00045228004455566406,-0.007570505142211914,0.0042171478271484375,0.037126779556274414
1201,1744654983.9633708,1744654983.9676402,1744654983.96806,1744654983.9778707,1744654983.9787102,1744654983.9835405,1744654983.9890912,1744654983.9894884,0.004767656326293945,0.0006992816925048828,0.0028541088104248047,0.008321046829223633,0.010380983352661133,0.0003972053527832031,-0.00594782829284668,0.004830360412597656,0.016073942184448242
1202,1744654984.0884445,1744654984.0972147,1744654984.0977936,1744654984.1036406,1744654984.1057777,1744654984.1171584,1744654984.1235785,1744654984.124143,0.007934093475341797,0.0003352165222167969,0.004706382751464844,0.012975692749023438,0.01780080795288086,0.0005643367767333984,-0.0069844722747802734,0.011380672454833984,0.02086615562438965
1203,1744654984.1370363,1744654984.146091,1744654984.146485,1744654984.1549144,1744654984.1554236,1744654984.159966,1744654984.1678352,1744654984.1682258,0.012149572372436523,0.0004563331604003906,0.008154153823852539,0.020760059356689453,0.01241159439086914,0.0003905296325683594,-0.008259773254394531,0.004542350769042969,0.03248119354248047
1204,1744654984.1624675,1744654984.1712482,1744654984.1716626,1744654984.1766787,1744654984.1772292,1744654984.185714,1744654984.2003746,1744654984.2007296,0.009372711181640625,0.0005772113800048828,0.008423328399658203,0.01837325096130371,0.023145437240600586,0.00035500526428222656,-0.015015602111816406,0.008484840393066406,0.02488255500793457
1205,1744654984.1908693,1744654984.2011013,1744654984.2017536,1744654984.2274442,1744654984.228882,1744654984.231988,1744654984.2359247,1744654984.2363958,0.007898569107055664,0.0005667209625244141,0.012462377548217773,0.02092766761779785,0.007042646408081055,0.0004711151123046875,-0.0044078826904296875,0.0031058788299560547,0.029853343963623047
1206,1744654984.3586195,1744654984.365541,1744654984.3661175,1744654984.3869193,1744654984.3881247,1744654984.3957462,1744654984.3993838,1744654984.399876,0.005562782287597656,0.0004899501800537109,0.010065317153930664,0.01611804962158203,0.011259078979492188,0.0004923343658447266,-0.004129886627197266,0.0076215267181396484,0.026026487350463867
1208,1744654984.402414,1744654984.4071817,1744654984.407881,1744654984.4107351,1744654984.4122908,1744654984.418488,1744654984.4237838,1744654984.4243019,0.006325721740722656,0.00051116943359375,0.012107610702514648,0.018944501876831055,0.01149296760559082,0.0005180835723876953,-0.0058138370513916016,0.006197214126586914,0.024043560028076172
1209,1744654984.4560022,1744654984.4639363,1744654984.4642715,1744654984.468978,1744654984.469963,1744654984.4768684,1744654984.4799788,1744654984.4802985,0.020372629165649414,0.00036787986755371094,0.024923086166381836,0.04566359519958496,0.010015726089477539,0.0003197193145751953,-0.0034301280975341797,0.006905317306518555,0.05547022819519043
1210,1744654984.5933104,1744654984.60546,1744654984.6059163,1744654984.6140704,1744654984.6166081,1744654984.6257915,1744654984.6374578,1744654984.6378996,0.02484893798828125,0.0005636215209960938,0.01838064193725586,0.0437932014465332,0.02084970474243164,0.0004417896270751953,-0.012108087539672852,0.009183406829833984,0.04701638221740723
1211,1744654984.629885,1744654984.6392577,1744654984.639835,1744654984.6482582,1744654984.649448,1744654984.6547675,1744654984.6629548,1744654984.663559,0.013598203659057617,0.0005040168762207031,0.030699491500854492,0.04480171203613281,0.013506889343261719,0.0006041526794433594,-0.008791446685791016,0.0053195953369140625,0.04644894599914551
1212,1744654984.6891897,1744654984.6970882,1744654984.697655,1744654984.7101173,1744654984.7116888,1744654984.719043,1744654984.7231755,1744654984.7237113,0.015228033065795898,0.0005202293395996094,0.02356743812561035,0.03931570053100586,0.01148676872253418,0.0005357265472412109,-0.004668235778808594,0.007354259490966797,0.0439145565032959
1213,1744654984.7768812,1744654984.782444,1744654984.782934,1744654984.7929993,1744654984.7945464,1744654984.8029077,1744654984.8088214,1744654984.809236,0.01622629165649414,0.00044655799865722656,0.019779682159423828,0.036452531814575195,0.014275074005126953,0.0004146099090576172,-0.0063283443450927734,0.008361339569091797,0.0493319034576416
1214,1744654984.8819125,1744654984.8882382,1744654984.8887494,1744654984.900857,1744654984.9031155,1744654984.905956,1744654984.9119215,1744654984.9124029,0.00854945182800293,0.0003437995910644531,0.023238420486450195,0.03213167190551758,0.008805990219116211,0.0004813671112060547,-0.00644683837890625,0.0028405189514160156,0.04247307777404785
1215,1744654984.9928603,1744654985.013233,1744654985.0136008,1744654985.038524,1744654985.0415528,1744654985.0483305,1744654985.06078,1744654985.0611374,0.008233308792114258,0.000659942626953125,0.06315469741821289,0.07204794883728027,0.019227266311645508,0.0003573894500732422,-0.012806892395019531,0.006777763366699219,0.07515335083007812
1216,1744654985.0300395,1744654985.0548885,1744654985.055452,1744654985.0738328,1744654985.07445,1744654985.077056,1744654985.0951848,1744654985.0957494,0.013370275497436523,0.0006628036499023438,0.03549528121948242,0.04952836036682129,0.020734786987304688,0.0005645751953125,-0.01869344711303711,0.002605915069580078,0.05246233940124512
1217,1744654985.0549414,1744654985.0685396,1744654985.0690436,1744654985.0997431,1744654985.1005368,1744654985.1013904,1744654985.1167927,1744654985.117283,0.009873628616333008,0.0003769397735595703,0.02747488021850586,0.03772544860839844,0.016255855560302734,0.0004904270172119141,-0.015892744064331055,0.0008535385131835938,0.04547882080078125
1218,1744654985.0835915,1744654985.0988195,1744654985.0993397,1744654985.1229072,1744654985.1234767,1744654985.127506,1744654985.1385355,1744654985.139124,0.01173543930053711,0.0004703998565673828,0.006124973297119141,0.018330812454223633,0.015058755874633789,0.0005884170532226562,-0.011617898941040039,0.004029273986816406,0.022349119186401367
1219,1744654985.1051147,1744654985.121341,1744654985.1217875,1744654985.1415672,1744654985.143598,1744654985.1544466,1744654985.172326,1744654985.1728258,0.004623889923095703,0.0006225109100341797,0.010240793228149414,0.015487194061279297,0.028728008270263672,0.000499725341796875,-0.01837921142578125,0.010848522186279297,0.02548050880432129
1221,1744654985.1756663,1744654985.1842158,1744654985.1845596,1744654985.207798,1744654985.2105677,1744654985.2181394,1744654985.2283595,1744654985.2287948,0.02898716926574707,0.0006756782531738281,0.012958765029907227,0.042621612548828125,0.017791748046875,0.0004353523254394531,-0.010655403137207031,0.007571697235107422,0.047066688537597656
1223,1744654985.2618203,1744654985.2700536,1744654985.2707136,1744654985.3338683,1744654985.3344607,1744654985.3369737,1744654985.3492513,1744654985.3496616,0.017330646514892578,0.0005507469177246094,0.020532608032226562,0.03841400146484375,0.014790534973144531,0.00041031837463378906,-0.012687921524047852,0.0025129318237304688,0.04267716407775879
1226,1744654985.3116777,1744654985.325048,1744654985.3257108,1744654985.361206,1744654985.3619595,1744654985.36414,1744654985.3723505,1744654985.3729875,0.024825096130371094,0.0007431507110595703,0.036329030990600586,0.06189727783203125,0.010390996932983398,0.000637054443359375,-0.008847475051879883,0.0021805763244628906,0.0672447681427002
1228,1744654985.3402429,1744654985.3501165,1744654985.3504934,1744654985.3779683,1744654985.3824987,1744654985.3857217,1744654985.3920517,1744654985.3925037,0.006249904632568359,0.0005929470062255859,0.025267601013183594,0.03211045265197754,0.009552955627441406,0.0004520416259765625,-0.006782054901123047,0.003222942352294922,0.04165983200073242
1231,1744654985.3912241,1744654985.4029596,1744654985.40343,1744654985.409555,1744654985.4109278,1744654985.4135733,1744654985.417976,1744654985.4184468,0.021378278732299805,0.00045871734619140625,0.009134531021118164,0.030971527099609375,0.007048130035400391,0.00047087669372558594,-0.004873514175415039,0.0026454925537109375,0.03814554214477539
1232,1744654985.4760842,1744654985.4807081,1744654985.4813306,1744654985.4915714,1744654985.4924774,1744654985.5015647,1744654985.513394,1744654985.5139961,0.013652324676513672,0.0005252361297607422,0.014127969741821289,0.028305530548095703,0.02091670036315918,0.0006020069122314453,-0.01243138313293457,0.009087324142456055,0.032993316650390625
1233,1744654985.5229363,1744654985.5519235,1744654985.5525992,1744654985.565558,1744654985.5662954,1744654985.570003,1744654985.5743377,1744654985.5747423,0.004854679107666016,0.00048041343688964844,0.03050374984741211,0.03583884239196777,0.008042335510253906,0.00040459632873535156,-0.004739284515380859,0.0037076473236083984,0.040647268295288086
1234,1744654985.5373745,1744654985.5547051,1744654985.555256,1744654985.5757885,1744654985.5777113,1744654985.5800517,1744654985.5895345,1744654985.5901399,0.01812291145324707,0.0004954338073730469,0.017754316329956055,0.03637266159057617,0.011823177337646484,0.0006053447723388672,-0.010088205337524414,0.0023403167724609375,0.04315781593322754
1236,1744654985.6070497,1744654985.6318748,1744654985.632618,1744654985.668947,1744654985.6711311,1744654985.6742945,1744654985.6878655,1744654985.6886013,0.014017820358276367,0.0004131793975830078,0.0068206787109375,0.021251678466796875,0.01673436164855957,0.0007357597351074219,-0.014306783676147461,0.0031633377075195312,0.024092435836791992
1240,1744654985.7781842,1744654985.784434,1744654985.785027,1744654985.8102946,1744654985.8130567,1744654985.819844,1744654985.8270519,1744654985.8276253,0.009480953216552734,0.0005314350128173828,0.01178741455078125,0.021799802780151367,0.013995170593261719,0.0005733966827392578,-0.007781267166137695,0.006787300109863281,0.03012228012084961
1241,1744654985.8047457,1744654985.826124,1744654985.8265827,1744654985.8357172,1744654985.836913,1744654985.8428912,1744654985.8484843,1744654985.848939,0.01567530632019043,0.0005598068237304688,0.023911714553833008,0.040146827697753906,0.011571168899536133,0.0004546642303466797,-0.006047725677490234,0.005978107452392578,0.050505876541137695
1243,1744654985.8501592,1744654985.8638115,1744654985.8643367,1744654985.8784647,1744654985.8792415,1744654985.8831525,1744654985.8875337,1744654985.8881245,0.008852243423461914,0.0004730224609375,0.014557361602783203,0.023882627487182617,0.008292198181152344,0.0005908012390136719,-0.004971981048583984,0.003911018371582031,0.03637886047363281
1244,1744654985.9784079,1744654985.9832625,1744654985.983743,1744654986.0142467,1744654986.0157342,1744654986.0190551,1744654986.0259044,1744654986.0263782,0.006689548492431641,0.00047326087951660156,0.020174264907836914,0.027337074279785156,0.010170221328735352,0.0004737377166748047,-0.007323026657104492,0.003320932388305664,0.02981877326965332
1245,1744654985.9944656,1744654986.0125885,1744654986.013084,1744654986.0308383,1744654986.03155,1744654986.0376234,1744654986.043347,1744654986.043822,0.011948585510253906,0.0007572174072265625,0.031151533126831055,0.04385733604431152,0.011796951293945312,0.00047516822814941406,-0.0061986446380615234,0.006073474884033203,0.04883313179016113
1247,1744654986.0654893,1744654986.079507,1744654986.0799203,1744654986.086741,1744654986.0878778,1744654986.0895817,1744654986.0944023,1744654986.0947948,0.006423234939575195,0.0004937648773193359,0.003834247589111328,0.01075124740600586,0.006524562835693359,0.0003924369812011719,-0.005213022232055664,0.0017039775848388672,0.01648545265197754
1248,1744654986.2195349,1744654986.2290158,1744654986.2295473,1744654986.2413347,1744654986.2437458,1744654986.2496572,1744654986.2578974,1744654986.2583737,0.004610538482666016,0.0007104873657226562,0.00560760498046875,0.010928630828857422,0.014151573181152344,0.0004763603210449219,-0.008716583251953125,0.005911350250244141,0.021573781967163086
1249,1744654986.2555542,1744654986.2712295,1744654986.2717893,1744654986.295701,1744654986.2965977,1744654986.30606,1744654986.3107884,1744654986.3111827,0.010189056396484375,0.0006506443023681641,0.008083820343017578,0.018923521041870117,0.014190673828125,0.0003943443298339844,-0.005122661590576172,0.009462356567382812,0.026663780212402344
1250,1744654986.3204374,1744654986.3292897,1744654986.3297627,1744654986.34432,1744654986.3460941,1744654986.3568163,1744654986.3603017,1744654986.3609183,0.00809931755065918,0.00043773651123046875,0.0017566680908203125,0.010293722152709961,0.014207601547241211,0.0006165504455566406,-0.004101991653442383,0.010722160339355469,0.017798185348510742
1251,1744654986.3661377,1744654986.3728273,1744654986.3733006,1744654986.3934748,1744654986.3948605,1744654986.3959565,1744654986.40463,1744654986.405079,0.0146942138671875,0.00046133995056152344,0.007044553756713867,0.02220010757446289,0.009769439697265625,0.0004489421844482422,-0.009122371673583984,0.0010960102081298828,0.03165078163146973
1253,1744654986.4323401,1744654986.4442887,1744654986.445046,1744654986.4761975,1744654986.47783,1744654986.4811733,1744654986.4848154,1744654986.485557,0.012648820877075195,0.0005357265472412109,0.002501249313354492,0.0156857967376709,0.00698542594909668,0.0007417201995849609,-0.00438380241394043,0.003343343734741211,0.02407526969909668
1255,1744654986.5766218,1744654986.583045,1744654986.5835388,1744654986.587373,1744654986.5884764,1744654986.5931072,1744654986.599255,1744654986.5997336,0.008090734481811523,0.0004291534423828125,0.011370658874511719,0.019890546798706055,0.010778665542602539,0.00047850608825683594,-0.0066263675689697266,0.0046308040618896484,0.02749919891357422
1256,1744654986.6698298,1744654986.6744404,1744654986.6751509,1744654986.6807585,1744654986.684266,1744654986.6914036,1744654986.6959903,1744654986.6966228,0.006928682327270508,0.0004756450653076172,0.002344369888305664,0.009748697280883789,0.011724233627319336,0.0006325244903564453,-0.005219221115112305,0.0071375370025634766,0.013076543807983398
1257,1744654986.7338471,1744654986.7440362,1744654986.7446868,1744654986.7527707,1744654986.754155,1744654986.760511,1744654986.7656543,1744654986.766237,0.00466465950012207,0.0007569789886474609,0.006334781646728516,0.011756420135498047,0.011499404907226562,0.0005826950073242188,-0.0057260990142822266,0.006356000900268555,0.014637470245361328
1258,1744654986.8042183,1744654986.8123176,1744654986.8127553,1744654986.814512,1744654986.8165176,1744654986.8220165,1744654986.8394747,1744654986.8399162,0.0054492950439453125,0.00047779083251953125,0.012124061584472656,0.0180511474609375,0.02295708656311035,0.00044155120849609375,-0.017899751663208008,0.0054988861083984375,0.023108243942260742
1259,1744654986.8255057,1744654986.8402,1744654986.8406613,1744654986.8477058,1744654986.8512294,1744654986.8571565,1744654986.8605528,1744654986.860968,0.013268470764160156,0.0005536079406738281,0.014565229415893555,0.02838730812072754,0.009323358535766602,0.0004153251647949219,-0.0038115978240966797,0.005927085876464844,0.031261444091796875
1260,1744654986.878673,1744654986.891322,1744654986.8918576,1744654986.8943589,1744654986.8960798,1744654986.9027483,1744654986.9137926,1744654986.9142585,0.0073697566986083984,0.0004868507385253906,0.01839613914489746,0.02625274658203125,0.017712831497192383,0.0004658699035644531,-0.011510133743286133,0.006668567657470703,0.03435850143432617
1261,1744654986.9515245,1744654986.9596152,1744654986.9600444,1744654986.971415,1744654986.973043,1744654986.9790237,1744654986.985963,1744654986.986483,0.011532306671142578,0.00047707557678222656,0.011482477188110352,0.023491859436035156,0.012920141220092773,0.0005199909210205078,-0.007459402084350586,0.005980730056762695,0.028212785720825195
1263,1744654987.0200016,1744654987.0269303,1744654987.027406,1744654987.0297503,1744654987.030235,1744654987.0330782,1744654987.036327,1744654987.0367131,0.02170085906982422,0.0006206035614013672,0.016739606857299805,0.03906106948852539,0.0060918331146240234,0.00038623809814453125,-0.003634929656982422,0.002843141555786133,0.04290318489074707
1264,1744654987.052791,1744654987.0574558,1744654987.0582128,1744654987.0645475,1744654987.0648863,1744654987.0674286,1744654987.0731654,1744654987.0737143,0.01738286018371582,0.0006821155548095703,0.018821001052856445,0.036885976791381836,0.008279085159301758,0.0005488395690917969,-0.006285667419433594,0.002542257308959961,0.04280996322631836
1265,1744654987.112098,1744654987.1175473,1744654987.118025,1744654987.1301491,1744654987.1308284,1744654987.1352062,1744654987.1397195,1744654987.1401772,0.0062673091888427734,0.00048160552978515625,0.0038471221923828125,0.010596036911010742,0.008891105651855469,0.000457763671875,-0.004971027374267578,0.004377841949462891,0.014596700668334961
1266,1744654987.2415357,1744654987.2548041,1744654987.2553577,1744654987.269923,1744654987.2702127,1744654987.272797,1744654987.280136,1744654987.280715,0.0072748661041259766,0.0005862712860107422,0.001188516616821289,0.009049654006958008,0.009923458099365234,0.0005788803100585938,-0.00791788101196289,0.0025844573974609375,0.013800621032714844
1267,1744654987.3050494,1744654987.3124192,1744654987.312906,1744654987.3313022,1744654987.3337054,1744654987.339408,1744654987.348597,1744654987.3489935,0.007129192352294922,0.00045490264892578125,0.009551286697387695,0.0171353816986084,0.014891624450683594,0.00039649009704589844,-0.00958561897277832,0.005702495574951172,0.02443075180053711
1269,1744654987.3413215,1744654987.3528538,1744654987.3533309,1744654987.3648133,1744654987.365609,1744654987.3695343,1744654987.3763733,1744654987.3769567,0.009235382080078125,0.0005156993865966797,0.020759105682373047,0.03051018714904785,0.010764360427856445,0.0005834102630615234,-0.007422447204589844,0.003925323486328125,0.03472733497619629
1270,1744654987.4324038,1744654987.4541047,1744654987.4547253,1744654987.4714649,1744654987.4725082,1744654987.475307,1744654987.4808788,1744654987.4814672,0.010200262069702148,0.00048232078552246094,0.008989810943603516,0.019672393798828125,0.008370637893676758,0.0005884170532226562,-0.006160259246826172,0.002798795700073242,0.026161909103393555
1271,1744654987.4525383,1744654987.469921,1744654987.4706032,1744654987.4894242,1744654987.4913185,1744654987.4953482,1744654987.5028594,1744654987.5034504,0.007177829742431641,0.0003743171691894531,0.011404991149902344,0.018957138061523438,0.011540889739990234,0.0005910396575927734,-0.008102178573608398,0.004029750823974609,0.026104211807250977
1274,1744654987.5865564,1744654987.5928237,1744654987.5933053,1744654987.5971525,1744654987.598073,1744654987.6011531,1744654987.6058843,1744654987.606384,0.005223274230957031,0.0004999637603759766,0.002226114273071289,0.007949352264404297,0.007811307907104492,0.000499725341796875,-0.005230903625488281,0.003080129623413086,0.011317253112792969
1275,1744654987.691257,1744654987.6985319,1744654987.6991181,1744654987.7003067,1744654987.701124,1744654987.7050576,1744654987.710768,1744654987.711296,0.008937358856201172,0.0004317760467529297,0.011411190032958984,0.020780324935913086,0.009644031524658203,0.0005280971527099609,-0.006238460540771484,0.00393366813659668,0.029066085815429688
1276,1744654987.8959017,1744654987.9030309,1744654987.9034858,1744654987.913037,1744654987.914609,1744654987.9203324,1744654987.9322777,1744654987.93288,0.005910634994506836,0.0003116130828857422,0.01634693145751953,0.02256917953491211,0.017668724060058594,0.0006022453308105469,-0.012547492980957031,0.005723476409912109,0.030349016189575195
1277,1744654987.931336,1744654987.9405713,1744654987.941087,1744654987.961846,1744654987.9631503,1744654987.9660633,1744654987.9732487,1744654987.973679,0.005402803421020508,0.0005595684051513672,0.016092300415039062,0.022054672241210938,0.010098457336425781,0.0004303455352783203,-0.007615804672241211,0.0029129981994628906,0.026556015014648438
1279,1744654988.1836252,1744654988.1938255,1744654988.1943078,1744654988.2032976,1744654988.2049103,1744654988.2097871,1744654988.2127967,1744654988.213225,0.006231784820556641,0.00039315223693847656,0.010550737380981445,0.017175674438476562,0.007886409759521484,0.00042819976806640625,-0.0034377574920654297,0.004876852035522461,0.022100448608398438
1280,1744654988.2657218,1744654988.2728996,1744654988.273274,1744654988.284679,1744654988.2852888,1744654988.291826,1744654988.2947164,1744654988.2950797,0.009839296340942383,0.00046539306640625,0.029062986373901367,0.03936767578125,0.009427547454833984,0.00036334991455078125,-0.0032536983489990234,0.006537199020385742,0.052826642990112305
1281,1744654988.339121,1744654988.3443444,1744654988.3448443,1744654988.3470705,1744654988.3480785,1744654988.3504384,1744654988.3537877,1744654988.3542864,0.005786895751953125,0.00048279762268066406,0.006771087646484375,0.013040781021118164,0.005709171295166016,0.0004987716674804688,-0.0038480758666992188,0.0023598670959472656,0.01900005340576172
1282,1744654988.4550025,1744654988.46394,1744654988.4643717,1744654988.4757829,1744654988.476872,1744654988.4840686,1744654988.4901812,1744654988.4906602,0.007567405700683594,0.0004124641418457031,0.015007495880126953,0.02298736572265625,0.013309240341186523,0.00047898292541503906,-0.0065915584564208984,0.007196664810180664,0.027451515197753906
1284,1744654988.5545745,1744654988.5604851,1744654988.5607967,1744654988.5771437,1744654988.5785184,1744654988.5849235,1744654988.592379,1744654988.592693,0.010776758193969727,0.00045943260192871094,0.013066530227661133,0.02430272102355957,0.013860702514648438,0.0003139972686767578,-0.007769584655761719,0.0064051151275634766,0.0333247184753418
1285,1744654988.5983338,1744654988.6037366,1744654988.6042962,1744654988.6203885,1744654988.6220345,1744654988.6248899,1744654988.63183,1744654988.6323118,0.006330966949462891,0.0006897449493408203,0.007632017135620117,0.014652729034423828,0.009795427322387695,0.0004818439483642578,-0.007421970367431641,0.0028553009033203125,0.02318572998046875
1287,1744654988.6633072,1744654988.669539,1744654988.6699321,1744654988.6804829,1744654988.6810043,1744654988.6854076,1744654988.689315,1744654988.6896698,0.0074367523193359375,0.0005936622619628906,0.0064239501953125,0.014454364776611328,0.008310794830322266,0.000354766845703125,-0.004262208938598633,0.004403352737426758,0.021748781204223633
1288,1744654988.7407696,1744654988.750609,1744654988.7510743,1744654988.7801373,1744654988.7827244,1744654988.7935963,1744654988.8016305,1744654988.8021567,0.02789592742919922,0.0005071163177490234,0.011042356491088867,0.03944540023803711,0.018906116485595703,0.0005261898040771484,-0.008560419082641602,0.01087188720703125,0.04251217842102051
1290,1744654988.8206978,1744654988.8264847,1744654988.8269675,1744654988.8337386,1744654988.8353133,1744654988.8396978,1744654988.8449938,1744654988.8454149,0.01285409927368164,0.0005934238433837891,0.015635013580322266,0.029082536697387695,0.009680509567260742,0.0004210472106933594,-0.005717039108276367,0.004384517669677734,0.03613162040710449
1291,1744654988.86801,1744654988.8755774,1744654988.87599,1744654988.8909974,1744654988.8924303,1744654988.8954616,1744654988.9017982,1744654988.9021857,0.008685588836669922,0.0003879070281982422,0.019971847534179688,0.02904534339904785,0.009367942810058594,0.00038743019104003906,-0.006724119186401367,0.0030312538146972656,0.033609628677368164
1293,1744654989.023706,1744654989.0344827,1744654989.0349422,1744654989.0480087,1744654989.0507293,1744654989.0570307,1744654989.0674708,1744654989.06805,0.012456655502319336,0.00047135353088378906,0.024576187133789062,0.03750419616699219,0.016741514205932617,0.0005791187286376953,-0.011019229888916016,0.006301403045654297,0.046408653259277344
1294,1744654989.0620275,1744654989.0683584,1744654989.0690482,1744654989.0766802,1744654989.0778172,1744654989.0852132,1744654989.092185,1744654989.0926292,0.005687713623046875,0.00055694580078125,0.009281635284423828,0.015526294708251953,0.014367818832397461,0.00044417381286621094,-0.0074160099029541016,0.00739598274230957,0.024408578872680664
1295,1744654989.1168725,1744654989.1243093,1744654989.124903,1744654989.131327,1744654989.132437,1744654989.1386213,1744654989.1679275,1744654989.1685228,0.004433631896972656,0.00040650367736816406,0.008855342864990234,0.013695478439331055,0.03549051284790039,0.0005953311920166016,-0.029901504516601562,0.00618433952331543,0.018923282623291016
1296,1744654989.1817493,1744654989.2096453,1744654989.2101524,1744654989.2211947,1744654989.2219765,1744654989.2242615,1744654989.227364,1744654989.22781,0.009816169738769531,0.0004596710205078125,0.010248184204101562,0.020524024963378906,0.005387544631958008,0.0004458427429199219,-0.0035483837127685547,0.002285003662109375,0.029462575912475586
1299,1744654989.2830925,1744654989.2959466,1744654989.29654,1744654989.312175,1744654989.3148685,1744654989.319224,1744654989.3234267,1744654989.3240063,0.008051395416259766,0.0004382133483886719,0.0070781707763671875,0.015567779541015625,0.008558273315429688,0.0005795955657958984,-0.004782199859619141,0.004355669021606445,0.023381948471069336
1300,1744654989.3534696,1744654989.3621552,1744654989.362543,1744654989.382515,1744654989.3832092,1744654989.3870792,1744654989.4019978,1744654989.4024045,0.011297225952148438,0.00042819976806640625,0.00631403923034668,0.018039464950561523,0.018788576126098633,0.0004067420959472656,-0.015325307846069336,0.0038700103759765625,0.02388453483581543
1302,1744654989.3904004,1744654989.402857,1744654989.4033284,1744654989.4279046,1744654989.4286237,1744654989.436809,1744654989.4437947,1744654989.4443052,0.004500627517700195,0.0003917217254638672,0.006666898727416992,0.011559247970581055,0.015171051025390625,0.0005104541778564453,-0.0074961185455322266,0.008185386657714844,0.018034934997558594
1303,1744654989.438898,1744654989.4445858,1744654989.4451427,1744654989.4544244,1744654989.456934,1744654989.4633067,1744654989.468824,1744654989.4692905,0.0042421817779541016,0.0005066394805908203,0.006467580795288086,0.011216402053833008,0.011889934539794922,0.0004665851593017578,-0.005983829498291016,0.006372690200805664,0.017786741256713867
1304,1744654989.4770355,1744654989.4814692,1744654989.4818757,1744654989.490731,1744654989.492082,1744654989.4959588,1744654989.500808,1744654989.5011933,0.005991935729980469,0.0004134178161621094,0.0048601627349853516,0.01126551628112793,0.008725881576538086,0.000385284423828125,-0.005234479904174805,0.0038766860961914062,0.015074968338012695
1305,1744654989.5847516,1744654989.5945678,1744654989.5950274,1744654989.6052756,1744654989.608231,1744654989.6142142,1744654989.6183739,1744654989.6187944,0.007475852966308594,0.0005257129669189453,0.009828329086303711,0.01782989501953125,0.010142803192138672,0.00042057037353515625,-0.004580259323120117,0.005983114242553711,0.021508455276489258
1306,1744654989.6388361,1744654989.6468875,1744654989.6473258,1744654989.654404,1744654989.654944,1744654989.662218,1744654989.6710443,1744654989.6715608,0.010386943817138672,0.0004889965057373047,0.004033327102661133,0.01490926742553711,0.016100406646728516,0.0005164146423339844,-0.009342670440673828,0.007274150848388672,0.02018451690673828
1307,1744654989.6759396,1744654989.6872368,1744654989.687665,1744654989.693979,1744654989.6949377,1744654989.699824,1744654989.7040474,1744654989.7045152,0.003973484039306641,0.0004734992980957031,0.0037393569946289062,0.00818634033203125,0.009109735488891602,0.0004677772521972656,-0.004691123962402344,0.0048863887786865234,0.016868114471435547
1308,1744654989.7128613,1744654989.717362,1744654989.7177536,1744654989.7244205,1744654989.7255182,1744654989.7308962,1744654989.7387514,1744654989.7391431,0.007382631301879883,0.0005021095275878906,0.014580965042114258,0.02246570587158203,0.013233184814453125,0.0003917217254638672,-0.008246898651123047,0.005378007888793945,0.025472164154052734
1309,1744654989.741147,1744654989.7453892,1744654989.7458959,1744654989.7523634,1744654989.7546864,1744654989.7589338,1744654989.7652094,1744654989.7657766,0.008037805557250977,0.0004596710205078125,0.02044510841369629,0.028942584991455078,0.010523080825805664,0.0005671977996826172,-0.006842851638793945,0.004247426986694336,0.034455060958862305
1310,1744654989.8163574,1744654989.8223493,1744654989.8227627,1744654989.827623,1744654989.8281982,1744654989.8314323,1744654989.842738,1744654989.843121,0.009389638900756836,0.0004165172576904297,0.013176679611206055,0.02298283576965332,0.014539718627929688,0.00038313865661621094,-0.011688709259033203,0.0032341480255126953,0.029862165451049805
1311,1744654989.8359563,1744654989.8434322,1744654989.843958,1744654989.8537862,1744654989.8546169,1744654989.8574648,1744654989.870181,1744654989.8707001,0.009666919708251953,0.00043272972106933594,0.006997108459472656,0.017096757888793945,0.015564203262329102,0.0005190372467041016,-0.013235330581665039,0.002847909927368164,0.027024030685424805
1312,1744654989.86062,1744654989.871007,1744654989.871496,1744654989.8755293,1744654989.8767831,1744654989.8808045,1744654989.8861945,1744654989.8867447,0.0053272247314453125,0.00041556358337402344,0.0123138427734375,0.018056631088256836,0.009411334991455078,0.0005502700805664062,-0.00594019889831543,0.004021406173706055,0.024190902709960938
1313,1744654989.899432,1744654989.9034054,1744654989.903879,1744654989.9076183,1744654989.912413,1744654989.9163,1744654989.921333,1744654989.921787,0.010048151016235352,0.0005369186401367188,0.005406379699707031,0.0159914493560791,0.00892019271850586,0.000453948974609375,-0.005486965179443359,0.003887176513671875,0.02825164794921875
1314,1744654990.0705438,1744654990.0779264,1744654990.0784285,1744654990.0930095,1744654990.0939932,1744654990.096016,1744654990.1025057,1744654990.1030343,0.007220268249511719,0.0005042552947998047,0.028642654418945312,0.036367177963256836,0.008512496948242188,0.0005285739898681641,-0.007018327713012695,0.0020227432250976562,0.042906761169433594
1315,1744654990.1526635,1744654990.1607013,1744654990.161161,1744654990.181606,1744654990.182272,1744654990.1871185,1744654990.1924822,1744654990.192989,0.009843587875366211,0.0005443096160888672,0.007509708404541016,0.017897605895996094,0.010210275650024414,0.0005068778991699219,-0.0058705806732177734,0.0048465728759765625,0.022353410720825195
1317,1744654990.2842245,1744654990.2936141,1744654990.2940307,1744654990.3072073,1744654990.3082125,1744654990.3140867,1744654990.3217056,1744654990.322132,0.008502960205078125,0.0004913806915283203,0.0036056041717529297,0.012599945068359375,0.013493061065673828,0.0004265308380126953,-0.008045434951782227,0.005874156951904297,0.023258686065673828
1318,1744654990.3516917,1744654990.3613586,1744654990.3617914,1744654990.3687885,1744654990.3702307,1744654990.3787158,1744654990.3818438,1744654990.382243,0.004906654357910156,0.0004227161407470703,0.0055103302001953125,0.010839700698852539,0.011613130569458008,0.0003991127014160156,-0.0035271644592285156,0.008485078811645508,0.017928123474121094
1319,1744654990.381139,1744654990.3864663,1744654990.3868818,1744654990.3991957,1744654990.3997593,1744654990.40533,1744654990.4100652,1744654990.4104495,0.008101940155029297,0.0004811286926269531,0.0057866573333740234,0.014369726181030273,0.01030588150024414,0.00038433074951171875,-0.0051195621490478516,0.005570650100708008,0.020284652709960938
1320,1744654990.5384812,1744654990.5485294,1744654990.5490663,1744654990.5544727,1744654990.5555696,1744654990.566733,1744654990.5740209,1744654990.5747094,0.005725860595703125,0.0004980564117431641,0.006014585494995117,0.012238502502441406,0.018451213836669922,0.0006885528564453125,-0.007976531982421875,0.01116323471069336,0.018496274948120117
1321,1744654990.8810546,1744654990.888275,1744654990.8887792,1744654990.9174218,1744654990.9185016,1744654990.9239614,1744654990.936059,1744654990.9365542,0.003414630889892578,0.0005698204040527344,0.006669044494628906,0.010653495788574219,0.017557382583618164,0.0004951953887939453,-0.012592792510986328,0.005459785461425781,0.017790555953979492
1323,1744654990.9270613,1744654990.936905,1744654990.9374492,1744654990.944959,1744654990.945933,1744654990.9494147,1744654990.9578364,1744654990.9582746,0.007592678070068359,0.00038242340087890625,0.022179365158081055,0.03015446662902832,0.01190328598022461,0.0004382133483886719,-0.008859872817993164,0.003481626510620117,0.03513813018798828
1324,1744654990.9816263,1744654990.9901292,1744654990.9906206,1744654990.9942262,1744654990.9957001,1744654991.004885,1744654991.0102892,1744654991.0109792,0.010501384735107422,0.0004305839538574219,0.009174585342407227,0.02010655403137207,0.014589071273803711,0.0006899833679199219,-0.006094217300415039,0.009184837341308594,0.02624368667602539
1325,1744654991.0988896,1744654991.1037962,1744654991.104219,1744654991.1097293,1744654991.111444,1744654991.1168177,1744654991.1204567,1744654991.1208754,0.009341239929199219,0.0004830360412597656,0.030592679977416992,0.04041695594787598,0.009012699127197266,0.00041866302490234375,-0.004057645797729492,0.005373716354370117,0.04454231262207031
1326,1744654991.120241,1744654991.1283429,1744654991.128824,1744654991.1346107,1744654991.1354122,1744654991.1405256,1744654991.1451206,1744654991.1455357,0.005209922790527344,0.0004711151123046875,0.0058765411376953125,0.011557579040527344,0.009708404541015625,0.0004150867462158203,-0.005010128021240234,0.005113363265991211,0.017681598663330078
1327,1744654991.1591618,1744654991.1648877,1744654991.1653857,1744654991.1714003,1744654991.171697,1744654991.177658,1744654991.1858544,1744654991.1864014,0.004053592681884766,0.0006120204925537109,0.018467426300048828,0.023133039474487305,0.014157533645629883,0.0005469322204589844,-0.0087432861328125,0.005961179733276367,0.03400063514709473
1328,1744654991.244805,1744654991.2482197,1744654991.2487895,1744654991.2554586,1744654991.2569783,1744654991.2625957,1744654991.2731354,1744654991.2736843,0.0055081844329833984,0.0004527568817138672,0.02317023277282715,0.029131174087524414,0.016157150268554688,0.0005488395690917969,-0.01108860969543457,0.005617380142211914,0.036643028259277344
1329,1744654991.2729094,1744654991.280502,1744654991.2808845,1744654991.3030639,1744654991.3045259,1744654991.3080475,1744654991.3173795,1744654991.3178086,0.005354404449462891,0.0004208087921142578,0.00624394416809082,0.012019157409667969,0.012853622436523438,0.0004291534423828125,-0.00976109504699707,0.0035216808319091797,0.020611047744750977
1331,1744654991.3108377,1744654991.3213391,1744654991.3217697,1744654991.3309443,1744654991.3330119,1744654991.3370814,1744654991.343194,1744654991.3436,0.010322809219360352,0.0004553794860839844,0.007305622100830078,0.018083810806274414,0.01018214225769043,0.00040602684020996094,-0.00651860237121582,0.00406956672668457,0.02551579475402832
1332,1744654991.3765998,1744654991.385941,1744654991.386424,1744654991.4170167,1744654991.4176264,1744654991.421142,1744654991.4251814,1744654991.425681,0.006288290023803711,0.0005190372467041016,0.014841079711914062,0.021648406982421875,0.0075550079345703125,0.000499725341796875,-0.004539012908935547,0.0035157203674316406,0.02742481231689453
1334,1744654991.4801288,1744654991.4853387,1744654991.4858098,1744654991.4916863,1744654991.4936078,1744654991.4978104,1744654991.5005755,1744654991.5010135,0.006082296371459961,0.0006945133209228516,0.007877826690673828,0.01465463638305664,0.006967782974243164,0.0004379749298095703,-0.003203153610229492,0.004202604293823242,0.02349066734313965
1335,1744654991.5455716,1744654991.5496252,1744654991.5502372,1744654991.5687046,1744654991.5696342,1744654991.5795722,1744654991.5948238,1744654991.5952713,0.008396625518798828,0.0005724430084228516,0.007945060729980469,0.01691412925720215,0.025189638137817383,0.0004475116729736328,-0.015699148178100586,0.00993800163269043,0.02085733413696289
1337,1744654991.593658,1744654991.5991662,1744654991.599619,1744654991.6227891,1744654991.623584,1744654991.630301,1744654991.63361,1744654991.6340902,0.012270927429199219,0.0003857612609863281,0.007050514221191406,0.019707202911376953,0.010025978088378906,0.0004801750183105469,-0.003789186477661133,0.00671696662902832,0.027971744537353516
1339,1744654991.634321,1744654991.6396754,1744654991.6400962,1744654991.6463401,1744654991.6473157,1744654991.654932,1744654991.6574464,1744654991.657877,0.006259441375732422,0.0005075931549072266,0.009740352630615234,0.016507387161254883,0.010130643844604492,0.0004305839538574219,-0.0029449462890625,0.007616281509399414,0.027158737182617188
1340,1744654991.7158444,1744654991.7261672,1744654991.7266226,1744654991.7339282,1744654991.735984,1744654991.7413602,1744654991.7467046,1744654991.7471159,0.005578517913818359,0.00047659873962402344,0.00904226303100586,0.015097379684448242,0.010720491409301758,0.0004112720489501953,-0.00575566291809082,0.005376100540161133,0.02198481559753418
1341,1744654991.7697756,1744654991.776064,1744654991.776583,1744654991.791424,1744654991.7933033,1744654991.7972004,1744654991.8003469,1744654991.8009467,0.0046079158782958984,0.00030612945556640625,0.005254983901977539,0.010169029235839844,0.007043600082397461,0.0005998611450195312,-0.0037462711334228516,0.0038971900939941406,0.015987157821655273
1343,1744654991.8030443,1744654991.8091266,1744654991.8098211,1744654991.817699,1744654991.8190298,1744654991.826535,1744654991.831645,1744654991.832306,0.006712436676025391,0.00063323974609375,0.007027387619018555,0.014373064041137695,0.012615203857421875,0.0006608963012695312,-0.00577092170715332,0.007505178451538086,0.022497892379760742
1344,1744654991.8299005,1744654991.8382971,1744654991.8388696,1744654991.8468146,1744654991.847552,1744654991.8507578,1744654991.866541,1744654991.8670032,0.01281428337097168,0.00042748451232910156,0.01443791389465332,0.0276796817779541,0.018988847732543945,0.0004622936248779297,-0.016245365142822266,0.0032057762145996094,0.033019065856933594
1345,1744654991.8563476,1744654991.8686185,1744654991.8690042,1744654991.8760548,1744654991.878286,1744654991.8843193,1744654991.8913443,1744654991.8918622,0.003879070281982422,0.0004918575286865234,0.004110813140869141,0.008481740951538086,0.01305842399597168,0.0005178451538085938,-0.007542848587036133,0.006033420562744141,0.015347003936767578
1346,1744654991.885968,1744654991.8922274,1744654991.892735,1744654991.9024754,1744654991.903276,1744654991.9131267,1744654991.918084,1744654991.9185202,0.008390188217163086,0.00043487548828125,0.0017011165618896484,0.010526180267333984,0.014807939529418945,0.0004363059997558594,-0.005393505096435547,0.009850740432739258,0.015135049819946289
1347,1744654991.9194806,1744654991.925059,1744654991.9255357,1744654991.934578,1744654991.9368334,1744654991.9414654,1744654991.944017,1744654991.9444954,0.005183696746826172,0.0005693435668945312,0.0296170711517334,0.0353701114654541,0.007183551788330078,0.00047850608825683594,-0.003030061721801758,0.004631996154785156,0.04246973991394043
1348,1744654991.9467313,1744654991.9513392,1744654991.9516454,1744654991.9569004,1744654991.9574885,1744654991.9627185,1744654991.9663603,1744654991.9667308,0.0220639705657959,0.0005481243133544922,0.023207902908325195,0.045819997787475586,0.008871793746948242,0.0003705024719238281,-0.004012346267700195,0.005229949951171875,0.05220818519592285
1349,1744654991.9906204,1744654991.9973328,1744654991.997966,1744654992.0049934,1744654992.0076332,1744654992.0131183,1744654992.0175285,1744654992.0181255,0.008644342422485352,0.0005617141723632812,0.016869306564331055,0.026075363159179688,0.00989532470703125,0.0005970001220703125,-0.005007266998291016,0.005485057830810547,0.03163647651672363
1350,1744654992.048466,1744654992.0612803,1744654992.0617077,1744654992.0761456,1744654992.0769525,1744654992.081485,1744654992.08672,1744654992.0872304,0.009862661361694336,0.00043010711669921875,0.028589725494384766,0.03888249397277832,0.009767532348632812,0.0005104541778564453,-0.005745410919189453,0.004532575607299805,0.05361819267272949
1351,1744654992.119501,1744654992.1233802,1744654992.123872,1744654992.1279829,1744654992.1293328,1744654992.134848,1744654992.138124,1744654992.1385999,0.011063337326049805,0.0005242824554443359,0.018062829971313477,0.029650449752807617,0.008791208267211914,0.00047588348388671875,-0.0037517547607421875,0.005515336990356445,0.03466916084289551
1352,1744654992.1567702,1744654992.1651604,1744654992.1655953,1744654992.1672964,1744654992.167772,1744654992.1719053,1744654992.1761508,1744654992.1766129,0.008357048034667969,0.0006122589111328125,0.01096963882446289,0.019938945770263672,0.008378744125366211,0.0004620552062988281,-0.0047075748443603516,0.0041332244873046875,0.02716851234436035
1353,1744654992.2692575,1744654992.2744412,1744654992.2750106,1744654992.3046277,1744654992.3064947,1744654992.3117273,1744654992.3202388,1744654992.3206234,0.006593227386474609,0.0005564689636230469,0.005148172378540039,0.012297868728637695,0.013744115829467773,0.0003845691680908203,-0.008896112442016602,0.005232572555541992,0.019174814224243164
1355,1744654992.411861,1744654992.433925,1744654992.434473,1744654992.457681,1744654992.4585676,1744654992.4640691,1744654992.4771411,1744654992.4776814,0.006968975067138672,0.0006124973297119141,0.007252931594848633,0.014834403991699219,0.018573522567749023,0.0005402565002441406,-0.01361227035522461,0.005501508712768555,0.019359827041625977
1357,1744654992.5280106,1744654992.536655,1744654992.5372167,1744654992.554086,1744654992.5565834,1744654992.559647,1744654992.5649147,1744654992.5654473,0.01024174690246582,0.00040411949157714844,0.005707979202270508,0.016353845596313477,0.008331298828125,0.0005326271057128906,-0.0058002471923828125,0.003063678741455078,0.021995067596435547
1358,1744654992.5998275,1744654992.6096902,1744654992.6101203,1744654992.63871,1744654992.6394703,1744654992.6534457,1744654992.6725104,1744654992.6731398,0.00432586669921875,0.0003879070281982422,0.005215167999267578,0.00992894172668457,0.03304004669189453,0.000629425048828125,-0.019694089889526367,0.013975381851196289,0.019278287887573242
1361,1744654992.6624534,1744654992.6735168,1744654992.674041,1744654992.6921039,1744654992.692958,1744654992.6971226,1744654992.7002206,1744654992.700726,0.00681614875793457,0.0004825592041015625,0.013114213943481445,0.020412921905517578,0.007262468338012695,0.0005054473876953125,-0.0036034584045410156,0.004164457321166992,0.02678704261779785
1362,1744654992.7279563,1744654992.7363133,1744654992.7369256,1744654992.7478952,1744654992.748531,1744654992.7551248,1744654992.7616394,1744654992.762239,0.010132789611816406,0.0005333423614501953,0.00708460807800293,0.01775074005126953,0.013108253479003906,0.0005996227264404297,-0.0071141719818115234,0.0065937042236328125,0.022736549377441406
1363,1744654992.8084304,1744654992.8150237,1744654992.8155801,1744654992.8207283,1744654992.820983,1744654992.8276052,1744654992.8348966,1744654992.835575,0.009964942932128906,0.00045990943908691406,0.011049032211303711,0.02147388458251953,0.013913631439208984,0.0006785392761230469,-0.007969856262207031,0.006622314453125,0.027844905853271484
1364,1744654992.8655193,1744654992.8724883,1744654992.8731008,1744654992.8803537,1744654992.8811066,1744654992.884879,1744654992.8934913,1744654992.8939824,0.003853321075439453,0.0006415843963623047,0.01664900779724121,0.02114391326904297,0.012384653091430664,0.0004911422729492188,-0.00910329818725586,0.0037724971771240234,0.024804115295410156
1365,1744654992.921664,1744654992.9319057,1744654992.9323099,1744654992.9380178,1744654992.93913,1744654992.943659,1744654992.9485657,1744654992.949015,0.010658979415893555,0.0005910396575927734,0.017047643661499023,0.02829766273498535,0.009435653686523438,0.00044918060302734375,-0.0053558349609375,0.004528999328613281,0.033779144287109375
1366,1744654992.9568937,1744654992.9612195,1744654992.9616075,1744654992.9668226,1744654992.9707322,1744654992.976172,1744654992.9812706,1744654992.9816918,0.0055789947509765625,0.0004019737243652344,0.025217533111572266,0.031198501586914062,0.010538339614868164,0.00042128562927246094,-0.005519866943359375,0.00543975830078125,0.03499555587768555
1367,1744654992.9879937,1744654992.9948099,1744654992.9952924,1744654993.0084066,1744654993.0087767,1744654993.0147808,1744654993.021092,1744654993.0216017,0.010038375854492188,0.00038886070251464844,0.013150691986083984,0.02357792854309082,0.01231527328491211,0.0005097389221191406,-0.0068209171295166016,0.0060040950775146484,0.02753591537475586
1368,1744654993.0315697,1744654993.0417025,1744654993.0422359,1744654993.0493205,1744654993.0518196,1744654993.0543063,1744654993.0641375,1744654993.0646284,0.00966334342956543,0.0004649162292480469,0.011513710021972656,0.021641969680786133,0.012317895889282227,0.0004909038543701172,-0.010322093963623047,0.002486705780029297,0.03206133842468262
1369,1744654993.0564544,1744654993.0664194,1744654993.0668793,1744654993.0779283,1744654993.0801275,1744654993.0842993,1744654993.0895224,1744654993.0899978,0.005654811859130859,0.00046706199645996094,0.011431455612182617,0.017553329467773438,0.00939488410949707,0.0004754066467285156,-0.005698442459106445,0.004171848297119141,0.02329111099243164
1370,1744654993.1236916,1744654993.1275449,1744654993.1281865,1744654993.1448355,1744654993.1454766,1744654993.1484957,1744654993.1551754,1744654993.1556466,0.011807680130004883,0.0005729198455810547,0.01762700080871582,0.030007600784301758,0.009698867797851562,0.0004711151123046875,-0.007150888442993164,0.003019094467163086,0.04499220848083496
1372,1744654993.2867603,1744654993.2974193,1744654993.2980103,1744654993.315058,1744654993.316102,1744654993.3205395,1744654993.3276932,1744654993.3282225,0.010181665420532227,0.00043010711669921875,0.014511585235595703,0.02512335777282715,0.011591196060180664,0.0005292892456054688,-0.0076830387115478516,0.004437446594238281,0.03151297569274902
1373,1744654993.3404007,1744654993.3459797,1744654993.3463817,1744654993.3715992,1744654993.3724089,1744654993.3753963,1744654993.3789468,1744654993.3793511,0.003581523895263672,0.0004799365997314453,0.00811624526977539,0.012177705764770508,0.006537914276123047,0.00040435791015625,-0.003954887390136719,0.002987384796142578,0.01647353172302246
1374,1744654993.3610623,1744654993.3711007,1744654993.3714895,1744654993.3846402,1744654993.3855772,1744654993.3885982,1744654993.3998132,1744654993.4002786,0.006594419479370117,0.00041484832763671875,0.001699209213256836,0.008708477020263672,0.014235973358154297,0.00046539306640625,-0.011680364608764648,0.0030210018157958984,0.012461423873901367
1376,1744654993.3930557,1744654993.402719,1744654993.403184,1744654993.4146976,1744654993.4163153,1744654993.425117,1744654993.4344425,1744654993.4349346,0.010645866394042969,0.0003905296325683594,0.023828983306884766,0.034865379333496094,0.0181272029876709,0.000492095947265625,-0.00981760025024414,0.008801698684692383,0.03955388069152832
1377,1744654993.527581,1744654993.5332358,1744654993.5337029,1744654993.5451343,1744654993.5464673,1744654993.550872,1744654993.5587177,1744654993.559177,0.013665199279785156,0.0005612373352050781,0.0050432682037353516,0.019269704818725586,0.012250423431396484,0.0004591941833496094,-0.008304834365844727,0.004404783248901367,0.02577495574951172
1378,1744654993.594353,1744654993.6061606,1744654993.6067336,1744654993.6243606,1744654993.6251578,1744654993.6393452,1744654993.6477404,1744654993.6484106,0.0034341812133789062,0.0005512237548828125,0.031101226806640625,0.035086631774902344,0.022582530975341797,0.0006701946258544922,-0.009065389633178711,0.014187335968017578,0.04387402534484863
1380,1744654993.6779377,1744654993.6881194,1744654993.6885495,1744654993.703061,1744654993.7059565,1744654993.7094507,1744654993.71583,1744654993.7163053,0.014579534530639648,0.0004668235778808594,0.02173757553100586,0.03678393363952637,0.009873628616333008,0.00047516822814941406,-0.006854534149169922,0.0034942626953125,0.04229116439819336
1382,1744654993.81165,1744654993.8152316,1744654993.8157115,1744654993.8238277,1744654993.8256018,1744654993.8281236,1744654993.8331008,1744654993.8335474,0.005334377288818359,0.0006587505340576172,0.023000717163085938,0.028993844985961914,0.007498979568481445,0.00044655799865722656,-0.005423784255981445,0.0025217533111572266,0.03482699394226074
1383,1744654993.8463635,1744654993.852958,1744654993.8533728,1744654993.855072,1744654993.8561418,1744654993.858825,1744654993.8654945,1744654993.865896,0.004052162170410156,0.0004794597625732422,0.011620759963989258,0.016152381896972656,0.009352684020996094,0.00040149688720703125,-0.007071018218994141,0.0026831626892089844,0.022844552993774414
1384,1744654993.915192,1744654993.9258378,1744654993.9262283,1744654993.9500573,1744654993.9510968,1744654993.9547458,1744654993.9613948,1744654993.9619994,0.004473209381103516,0.00035262107849121094,0.010961771011352539,0.015787601470947266,0.010298013687133789,0.0006046295166015625,-0.0072536468505859375,0.003648996353149414,0.019891738891601562
1385,1744654993.9459991,1744654993.9596643,1744654993.9602256,1744654993.9652689,1744654993.9655848,1744654993.971774,1744654993.9779353,1744654993.97851,0.007153987884521484,0.0005795955657958984,0.0070781707763671875,0.01481175422668457,0.01235055923461914,0.0005745887756347656,-0.006735801696777344,0.0061893463134765625,0.026615142822265625
1387,1744654994.096274,1744654994.099708,1744654994.1002593,1744654994.1313605,1744654994.1335604,1744654994.140148,1744654994.1457849,1744654994.1463099,0.01423501968383789,0.0003921985626220703,0.022101402282714844,0.036728620529174805,0.012224435806274414,0.0005249977111816406,-0.006161928176879883,0.006587505340576172,0.04518270492553711
1388,1744654994.1138854,1744654994.128465,1744654994.1289318,1744654994.1506693,1744654994.152493,1744654994.1561766,1744654994.161692,1744654994.1621547,0.015228033065795898,0.00043272972106933594,0.010574579238891602,0.026235342025756836,0.009198904037475586,0.0004627704620361328,-0.005978107452392578,0.0036835670471191406,0.030672788619995117
1390,1744654994.2007375,1744654994.2060719,1744654994.2067306,1744654994.2297313,1744654994.2304206,1744654994.2355645,1744654994.2452888,1744654994.2458746,0.007385969161987305,0.00045228004455566406,0.006063938140869141,0.01390218734741211,0.01486825942993164,0.0005857944488525391,-0.010310173034667969,0.005143880844116211,0.02094888687133789
1392,1744654994.376141,1744654994.3801932,1744654994.3806727,1744654994.3922935,1744654994.3933384,1744654994.3989856,1744654994.4054437,1744654994.4059043,0.008224248886108398,0.0005090236663818359,0.010589599609375,0.019322872161865234,0.012105226516723633,0.00046062469482421875,-0.006918668746948242,0.005647182464599609,0.023702621459960938
1393,,,,,1744654994.4633574,1744654994.4660094,1744654994.471835,1744654994.4723582,0.014057636260986328,0.0006532669067382812,0.013432979583740234,0.028143882751464844,0.008477449417114258,0.0005233287811279297,-0.006348848342895508,0.0026519298553466797,0.035913705825805664
1394,,,,,1744654994.6193984,1744654994.6241934,1744654994.6298676,1744654994.6303658,0.006727457046508789,0.0004379749298095703,0.030097484588623047,0.037262916564941406,0.010469198226928711,0.0004982948303222656,-0.0061724185943603516,0.004795074462890625,0.04420948028564453
1395,1744654994.7729971,1744654994.7774704,1744654994.777823,1744654994.7887847,1744654994.790148,1744654994.7928889,1744654994.7974606,1744654994.797831,0.009384393692016602,0.0005383491516113281,0.04579639434814453,0.05571913719177246,0.0073125362396240234,0.0003705024719238281,-0.004942178726196289,0.0027408599853515625,0.06472015380859375
1396,1744654994.8413455,1744654994.8484995,1744654994.8490791,1744654994.8561573,1744654994.857425,1744654994.8679607,1744654994.8714573,1744654994.872013,0.018808603286743164,0.0005679130554199219,0.03427529335021973,0.05365180969238281,0.014032363891601562,0.0005557537078857422,-0.004052400588989258,0.010535717010498047,0.05942487716674805
1397,,,,,1744654994.9402993,1744654994.9481332,1744654994.9578135,1744654994.9581997,0.009225845336914062,0.0004115104675292969,0.023923158645629883,0.03356051445007324,0.01751422882080078,0.00038623809814453125,-0.010066509246826172,0.00783395767211914,0.041526079177856445
1398,1744654995.0049791,1744654995.0192142,1744654995.0196064,1744654995.0417078,1744654995.0425143,1744654995.0501618,1744654995.069774,1744654995.0702035,0.007996797561645508,0.0003428459167480469,0.006030082702636719,0.014369726181030273,0.02725958824157715,0.0004296302795410156,-0.020041704177856445,0.007647514343261719,0.022701740264892578
1401,1744654995.0590246,1744654995.0742526,1744654995.0746853,1744654995.08526,1744654995.086162,1744654995.0896974,1744654995.0935714,1744654995.0939648,0.0077266693115234375,0.00036835670471191406,0.006012916564941406,0.014107942581176758,0.007409334182739258,0.0003933906555175781,-0.004267454147338867,0.0035352706909179688,0.019776344299316406
1402,1744654995.110087,1744654995.117473,1744654995.1179252,1744654995.123989,1744654995.125505,1744654995.1310358,1744654995.1352623,1744654995.13573,0.011664867401123047,0.0006897449493408203,0.00612187385559082,0.018476486206054688,0.009757280349731445,0.0004677772521972656,-0.004694223403930664,0.005530834197998047,0.031208276748657227
1403,1744654995.169482,1744654995.1777062,1744654995.1782153,1744654995.1888049,1744654995.189452,1744654995.1931846,1744654995.210701,1744654995.2111168,0.007170677185058594,0.00044655799865722656,0.01422429084777832,0.02184152603149414,0.021249055862426758,0.000415802001953125,-0.01793217658996582,0.0037326812744140625,0.025598526000976562
1404,1744654995.1973147,1744654995.2113724,1744654995.2120256,1744654995.2254586,1744654995.2281952,1744654995.2332284,1744654995.236627,1744654995.2371745,0.006351470947265625,0.00041365623474121094,0.02848505973815918,0.035250186920166016,0.00843191146850586,0.0005474090576171875,-0.003946065902709961,0.005033254623413086,0.040288448333740234
1405,1744654995.3235385,1744654995.330266,1744654995.330704,1744654995.3608015,1744654995.3637316,1744654995.367748,1744654995.3801115,1744654995.3805377,0.01039743423461914,0.0005517005920410156,0.007113218307495117,0.018062353134155273,0.016379833221435547,0.00042629241943359375,-0.012789726257324219,0.004016399383544922,0.025866985321044922
1406,1744654995.3466923,1744654995.3560767,1744654995.356615,1744654995.4024115,1744654995.404916,1744654995.4114125,1744654995.417328,1744654995.4179592,0.00899648666381836,0.0005540847778320312,0.0056514739990234375,0.015202045440673828,0.012411832809448242,0.0006313323974609375,-0.006546735763549805,0.006496429443359375,0.020456552505493164
1407,1744654995.396757,1744654995.4155655,1744654995.4161334,1744654995.4504087,1744654995.4515452,1744654995.4561818,1744654995.4679515,1744654995.4684603,0.004583835601806641,0.000514984130859375,0.01129603385925293,0.016394853591918945,0.01640629768371582,0.0005087852478027344,-0.012278556823730469,0.004636526107788086,0.01969766616821289
1411,1744654995.5425656,1744654995.5517914,1744654995.552203,1744654995.576126,1744654995.5767782,1744654995.5840917,1744654995.5895455,1744654995.5899754,0.02301311492919922,0.0006227493286132812,0.020182371139526367,0.04381823539733887,0.012767314910888672,0.0004298686981201172,-0.005883693695068359,0.00731348991394043,0.04846453666687012
1413,1744654995.589973,1744654995.5979698,1744654995.5983126,1744654995.6043427,1744654995.6053894,1744654995.6126747,1744654995.6183696,1744654995.6188152,0.016638755798339844,0.0005085468292236328,0.011016607284545898,0.028163909912109375,0.012980222702026367,0.0004456043243408203,-0.006140470504760742,0.007285356521606445,0.03606700897216797
1414,1744654995.6209078,1744654995.6286345,1744654995.6290028,1744654995.6350157,1744654995.636058,1744654995.6406841,1744654995.6444433,1744654995.6448238,0.00969552993774414,0.0004596710205078125,0.022943496704101562,0.033098697662353516,0.008385181427001953,0.00038051605224609375,-0.00413966178894043,0.004626035690307617,0.0420839786529541
1415,1744654995.7554667,1744654995.7671316,1744654995.7678213,1744654995.7739432,1744654995.7778044,1744654995.786675,1744654995.7912683,1744654995.7918103,0.00577092170715332,0.0005474090576171875,0.012080907821655273,0.01839923858642578,0.013463973999023438,0.0005419254302978516,-0.005135297775268555,0.008870601654052734,0.02384018898010254
1416,1744654995.8142521,1744654995.8214228,1744654995.8218694,1744654995.8360937,1744654995.8367076,1744654995.8398507,1744654995.84444,1744654995.8449051,0.019840240478515625,0.0005285739898681641,0.00850677490234375,0.02887558937072754,0.007732391357421875,0.00046515464782714844,-0.005054473876953125,0.0031430721282958984,0.033659934997558594
1417,1744654995.9730978,1744654995.9794493,1744654995.979863,1744654996.008348,1744654996.010336,1744654996.0133862,1744654996.0303428,1744654996.030814,0.006434440612792969,0.0004665851593017578,0.006341695785522461,0.013242721557617188,0.020006895065307617,0.0004711151123046875,-0.017427682876586914,0.0030503273010253906,0.021785736083984375
1419,1744654996.0206637,1744654996.0310612,1744654996.0316129,1744654996.038726,1744654996.0392308,1744654996.0465307,1744654996.0511875,1744654996.0516164,0.006419658660888672,0.0004100799560546875,0.011892318725585938,0.018722057342529297,0.01195669174194336,0.00042891502380371094,-0.00508570671081543,0.007299900054931641,0.025254487991333008
1420,1744654996.0844848,1744654996.0934813,1744654996.0940354,1744654996.0996869,1744654996.1006186,1744654996.1049414,1744654996.1087005,1744654996.1092293,0.00913095474243164,0.0007834434509277344,0.012435197830200195,0.02234959602355957,0.008081912994384766,0.0005288124084472656,-0.0042879581451416016,0.00432276725769043,0.03363323211669922
1421,1744654996.144466,1744654996.1490498,1744654996.1495647,1744654996.1608608,1744654996.1615274,1744654996.1641636,1744654996.1682022,1744654996.1687148,0.014930963516235352,0.0008797645568847656,0.0233614444732666,0.03917217254638672,0.006674766540527344,0.0005125999450683594,-0.0045511722564697266,0.0026361942291259766,0.04432487487792969
1422,1744654996.2114904,1744654996.2345035,1744654996.2351263,1744654996.2553086,1744654996.256021,1744654996.259955,1744654996.272322,1744654996.2727568,0.00869441032409668,0.0006198883056640625,0.007040500640869141,0.016354799270629883,0.01630091667175293,0.00043487548828125,-0.012801885604858398,0.003933906555175781,0.026299476623535156
1423,1744654996.2499492,1744654996.266588,1744654996.2670965,1744654996.2781131,1744654996.2817535,1744654996.2860162,1744654996.2918527,1744654996.2922916,0.010487794876098633,0.0003478527069091797,0.004547834396362305,0.015383481979370117,0.010099172592163086,0.00043892860412597656,-0.0062754154205322266,0.004262685775756836,0.028465747833251953
1424,1744654996.2646072,1744654996.2743027,1744654996.2747624,1744654996.297706,1744654996.299328,1744654996.3066912,1744654996.3144922,1744654996.3149908,0.016832590103149414,0.0004508495330810547,0.01474905014038086,0.03203248977661133,0.01516413688659668,0.0004985332489013672,-0.008299589157104492,0.007363080978393555,0.04172635078430176
1426,1744654996.3245811,1744654996.330352,1744654996.3308995,1744654996.3429804,1744654996.3432746,1744654996.3484213,1744654996.3697386,1744654996.3703644,0.0059049129486083984,0.0005567073822021484,0.03109121322631836,0.037552833557128906,0.026463985443115234,0.0006258487701416016,-0.021943092346191406,0.00514674186706543,0.04323554039001465
1427,1744654996.3508358,1744654996.370676,1744654996.3712046,1744654996.3797114,1744654996.3799624,1744654996.3844957,1744654996.3873365,1744654996.387764,0.020004987716674805,0.0004756450653076172,0.023645401000976562,0.044126033782958984,0.0073740482330322266,0.00042748451232910156,-0.0032682418823242188,0.004533290863037109,0.0541989803314209
1428,1744654996.407426,1744654996.4138606,1744654996.4143271,1744654996.4206688,1744654996.4212615,1744654996.4292119,1744654996.4355757,1744654996.436091,0.011557579040527344,0.0005540847778320312,0.055576324462890625,0.06768798828125,0.01431417465209961,0.0005152225494384766,-0.006879091262817383,0.007950305938720703,0.08266234397888184
1429,1744654996.431499,1744654996.4379187,1744654996.4383287,1744654996.450221,1744654996.4514916,1744654996.4567535,1744654996.4636536,1744654996.4641354,0.05645585060119629,0.0005483627319335938,0.014874458312988281,0.07187867164611816,0.012161970138549805,0.0004818439483642578,-0.007381916046142578,0.005261898040771484,0.07578706741333008
1430,1744654996.524235,1744654996.533366,1744654996.5341494,1744654996.5465846,1744654996.5491323,1744654996.5578682,1744654996.5641909,1744654996.5649254,0.009900093078613281,0.000476837158203125,0.006791114807128906,0.017168045043945312,0.015058517456054688,0.0007345676422119141,-0.00705718994140625,0.008735895156860352,0.023285865783691406
1432,1744654996.6638074,1744654996.6787384,1744654996.6796181,1744654996.7029796,1744654996.703271,1744654996.7081323,1744654996.7145276,1744654996.7151423,0.0069310665130615234,0.00041675567626953125,0.010687112808227539,0.018034934997558594,0.011256694793701172,0.0006146430969238281,-0.007009983062744141,0.004861354827880859,0.02308344841003418
1434,1744654996.7862453,1744654996.7949398,1744654996.7955596,1744654996.8026001,1744654996.8049004,1744654996.8125448,1744654996.8202906,1744654996.8208156,0.016710996627807617,0.00039839744567871094,0.004869937896728516,0.021979331970214844,0.015390157699584961,0.0005249977111816406,-0.008270740509033203,0.0076444149017333984,0.03151655197143555
1435,1744654996.8250952,1744654996.835583,1744654996.8359308,1744654996.8404787,1744654996.8427699,1744654996.853561,1744654996.8639214,1744654996.8642948,0.0034592151641845703,0.0004611015319824219,0.007773637771606445,0.011693954467773438,0.02115154266357422,0.0003733634948730469,-0.010733842849731445,0.01079106330871582,0.01674962043762207
1436,1744654996.8686314,1744654996.885464,1744654996.8859148,1744654996.9006639,1744654996.9013422,1744654996.9103577,1744654996.9218285,1744654996.9222658,0.0054891109466552734,0.0003879070281982422,0.03144502639770508,0.037322044372558594,0.02048635482788086,0.0004372596740722656,-0.01190805435180664,0.009015560150146484,0.04301929473876953
1437,1744654996.8858678,1744654996.8917727,1744654996.8923295,1744654996.9234207,1744654996.9238386,1744654996.9291034,1744654996.9394414,1744654996.9399266,0.009706974029541016,0.0004425048828125,0.02692389488220215,0.037073373794555664,0.015602827072143555,0.0004851818084716797,-0.010823249816894531,0.005264759063720703,0.04356551170349121
1438,1744654996.9149451,1744654996.93495,1744654996.9354258,1744654996.9590712,1744654996.9609678,1744654996.969144,1744654996.981993,1744654996.982497,0.007674455642700195,0.0004227161407470703,0.04848313331604004,0.056580305099487305,0.02102518081665039,0.0005040168762207031,-0.01335287094116211,0.008176326751708984,0.06290531158447266
1439,1744654996.9426296,1744654996.9541872,1744654996.9547412,1744654997.0103176,1744654997.0134058,1744654997.025292,1744654997.0388548,1744654997.0394356,0.011478900909423828,0.0005397796630859375,0.04309415817260742,0.05511283874511719,0.025449037551879883,0.0005807876586914062,-0.014143705368041992,0.011886119842529297,0.059548377990722656
1440,1744654996.9756992,1744654997.032155,1744654997.0327034,1744654997.0475779,1744654997.0480008,1744654997.0514863,1744654997.058242,1744654997.0587873,0.010419368743896484,0.0004527568817138672,0.028124332427978516,0.03899645805358887,0.010241270065307617,0.0005452632904052734,-0.0073010921478271484,0.003485441207885742,0.0451817512512207
1443,1744654997.1134608,1744654997.1233609,1744654997.1238377,1744654997.1306288,1744654997.1332624,1744654997.1367466,1744654997.14068,1744654997.1412733,0.008495807647705078,0.0005936622619628906,0.04743051528930664,0.05651998519897461,0.0074176788330078125,0.0005931854248046875,-0.004526615142822266,0.0034842491149902344,0.061884403228759766
1444,1744654997.2061892,1744654997.2131202,1744654997.213537,1744654997.224224,1744654997.2251387,1744654997.2292726,1744654997.2483425,1744654997.248755,0.026836633682250977,0.00041294097900390625,0.011112689971923828,0.03836226463317871,0.02320384979248047,0.0004124641418457031,-0.01948237419128418,0.004133939743041992,0.05038785934448242
1445,1744654997.2323136,1744654997.2490246,1744654997.249423,1744654997.254293,1744654997.258548,1744654997.2638302,1744654997.2684464,1744654997.269019,0.007858991622924805,0.0004305839538574219,0.022856712341308594,0.03114628791809082,0.00989842414855957,0.0005724430084228516,-0.005188703536987305,0.005282163619995117,0.03752326965332031
1446,1744654997.2690127,1744654997.272472,1744654997.272933,1744654997.2807066,1744654997.282191,1744654997.2857623,1744654997.2905605,1744654997.29105,0.008762121200561523,0.00048661231994628906,0.003554821014404297,0.01280355453491211,0.00836944580078125,0.0004894733428955078,-0.005287647247314453,0.0035712718963623047,0.022608518600463867
1447,1744654997.347594,1744654997.3530831,1744654997.353471,1744654997.384916,1744654997.385729,1744654997.3906133,1744654997.3984435,1744654997.3988602,0.011456489562988281,0.0004458427429199219,0.03537106513977051,0.04727339744567871,0.012714385986328125,0.00041675567626953125,-0.008246898651123047,0.004884243011474609,0.052774667739868164
1448,1744654997.3773425,1744654997.3870494,1744654997.387492,1744654997.4144158,1744654997.4166503,1744654997.420908,1744654997.4354346,1744654997.4358804,0.014078617095947266,0.0005276203155517578,0.018156766891479492,0.032763004302978516,0.018784284591674805,0.0004458427429199219,-0.014972448348999023,0.004257678985595703,0.04218173027038574
1449,1744654997.3990903,1744654997.4067647,1744654997.4071875,1744654997.4556706,1744654997.4574492,1744654997.4619956,1744654997.4744096,1744654997.4748788,0.0175931453704834,0.00039887428283691406,0.025381803512573242,0.043373823165893555,0.01696038246154785,0.000469207763671875,-0.012883186340332031,0.004546403884887695,0.05171823501586914
1451,1744654997.4254832,1744654997.4369621,1744654997.437502,1744654997.480596,1744654997.481795,1744654997.4850316,1744654997.500322,1744654997.500797,0.011496305465698242,0.0006647109985351562,0.036934614181518555,0.04909563064575195,0.01852703094482422,0.0004749298095703125,-0.01576542854309082,0.003236532211303711,0.05477404594421387
1453,1744654997.4678118,1744654997.4782312,1744654997.478684,1744654997.5068083,1744654997.5084434,1744654997.5129936,1744654997.5168462,1744654997.5173354,0.005235195159912109,0.000476837158203125,0.007311582565307617,0.013023614883422852,0.008402824401855469,0.0004892349243164062,-0.004341840744018555,0.00455021858215332,0.019182205200195312
1455,1744654997.622592,1744654997.6310878,1744654997.6316814,1744654997.679112,1744654997.6808555,1744654997.6844764,1744654997.691927,1744654997.6923664,0.021392107009887695,0.000514984130859375,0.010949373245239258,0.03285646438598633,0.011071443557739258,0.0004394054412841797,-0.007889986038208008,0.0036208629608154297,0.0354151725769043
1458,1744654997.7738833,1744654997.80072,1744654997.801133,1744654997.8122456,1744654997.813977,1744654997.8242712,1744654997.828725,1744654997.829175,0.005538463592529297,0.0005414485931396484,0.00809621810913086,0.014176130294799805,0.014748096466064453,0.00044989585876464844,-0.0049037933349609375,0.010294198989868164,0.022054433822631836
1460,1744654997.8281157,1744654997.8359747,1744654997.8364053,1744654997.859262,1744654997.8605144,1744654997.865639,1744654997.8720438,1744654997.8725283,0.010777473449707031,0.0003762245178222656,0.024403095245361328,0.035556793212890625,0.01152944564819336,0.000484466552734375,-0.00688934326171875,0.005124568939208984,0.043108463287353516
1461,1744654997.9667377,1744654997.9754999,1744654997.9759865,1744654997.9795413,1744654997.9834943,1744654997.9893463,1744654997.9945767,1744654997.9951162,0.006867170333862305,0.00048232078552246094,0.004908561706542969,0.012258052825927734,0.01108241081237793,0.0005395412445068359,-0.005769968032836914,0.0058519840240478516,0.01782536506652832
1462,1744654998.0384617,1744654998.0499182,1744654998.050364,1744654998.085735,1744654998.0875926,1744654998.0912364,1744654998.1073248,1744654998.1077967,0.013727426528930664,0.0005218982696533203,0.01970696449279785,0.033956289291381836,0.019732236862182617,0.0004718303680419922,-0.01656031608581543,0.0036437511444091797,0.04542899131774902
1464,1744654998.0940256,1744654998.1081042,1744654998.1086318,1744654998.1267886,1744654998.128078,1744654998.1362073,1744654998.139412,1744654998.1400778,0.007817745208740234,0.0007417201995849609,0.02573227882385254,0.034291744232177734,0.011333942413330078,0.0006659030914306641,-0.0038704872131347656,0.008129358291625977,0.03989577293395996
1465,1744654998.2954166,1744654998.3130097,1744654998.3134086,1744654998.3387904,1744654998.3405652,1744654998.3471348,1744654998.3616588,1744654998.3620822,0.011103153228759766,0.000576019287109375,0.027599573135375977,0.03927874565124512,0.02109360694885254,0.000423431396484375,-0.01494741439819336,0.006569623947143555,0.045250892639160156
1466,1744654998.314884,1744654998.3263803,1744654998.327045,1744654998.3639796,1744654998.3652694,1744654998.369658,1744654998.3745463,1744654998.375147,0.016872644424438477,0.00048470497131347656,0.03424358367919922,0.05160093307495117,0.009276866912841797,0.0006008148193359375,-0.0054891109466552734,0.004388570785522461,0.05718660354614258
1469,1744654998.5283473,1744654998.5335824,1744654998.5340593,1744654998.5413709,1744654998.5421429,1744654998.5475295,1744654998.553379,1744654998.5538914,0.022591829299926758,0.0005013942718505859,0.03336834907531738,0.05646157264709473,0.011236190795898438,0.0005123615264892578,-0.006361961364746094,0.0053865909576416016,0.06097722053527832
1470,1744654998.574456,1744654998.595848,1744654998.596363,1744654998.6073124,1744654998.6078107,1744654998.6098711,1744654998.6124861,1744654998.613003,0.01236724853515625,0.0003647804260253906,0.03635716438293457,0.04908919334411621,0.004675388336181641,0.0005168914794921875,-0.003131866455078125,0.002060413360595703,0.05193924903869629
1472,1744654998.6270208,1744654998.6325593,1744654998.6331007,1744654998.641197,1744654998.6416073,1744654998.6490753,1744654998.6532457,1744654998.653749,0.018018722534179688,0.00045990943908691406,0.02834939956665039,0.04682803153991699,0.011638402938842773,0.0005033016204833984,-0.00467371940612793,0.007467985153198242,0.05879545211791992
1473,1744654998.7513754,1744654998.762153,1744654998.7625291,1744654998.7869322,1744654998.7879746,1744654998.794484,1744654998.8008926,1744654998.80131,0.012217044830322266,0.0007131099700927734,0.012815475463867188,0.025745630264282227,0.01291799545288086,0.00041747093200683594,-0.006826162338256836,0.006509304046630859,0.03324580192565918
1475,1744654998.8308752,1744654998.8377423,1744654998.8382246,1744654998.8431332,1744654998.8441236,1744654998.8487005,1744654998.8547022,1744654998.8551488,0.00858759880065918,0.0005245208740234375,0.008991241455078125,0.018103361129760742,0.010578632354736328,0.00044655799865722656,-0.006448268890380859,0.004576921463012695,0.029469013214111328
1476,1744654998.8561466,1744654998.869874,1744654998.870396,1744654998.8901029,1744654998.891986,1744654998.9015756,1744654998.9076703,1744654998.9081864,0.012151241302490234,0.0005717277526855469,0.006493568420410156,0.019216537475585938,0.01568436622619629,0.0005161762237548828,-0.006610870361328125,0.009589672088623047,0.025482177734375
1477,1744654999.2007709,1744654999.2085886,1744654999.2093303,1744654999.2350626,1744654999.2362783,1744654999.2406666,1744654999.253794,1744654999.2543738,0.008134126663208008,0.0005543231964111328,0.019959449768066406,0.028647899627685547,0.01751565933227539,0.000579833984375,-0.013707160949707031,0.004388332366943359,0.03338265419006348
1478,1744654999.2216566,1744654999.2327597,1744654999.2333357,1744654999.2609353,1744654999.2616482,1744654999.2669075,1744654999.2756577,1744654999.2760875,0.00824284553527832,0.0004286766052246094,0.013921022415161133,0.022592544555664062,0.014009475708007812,0.0004298686981201172,-0.009180068969726562,0.005259275436401367,0.02526545524597168
1479,1744654999.2565277,1744654999.2734003,1744654999.273885,1744654999.3081286,1744654999.3099813,1744654999.3137143,1744654999.3232386,1744654999.3237655,0.012433290481567383,0.00039649009704589844,0.009369611740112305,0.022199392318725586,0.013257265090942383,0.0005269050598144531,-0.010051250457763672,0.003732919692993164,0.02838730812072754
1480,1744654999.2757187,1744654999.2983105,1744654999.298812,1744654999.3321803,1744654999.3336036,1744654999.336696,1744654999.3434453,1744654999.3439045,0.003465890884399414,0.0004258155822753906,0.00662684440612793,0.010518550872802734,0.009841680526733398,0.0004591941833496094,-0.007208585739135742,0.0030922889709472656,0.01689314842224121
1481,1744654999.2931175,1744654999.3054848,1744654999.3058496,1744654999.3422067,1744654999.3434188,1744654999.3450568,1744654999.3492723,1744654999.3497016,0.007263898849487305,0.0006496906280517578,0.01403951644897461,0.021953105926513672,0.005853414535522461,0.00042939186096191406,-0.004644870758056641,0.0016379356384277344,0.03181886672973633
1482,1744654999.3239164,1744654999.3419352,1744654999.342395,1744654999.3707445,1744654999.3748012,1744654999.382712,1744654999.3911805,1744654999.3916342,0.007071256637573242,0.0004181861877441406,0.011828899383544922,0.019318342208862305,0.016379356384277344,0.00045371055603027344,-0.008922338485717773,0.007910728454589844,0.021768569946289062
1486,1744654999.5098114,1744654999.5220284,1744654999.5227416,1744654999.535557,1744654999.536096,1744654999.5430572,1744654999.5500069,1744654999.5507085,0.009148597717285156,0.0004303455352783203,0.0057904720306396484,0.015369415283203125,0.013910770416259766,0.0007016658782958984,-0.007651329040527344,0.00696110725402832,0.018166780471801758
1488,1744654999.61793,1744654999.6265175,1744654999.627042,1744654999.6360333,1744654999.6388392,1744654999.647399,1744654999.6570673,1744654999.6575468,0.005994081497192383,0.0005807876586914062,0.008921146392822266,0.015496015548706055,0.01822805404663086,0.0004794597625732422,-0.010147809982299805,0.008559703826904297,0.02133011817932129
1489,1744654999.649831,1744654999.6619823,1744654999.662554,1744654999.6690476,1744654999.6703012,1744654999.6753132,1744654999.6820676,1744654999.6826737,0.017209768295288086,0.00043773651123046875,0.014308691024780273,0.03195619583129883,0.011766433715820312,0.0006060600280761719,-0.0073604583740234375,0.005012035369873047,0.04038381576538086
1490,1744654999.8675945,1744654999.8757286,1744654999.876283,1744654999.8962424,1744654999.897731,1744654999.9009771,1744654999.904843,1744654999.9053676,0.026526689529418945,0.0004582405090332031,0.020461559295654297,0.047446489334106445,0.007112026214599609,0.0005245208740234375,-0.0043904781341552734,0.0032460689544677734,0.05303311347961426
1492,1744654999.931774,1744654999.9400167,1744654999.9404454,1744654999.9543664,1744654999.9557793,1744654999.9570394,1744654999.9603636,1744654999.9608767,0.008001089096069336,0.0005054473876953125,0.016123294830322266,0.024629831314086914,0.004584312438964844,0.0005130767822265625,-0.0038373470306396484,0.0012600421905517578,0.028811216354370117
1493,1744654999.9710116,1744654999.983445,1744654999.9838414,1744654999.993211,1744654999.993995,1744654999.999399,1744655000.0034008,1744655000.0038228,0.0047605037689208984,0.0007295608520507812,0.01208949089050293,0.01757955551147461,0.009405851364135742,0.0004220008850097656,-0.004423856735229492,0.005403995513916016,0.023578643798828125
1494,1744655000.0429683,1744655000.0464342,1744655000.04686,1744655000.0534868,1744655000.0548453,1744655000.0598614,1744655000.0624921,1744655000.0629354,0.005639076232910156,0.00039649009704589844,0.006453752517700195,0.01248931884765625,0.007646799087524414,0.0004432201385498047,-0.0030739307403564453,0.0050160884857177734,0.020462512969970703
1495,1744655000.0777068,1744655000.0849707,1744655000.0856204,1744655000.09966,1744655000.1019943,1744655000.1095257,1744655000.1181352,1744655000.118757,0.007483720779418945,0.0005116462707519531,0.008799552917480469,0.016794919967651367,0.01614093780517578,0.000621795654296875,-0.009231328964233398,0.007531404495239258,0.020770788192749023
1497,1744655000.1322873,1744655000.1393585,1744655000.1397767,1744655000.1516056,1744655000.1522415,1744655000.1540558,1744655000.1580176,1744655000.1584082,0.008575439453125,0.0005741119384765625,0.006634950637817383,0.015784502029418945,0.005776166915893555,0.0003905296325683594,-0.0043523311614990234,0.0018143653869628906,0.025803804397583008
1498,1744655000.1670961,1744655000.1762447,1744655000.176675,1744655000.1824656,1744655000.182794,1744655000.185263,1744655000.191557,1744655000.1920016,0.01233363151550293,0.0004794597625732422,0.007498979568481445,0.020312070846557617,0.008762836456298828,0.00044465065002441406,-0.0067386627197265625,0.0024688243865966797,0.03013134002685547
1499,1744655000.2444546,1744655000.2504487,1744655000.2510295,1744655000.2599506,1744655000.2613857,1744655000.2657847,1744655000.2779179,1744655000.2784302,0.012743711471557617,0.0005280971527099609,0.03598165512084961,0.04925346374511719,0.016532182693481445,0.0005123615264892578,-0.012645483016967773,0.00439906120300293,0.0569000244140625
1500,1744655000.2834678,1744655000.3006775,1744655000.3011153,1744655000.315424,1744655000.3158567,1744655000.3238516,1744655000.3369842,1744655000.3373852,0.01228642463684082,0.0004649162292480469,0.01212763786315918,0.024878978729248047,0.02112746238708496,0.0004010200500488281,-0.013533592224121094,0.007994890213012695,0.03625679016113281
1501,1744655000.3065383,1744655000.333065,1744655000.3335233,1744655000.3539848,1744655000.356398,1744655000.3595715,1744655000.363057,1744655000.3635151,0.008003950119018555,0.00046372413635253906,0.01878190040588379,0.027249574661254883,0.006658792495727539,0.0004582405090332031,-0.003943681716918945,0.003173351287841797,0.03582024574279785
1502,1744655000.338188,1744655000.346189,1744655000.3466945,1744655000.3628178,1744655000.3637571,1744655000.3669991,1744655000.3725486,1744655000.3729339,0.003651857376098633,0.00045013427734375,0.015396356582641602,0.019498348236083984,0.008791446685791016,0.000385284423828125,-0.005934715270996094,0.003242015838623047,0.027966737747192383
1504,1744655000.3998103,1744655000.4045708,1744655000.4053004,1744655000.4173899,1744655000.4180667,1744655000.423389,1744655000.4299753,1744655000.430531,0.013626813888549805,0.0004146099090576172,0.031708717346191406,0.04575014114379883,0.011908531188964844,0.0005557537078857422,-0.007142066955566406,0.00532221794128418,0.05359458923339844
1506,1744655000.4345152,1744655000.4401543,1744655000.4405508,1744655000.4470046,1744655000.4481807,1744655000.4549778,1744655000.4613078,1744655000.4617379,0.005776643753051758,0.0005595684051513672,0.0071163177490234375,0.013452529907226562,0.01312708854675293,0.00043010711669921875,-0.006760120391845703,0.006797075271606445,0.021405696868896484
1507,1744655000.466485,1744655000.4739687,1744655000.4744804,1744655000.48328,1744655000.48454,1744655000.4872558,1744655000.4932084,1744655000.4936702,0.004985809326171875,0.0004088878631591797,0.00836038589477539,0.013755083084106445,0.00866842269897461,0.00046181678771972656,-0.0064144134521484375,0.0027158260345458984,0.021511554718017578
1508,1744655000.533925,1744655000.5425005,1744655000.5430746,1744655000.5497096,1744655000.5516577,1744655000.5597289,1744655000.5667353,1744655000.5672312,0.010414600372314453,0.0006792545318603516,0.0026895999908447266,0.013783454895019531,0.015077590942382812,0.00049591064453125,-0.007502317428588867,0.008071184158325195,0.018785715103149414
1509,1744655000.5681188,1744655000.5804524,1744655000.580932,1744655000.588431,1744655000.5920036,1744655000.5982502,1744655000.6036317,1744655000.6041362,0.0057697296142578125,0.0006439685821533203,0.015394449234008789,0.021808147430419922,0.011628150939941406,0.0005044937133789062,-0.005886077880859375,0.0062465667724609375,0.030491113662719727
1510,1744655000.647151,1744655000.6598947,1744655000.6604228,1744655000.6964045,1744655000.6992946,1744655000.704051,1744655000.717056,1744655000.7175817,0.004892587661743164,0.00046443939208984375,0.010398387908935547,0.015755414962768555,0.0177614688873291,0.0005257129669189453,-0.013530731201171875,0.004756450653076172,0.020579814910888672
1513,1744655000.7090757,1744655000.721362,1744655000.721827,1744655000.7339547,1744655000.7372622,1744655000.7453325,1744655000.7548814,1744655000.7553375,0.013881444931030273,0.00040268898010253906,0.004660606384277344,0.018944740295410156,0.01761913299560547,0.00045609474182128906,-0.010004997253417969,0.008070230484008789,0.02584671974182129
1514,1744655000.747612,1744655000.755616,1744655000.7560797,1744655000.7748616,1744655000.776475,1744655000.7834322,1744655000.7920952,1744655000.7925382,0.006926298141479492,0.0005660057067871094,0.03975701332092285,0.04724931716918945,0.015620231628417969,0.0004429817199707031,-0.009105920791625977,0.006957292556762695,0.05507230758666992
1515,1744655000.9333465,1744655000.9369984,1744655000.9374485,1744655000.9528449,1744655000.953326,1744655000.9613132,1744655000.971553,1744655000.9720712,0.03034353256225586,0.0004143714904785156,0.021496057510375977,0.05225396156311035,0.018227100372314453,0.0005180835723876953,-0.010757923126220703,0.007987260818481445,0.05990743637084961
1516,1744655001.0398717,1744655001.0534985,1744655001.053913,1744655001.0856218,1744655001.0875819,1744655001.0934663,1744655001.102446,1744655001.1029725,0.0044209957122802734,0.0004665851593017578,0.010317564010620117,0.015205144882202148,0.014864206314086914,0.00052642822265625,-0.0095062255859375,0.005884408950805664,0.021120786666870117
1518,1744655001.1252892,1744655001.1310658,1744655001.1316254,1744655001.1387417,1744655001.1403098,1744655001.146695,1744655001.1554503,1744655001.1559591,0.006872415542602539,0.0004832744598388672,0.01728534698486328,0.024641036987304688,0.015140533447265625,0.0005087852478027344,-0.009264230728149414,0.006385087966918945,0.033959388732910156
1519,1744655001.170044,1744655001.1750298,1744655001.1754386,1744655001.183799,1744655001.1846657,1744655001.1915555,1744655001.1946642,1744655001.1950622,0.0038366317749023438,0.0004146099090576172,0.0055654048919677734,0.009816646575927734,0.009998559951782227,0.0003979206085205078,-0.0035066604614257812,0.006889820098876953,0.018900632858276367
1520,1744655001.196288,1744655001.2067027,1744655001.207382,1744655001.2100716,1744655001.2111058,1744655001.2150738,1744655001.2269409,1744655001.2277029,0.008879661560058594,0.0004658699035644531,0.01090693473815918,0.020252466201782227,0.015835046768188477,0.0007619857788085938,-0.012629032135009766,0.003968000411987305,0.028773784637451172
1521,1744655001.233009,1744655001.2387788,1744655001.2394228,1744655001.2548172,1744655001.256995,1744655001.2635002,1744655001.2693443,1744655001.2698388,0.0070874691009521484,0.0007290840148925781,0.004544973373413086,0.012361526489257812,0.012349367141723633,0.0004944801330566406,-0.006338596343994141,0.006505250930786133,0.015908002853393555
1523,1744655001.2864506,1744655001.2913432,1744655001.2918077,1744655001.302206,1744655001.304,1744655001.3070304,1744655001.3113348,1744655001.3118613,0.018384456634521484,0.000457763671875,0.009880304336547852,0.028722524642944336,0.00733494758605957,0.00052642822265625,-0.004830837249755859,0.003030538558959961,0.03584575653076172
1524,1744655001.3151274,1744655001.3290088,1744655001.3294115,1744655001.334072,1744655001.3348587,1744655001.340974,1744655001.3520048,1744655001.3524187,0.008349180221557617,0.0004210472106933594,0.009714365005493164,0.01848459243774414,0.01714611053466797,0.0004138946533203125,-0.011444568634033203,0.006115436553955078,0.0214993953704834
1525,1744655001.3485188,1744655001.3554451,1744655001.3560112,1744655001.3957682,1744655001.3992772,1744655001.4035912,1744655001.414873,1744655001.4154155,0.015018701553344727,0.0004754066467285156,0.011696577072143555,0.027190685272216797,0.015595674514770508,0.0005426406860351562,-0.011824369430541992,0.004313945770263672,0.03342723846435547
1526,1744655001.3838017,1744655001.4141452,1744655001.4145596,1744655001.4360557,1744655001.439434,1744655001.4437091,1744655001.4471893,1744655001.4476583,0.007458686828613281,0.0003292560577392578,0.007309913635253906,0.015097856521606445,0.007755279541015625,0.00046896934509277344,-0.003949165344238281,0.004275083541870117,0.020854711532592773
1528,1744655001.5301025,1744655001.5345235,1744655001.53499,1744655001.5453076,1744655001.547451,1744655001.5512233,1744655001.5559664,1744655001.5563624,0.009254932403564453,0.0006563663482666016,0.024161815643310547,0.0340731143951416,0.008515357971191406,0.0003960132598876953,-0.00513911247253418,0.003772258758544922,0.0382990837097168
1529,1744655001.601548,1744655001.6084204,1744655001.6089036,1744655001.626189,1744655001.628215,1744655001.6355073,1744655001.6405175,1744655001.6410294,0.007002830505371094,0.0004756450653076172,0.0065631866455078125,0.014041662216186523,0.012302398681640625,0.0005118846893310547,-0.005522012710571289,0.007292270660400391,0.01762247085571289
1530,1744655001.6662107,1744655001.6700473,1744655001.670462,1744655001.6760273,1744655001.6771083,1744655001.6851113,1744655001.6935465,1744655001.6939428,0.0030684471130371094,0.00047206878662109375,0.010036468505859375,0.013576984405517578,0.01643824577331543,0.0003962516784667969,-0.008831501007080078,0.008002996444702148,0.01915454864501953
1531,1744655001.7702174,1744655001.779097,1744655001.779563,1744655001.79047,1744655001.792109,1744655001.7989912,1744655001.802405,1744655001.8029768,0.010648012161254883,0.000362396240234375,0.008382797241210938,0.019393205642700195,0.010296106338500977,0.0005717277526855469,-0.00398564338684082,0.006882190704345703,0.022624969482421875
1532,1744655001.8248336,1744655001.831921,1744655001.8326502,1744655001.8371952,1744655001.838482,1744655001.8407416,1744655001.847564,1744655001.848087,0.004285335540771484,0.0005412101745605469,0.005394458770751953,0.010221004486083984,0.00908207893371582,0.0005230903625488281,-0.007345438003540039,0.0022597312927246094,0.017461538314819336
1533,1744655001.8837337,1744655001.9021182,1744655001.902576,1744655001.9124563,1744655001.914484,1744655001.9195795,1744655001.9250906,1744655001.9255512,0.014305353164672852,0.0004649162292480469,0.006254673004150391,0.02102494239807129,0.010606527328491211,0.00046062469482421875,-0.005971670150756836,0.005095481872558594,0.027077198028564453
1535,1744655002.064422,1744655002.072771,1744655002.0731921,1744655002.0829065,1744655002.0836837,1744655002.0859213,1744655002.0888104,1744655002.0893083,0.007892370223999023,0.0003859996795654297,0.020144939422607422,0.028423309326171875,0.0051267147064208984,0.0004978179931640625,-0.003386974334716797,0.002237558364868164,0.03355240821838379
1536,1744655002.1062691,1744655002.1212878,1744655002.1217632,1744655002.1334598,1744655002.1338866,1744655002.1396964,1744655002.1486154,1744655002.1490855,0.016107797622680664,0.0004134178161621094,0.005244016647338867,0.02176523208618164,0.014728784561157227,0.00047016143798828125,-0.009389162063598633,0.005809783935546875,0.030338048934936523
1537,1744655002.1418338,1744655002.1492925,1744655002.1496217,1744655002.1569316,1744655002.1587617,1744655002.1626885,1744655002.1657827,1744655002.1661515,0.005042076110839844,0.0004832744598388672,0.003901243209838867,0.009426593780517578,0.0070209503173828125,0.0003688335418701172,-0.0034630298614501953,0.003926753997802734,0.0122528076171875
1538,1744655002.2420673,1744655002.2513223,1744655002.2519786,1744655002.2761405,1744655002.2778466,1744655002.2803664,1744655002.2835062,1744655002.2839715,0.008906364440917969,0.000438690185546875,0.006900787353515625,0.01624584197998047,0.005659580230712891,0.00046539306640625,-0.0036051273345947266,0.002519845962524414,0.022503137588500977
1540,1744655002.3136642,1744655002.320667,1744655002.3211427,1744655002.3277059,1744655002.3291104,1744655002.3312867,1744655002.3351765,1744655002.3356469,0.012490272521972656,0.0004267692565917969,0.01942586898803711,0.03234291076660156,0.006066083908081055,0.0004703998565673828,-0.004360198974609375,0.0021762847900390625,0.04360699653625488
1541,1744655002.3781552,1744655002.3812237,1744655002.3816957,1744655002.3917322,1744655002.3929634,1744655002.3973098,1744655002.4074264,1744655002.407913,0.007791757583618164,0.00040030479431152344,0.004519224166870117,0.012711286544799805,0.014462947845458984,0.00048661231994628906,-0.010603189468383789,0.004346370697021484,0.017980575561523438
1542,1744655002.3997538,1744655002.4104018,1744655002.4107642,1744655002.419147,1744655002.4205205,1744655002.4223788,1744655002.4279063,1744655002.4282467,0.00992894172668457,0.0005640983581542969,0.010003805160522461,0.020496845245361328,0.007385730743408203,0.00034046173095703125,-0.005867958068847656,0.0018582344055175781,0.02748584747314453
1543,1744655002.457868,1744655002.4621534,1744655002.4626946,1744655002.468089,1744655002.4690616,1744655002.4753296,1744655002.4837327,1744655002.4842336,0.007993698120117188,0.00031566619873046875,0.004877328872680664,0.01318669319152832,0.014671087265014648,0.0005009174346923828,-0.008903980255126953,0.006268024444580078,0.020183086395263672
1544,1744655002.49555,1744655002.5098553,1744655002.5103202,1744655002.5165749,1744655002.519449,1744655002.522627,1744655002.5297265,1744655002.5302644,0.005616426467895508,0.0004763603210449219,0.00823974609375,0.01433253288269043,0.010277509689331055,0.000537872314453125,-0.0076372623443603516,0.003178119659423828,0.02413177490234375
1545,1744655002.644101,1744655002.6519933,1744655002.6523793,1744655002.6725242,1744655002.6741364,1744655002.6776533,1744655002.6934302,1744655002.6938524,0.011293172836303711,0.0003211498260498047,0.02442789077758789,0.036042213439941406,0.019293785095214844,0.0004222393035888672,-0.016199111938476562,0.0035169124603271484,0.04713129997253418
1547,1744655002.6817691,1744655002.697877,1744655002.6982903,1744655002.7035344,1744655002.7061696,1744655002.7121072,1744655002.7154844,1744655002.7158976,0.017749786376953125,0.00042057037353515625,0.04059863090515137,0.05876898765563965,0.009314775466918945,0.0004131793975830078,-0.0037903785705566406,0.0059375762939453125,0.06481623649597168
1548,1744655002.7371838,1744655002.742226,1744655002.7427092,1744655002.7466104,1744655002.7476048,1744655002.7494366,1744655002.7541819,1744655002.75471,0.03201556205749512,0.00039839744567871094,0.03661060333251953,0.06902456283569336,0.006577014923095703,0.0005280971527099609,-0.005273342132568359,0.0018317699432373047,0.07690167427062988
1549,1744655002.8560648,1744655002.8649712,1744655002.8654099,1744655002.8723106,1744655002.872888,1744655002.878568,1744655002.883494,1744655002.8839252,0.025206327438354492,0.0004258155822753906,0.037806034088134766,0.06343817710876465,0.010605812072753906,0.00043129920959472656,-0.005357265472412109,0.0056798458099365234,0.07375621795654297
1550,1744655002.8829105,1744655002.8954008,1744655002.8958275,1744655002.9152534,1744655002.916017,1744655002.9265175,1744655002.9328232,1744655002.9333444,0.017409801483154297,0.0005533695220947266,0.0126190185546875,0.030582189559936523,0.01680612564086914,0.0005211830139160156,-0.006826877593994141,0.010500431060791016,0.036054372787475586
1551,1744655002.958121,1744655002.9659128,1744655002.9663131,1744655002.9708323,1744655002.971357,1744655002.9761016,1744655002.9846466,1744655002.9850745,0.015499353408813477,0.00047016143798828125,0.010925769805908203,0.02689528465270996,0.013289451599121094,0.0004279613494873047,-0.008972883224487305,0.004744529724121094,0.03147578239440918
1552,1744655002.9785,1744655002.9884288,1744655002.988993,1744655002.9989967,1744655003.0000482,1744655003.0059857,1744655003.0124366,1744655003.012899,0.004099607467651367,0.00044655799865722656,0.009122848510742188,0.013669013977050781,0.012388467788696289,0.0004622936248779297,-0.006913185119628906,0.0059375762939453125,0.019702434539794922
1553,1744655003.0085478,1744655003.0165415,1744655003.0168571,1744655003.0217345,1744655003.0223916,1744655003.0287309,1744655003.0326116,1744655003.0329292,0.0054798126220703125,0.0004925727844238281,0.0076520442962646484,0.013624429702758789,0.010220050811767578,0.00031757354736328125,-0.004198312759399414,0.006339311599731445,0.019116640090942383
1554,1744655003.06803,1744655003.0736465,1744655003.074123,1744655003.0823627,1744655003.0842657,1744655003.092162,1744655003.098933,1744655003.0994346,0.008835554122924805,0.0003905296325683594,0.0074121952056884766,0.01663827896118164,0.014667272567749023,0.0005016326904296875,-0.0072727203369140625,0.007896184921264648,0.02160334587097168
1555,1744655003.1017125,1744655003.1130056,1744655003.1133268,1744655003.1377547,1744655003.1397715,1744655003.1488438,1744655003.1576064,1744655003.1579707,0.006765604019165039,0.0004520416259765625,0.00556492805480957,0.012782573699951172,0.017834901809692383,0.0003643035888671875,-0.009126901626586914,0.009072303771972656,0.01918768882751465
1556,1744655003.211753,1744655003.2295027,1744655003.2299232,1744655003.2705219,1744655003.2713091,1744655003.2765691,1744655003.2917285,1744655003.2922127,0.009432077407836914,0.0004642009735107422,0.0034723281860351562,0.013368606567382812,0.02041935920715332,0.00048422813415527344,-0.015643596649169922,0.005259990692138672,0.01721954345703125
1559,1744655003.2571847,1744655003.2892003,1744655003.2895987,1744655003.3262093,1744655003.326572,1744655003.3340864,1744655003.3508887,1744655003.3514547,0.00740814208984375,0.0005505084991455078,0.003864765167236328,0.011823415756225586,0.024316787719726562,0.0005660057067871094,-0.017368316650390625,0.007514476776123047,0.021361589431762695
1560,1744655003.3006234,1744655003.3258297,1744655003.3262556,1744655003.3640616,1744655003.3645694,1744655003.3743796,1744655003.3823972,1744655003.3827891,0.006136655807495117,0.0005300045013427734,0.008246183395385742,0.014912843704223633,0.017827749252319336,0.00039196014404296875,-0.008409500122070312,0.009810209274291992,0.021006107330322266
1564,1744655003.404107,1744655003.421517,1744655003.4220703,1744655003.4346893,1744655003.435697,1744655003.4401615,1744655003.457134,1744655003.457744,0.008890867233276367,0.0007147789001464844,0.003700733184814453,0.013306379318237305,0.02143692970275879,0.0006098747253417969,-0.017582416534423828,0.004464387893676758,0.019237279891967773
1566,1744655003.4463668,1744655003.4618661,1744655003.4623363,1744655003.473262,1744655003.4736116,1744655003.4778426,1744655003.4905295,1744655003.4910233,0.004464149475097656,0.0005352497100830078,0.005965232849121094,0.010964632034301758,0.016917943954467773,0.0004937648773193359,-0.013180732727050781,0.004230976104736328,0.01708388328552246
1567,1744655003.4964564,1744655003.500556,1744655003.5010026,1744655003.5101254,1744655003.5113692,1744655003.5161588,1744655003.5196853,1744655003.520186,0.007436275482177734,0.0004684925079345703,0.009458541870117188,0.017363309860229492,0.0083160400390625,0.0005006790161132812,-0.004027128219604492,0.004789590835571289,0.021425724029541016
1568,1744655003.5395699,1744655003.5450497,1744655003.5455422,1744655003.5531943,1744655003.55389,1744655003.5586865,1744655003.5625098,1744655003.5631933,0.009608745574951172,0.0004944801330566406,0.024965763092041016,0.03506898880004883,0.00861978530883789,0.0006835460662841797,-0.004506826400756836,0.004796504974365234,0.04332685470581055
1569,1744655003.5642729,1744655003.5731084,1744655003.573499,1744655003.5809112,1744655003.5819266,1744655003.5858762,1744655003.5908942,1744655003.5913577,0.008585929870605469,0.0004017353057861328,0.023534774780273438,0.03252243995666504,0.00896763801574707,0.0004634857177734375,-0.0054814815521240234,0.003949642181396484,0.037335872650146484
1570,1744655003.7337475,1744655003.740513,1744655003.7409651,1744655003.74653,1744655003.7486932,1744655003.7529352,1744655003.7584703,1744655003.7589056,0.004350185394287109,0.0006096363067626953,0.010186910629272461,0.015146732330322266,0.009777069091796875,0.0004353523254394531,-0.005970478057861328,0.004241943359375,0.020253896713256836
1571,1744655003.791773,1744655003.8012052,1744655003.8016694,1744655003.8051417,1744655003.8055775,1744655003.8089926,1744655003.8144686,1744655003.81494,0.010332822799682617,0.0004591941833496094,0.004408359527587891,0.015200376510620117,0.008891105651855469,0.00047135353088378906,-0.0059473514556884766,0.0034151077270507812,0.025791645050048828
1572,1744655003.8411562,1744655003.8485644,1744655003.849115,1744655003.8529797,1744655003.8556774,1744655003.8625178,1744655003.8681633,1744655003.868689,0.00912022590637207,0.00047278404235839844,0.024552106857299805,0.03414511680603027,0.012485980987548828,0.0005257129669189453,-0.006171226501464844,0.00684046745300293,0.03660082817077637
1573,1744655003.940174,1744655003.9463108,1744655003.9468408,1744655003.955087,1744655003.9565215,1744655003.9611802,1744655003.9654777,1744655003.9659727,0.0059969425201416016,0.0005211830139160156,0.010500431060791016,0.017018556594848633,0.008956193923950195,0.0004949569702148438,-0.004792451858520508,0.004658699035644531,0.022664308547973633
1574,1744655004.004261,1744655004.013152,1744655004.0138667,1744655004.0175674,1744655004.0193398,1744655004.0234983,1744655004.0265706,1744655004.0271823,0.006287336349487305,0.0005214214324951172,0.012058019638061523,0.018866777420043945,0.0072307586669921875,0.0006117820739746094,-0.0036840438842773438,0.004158496856689453,0.025161266326904297
1575,1744655004.0470805,1744655004.0515447,1744655004.05208,1744655004.0580451,1744655004.0591447,1744655004.0641644,1744655004.0709217,1744655004.071414,0.007807254791259766,0.0004830360412597656,0.025206565856933594,0.033496856689453125,0.011776924133300781,0.0004923343658447266,-0.007249593734741211,0.005019664764404297,0.04228544235229492
1576,1744655004.1021936,1744655004.1096299,1744655004.1100984,1744655004.119557,1744655004.1205559,1744655004.1236193,1744655004.1282926,1744655004.128698,0.008582353591918945,0.0004968643188476562,0.017302989959716797,0.0263822078704834,0.007736682891845703,0.0004055500030517578,-0.005078792572021484,0.0030634403228759766,0.03149533271789551
1577,1744655004.1642156,1744655004.1738243,1744655004.1743188,1744655004.1992846,1744655004.2013297,1744655004.2075424,1744655004.2136328,1744655004.214118,0.007792949676513672,0.0005815029144287109,0.013134002685546875,0.021508455276489258,0.01230311393737793,0.0004851818084716797,-0.006575584411621094,0.006212711334228516,0.028551101684570312
1579,1744655004.2888064,1744655004.2973924,1744655004.297794,1744655004.3213289,1744655004.322741,1744655004.3261423,1744655004.330599,1744655004.3310392,0.007380485534667969,0.0003731250762939453,0.004845142364501953,0.012598752975463867,0.007858037948608398,0.0004401206970214844,-0.004896879196166992,0.0034012794494628906,0.01818990707397461
1581,1744655004.3410182,1744655004.3453684,1744655004.345978,1744655004.356165,1744655004.3586051,1744655004.361272,1744655004.3675516,1744655004.3680863,0.002899646759033203,0.00044274330139160156,0.004806041717529297,0.008148431777954102,0.008946418762207031,0.0005347728729248047,-0.006814241409301758,0.002666950225830078,0.020810842514038086
1582,1744655004.389741,1744655004.4000738,1744655004.400533,1744655004.4049413,1744655004.4082186,1744655004.4155326,1744655004.4197865,1744655004.4202409,0.008795022964477539,0.00041556358337402344,0.005850791931152344,0.015061378479003906,0.011567831039428711,0.0004544258117675781,-0.004708290100097656,0.007313966751098633,0.020373106002807617
1583,1744655004.4235713,1744655004.4326916,1744655004.4331644,1744655004.4577165,1744655004.4580863,1744655004.4601722,1744655004.4636328,1744655004.4641087,0.005528926849365234,0.0004935264587402344,0.008091926574707031,0.0141143798828125,0.00554656982421875,0.00047588348388671875,-0.0039365291595458984,0.0020859241485595703,0.01845693588256836
1585,1744655004.5079584,1744655004.5139554,1744655004.5144765,1744655004.524977,1744655004.526139,1744655004.5306227,1744655004.5352297,1744655004.5358117,0.006831169128417969,0.00048160552978515625,0.016105175018310547,0.023417949676513672,0.009090662002563477,0.0005819797515869141,-0.005188941955566406,0.004483699798583984,0.030837535858154297
1586,1744655004.608224,1744655004.6145113,1744655004.6150327,1744655004.6270907,1744655004.6285584,1744655004.6333852,1744655004.648827,1744655004.6493092,0.004753589630126953,0.0003457069396972656,0.01823711395263672,0.023336410522460938,0.020268678665161133,0.0004820823669433594,-0.01592397689819336,0.004826784133911133,0.029661893844604492
1587,1744655004.6545835,1744655004.6623907,1744655004.6628737,1744655004.6880803,1744655004.689742,1744655004.696869,1744655004.7035701,1744655004.7040322,0.007515668869018555,0.000492095947265625,0.0037076473236083984,0.011715412139892578,0.013828039169311523,0.0004620552062988281,-0.007163286209106445,0.007126808166503906,0.0199892520904541
1589,1744655004.7787316,1744655004.787314,1744655004.7878108,1744655004.8051138,1744655004.8063731,1744655004.810227,1744655004.8159935,1744655004.8164744,0.005550384521484375,0.00048351287841796875,0.023816823959350586,0.02985072135925293,0.009620428085327148,0.00048089027404785156,-0.006247520446777344,0.0038537979125976562,0.03449702262878418
1590,1744655004.7955606,1744655004.8033535,1744655004.803935,1744655004.817069,1744655004.818189,1744655004.8241117,1744655004.8326612,1744655004.8329968,0.007167816162109375,0.000507354736328125,0.0063283443450927734,0.014003515243530273,0.014472246170043945,0.000335693359375,-0.00888514518737793,0.005922794342041016,0.028002500534057617
1592,1744655004.826915,1744655004.8342955,1744655004.8346686,1744655004.8395138,1744655004.8414214,1744655004.845105,1744655004.8478153,1744655004.8482227,0.0033576488494873047,0.0006580352783203125,0.007127046585083008,0.011142730712890625,0.006393909454345703,0.0004074573516845703,-0.003117799758911133,0.0036835670471191406,0.014442920684814453
1593,1744655004.8655417,1744655004.8684413,1744655004.868884,1744655004.8736901,1744655004.8779893,1744655004.8863525,1744655004.8894281,1744655004.8899548,0.005892753601074219,0.0004990100860595703,0.0037767887115478516,0.01016855239868164,0.011438846588134766,0.0005266666412353516,-0.003602266311645508,0.00836324691772461,0.013868331909179688
1594,1744655005.0281708,1744655005.0369658,1744655005.0373814,1744655005.0432322,1744655005.0443075,1744655005.048544,1744655005.0517719,1744655005.0522084,0.006199836730957031,0.00040459632873535156,0.03470158576965332,0.0413060188293457,0.007464408874511719,0.00043654441833496094,-0.0036644935607910156,0.004236459732055664,0.04525899887084961
1595,1744655005.0732298,1744655005.0787587,1744655005.0792522,1744655005.0873442,1744655005.087823,1744655005.0916867,1744655005.1018512,1744655005.1023617,0.01698756217956543,0.0004169940948486328,0.010191202163696289,0.02759575843811035,0.014028310775756836,0.0005104541778564453,-0.01067495346069336,0.003863811492919922,0.03400897979736328
1596,1744655005.107891,1744655005.1147223,1744655005.1152039,1744655005.131309,1744655005.1340196,1744655005.1387286,1744655005.1423554,1744655005.1429405,0.007744312286376953,0.00041604042053222656,0.004862785339355469,0.013023138046264648,0.00833582878112793,0.0005850791931152344,-0.004211902618408203,0.004709005355834961,0.020473957061767578
1598,1744655005.2283342,1744655005.2330878,1744655005.2334335,1744655005.2516706,1744655005.2531552,1744655005.257996,1744655005.2612164,1744655005.2615867,0.00613856315612793,0.0005757808685302734,0.0032927989959716797,0.010007143020629883,0.00806117057800293,0.00037026405334472656,-0.0035905838012695312,0.004840850830078125,0.015083789825439453
1600,1744655005.3783631,1744655005.3858788,1744655005.386371,1744655005.3900785,1744655005.3905334,1744655005.3983524,1744655005.405928,1744655005.4064336,0.007454872131347656,0.0005185604095458984,0.0055773258209228516,0.013550758361816406,0.015394449234008789,0.0005056858062744141,-0.008081197738647461,0.007818937301635742,0.02160811424255371
1601,1744655005.5559103,1744655005.5614607,1744655005.5619442,1744655005.585761,1744655005.5864232,1744655005.5904074,1744655005.5987756,1744655005.5992615,0.005365610122680664,0.0004999637603759766,0.028659820556640625,0.034525394439697266,0.012352466583251953,0.0004858970642089844,-0.008854150772094727,0.003984212875366211,0.03832054138183594
1603,1744655005.7159534,1744655005.7231212,1744655005.7236285,1744655005.7299569,1744655005.732681,1744655005.7439559,1744655005.7514343,1744655005.7519088,0.03401494026184082,0.0004951953887939453,0.011355400085449219,0.045865535736083984,0.0187532901763916,0.0004744529724121094,-0.00795292854309082,0.01127481460571289,0.05344104766845703
1604,1744655005.758403,1744655005.7617607,1744655005.7624187,1744655005.7695458,1744655005.7708325,1744655005.772846,1744655005.7769208,1744655005.7774494,0.015347957611083984,0.0005750656127929688,0.019278764724731445,0.0352017879486084,0.0060882568359375,0.0005285739898681641,-0.004603385925292969,0.0020134449005126953,0.0386509895324707
1605,1744655005.8029544,1744655005.8088472,1744655005.8093462,1744655005.813123,1744655005.8140583,1744655005.8168228,1744655005.8218791,1744655005.8223543,0.005035400390625,0.0005488395690917969,0.008292913436889648,0.013877153396606445,0.007820844650268555,0.00047516822814941406,-0.0055315494537353516,0.002764463424682617,0.021345138549804688
1606,1744655005.8778803,1744655005.8840802,1744655005.8844848,1744655005.9191864,1744655005.9195254,1744655005.9231393,1744655005.9271145,1744655005.9274938,0.005925893783569336,0.0004940032958984375,0.007102489471435547,0.01352238655090332,0.007589101791381836,0.00037932395935058594,-0.0043544769287109375,0.0036139488220214844,0.02027130126953125
1608,1744655005.9015703,1744655005.918558,1744655005.9189749,1744655005.929166,1744655005.9302208,1744655005.9355793,1744655005.9439409,1744655005.9443343,0.008966684341430664,0.00043702125549316406,0.0047969818115234375,0.014200687408447266,0.013720035552978516,0.0003933906555175781,-0.008754968643188477,0.005358457565307617,0.01825571060180664
1610,1744655005.966951,1744655005.9746952,1744655005.9751112,1744655005.979974,1744655005.9808912,1744655005.9874249,1744655005.9926841,1744655005.9932375,0.0062716007232666016,0.0005588531494140625,0.017035245895385742,0.023865699768066406,0.011792898178100586,0.0005533695220947266,-0.005812644958496094,0.006533622741699219,0.031194210052490234
1611,1744655006.0240407,1744655006.0301793,1744655006.030755,1744655006.0340478,1744655006.03456,1744655006.0391245,1744655006.0442061,1744655006.044713,0.016623735427856445,0.00046062469482421875,0.028382062911987305,0.04546642303466797,0.009646177291870117,0.0005068778991699219,-0.005588531494140625,0.004564523696899414,0.05407428741455078
1612,1744655006.0732522,1744655006.080707,1744655006.0812256,1744655006.086803,1744655006.0879657,1744655006.0948603,1744655006.0982077,1744655006.0988925,0.009765625,0.00033402442932128906,0.01795816421508789,0.02805781364440918,0.010241985321044922,0.0006847381591796875,-0.004032135009765625,0.006894588470458984,0.03221487998962402
1613,1744655006.1294677,1744655006.1348333,1744655006.1353333,1744655006.1639931,1744655006.1645603,1744655006.1677883,1744655006.1770048,1744655006.1776855,0.01887369155883789,0.000438690185546875,0.011761903762817383,0.03107428550720215,0.012444496154785156,0.0006806850433349609,-0.009897232055664062,0.0032279491424560547,0.03987264633178711
1615,1744655006.1857748,1744655006.2197897,1744655006.220285,1744655006.2316403,1744655006.2334285,1744655006.2392159,1744655006.2523584,1744655006.2528648,0.0071871280670166016,0.00045752525329589844,0.005285501480102539,0.012930154800415039,0.01892995834350586,0.0005064010620117188,-0.01364898681640625,0.005787372589111328,0.018612384796142578
1616,1744655006.2064056,1744655006.2217536,1744655006.2223287,1744655006.2416074,1744655006.2427807,1744655006.2450566,1744655006.2531495,1744655006.2536392,0.007856607437133789,0.0005314350128173828,0.022459745407104492,0.030847787857055664,0.010368824005126953,0.0004897117614746094,-0.008582592010498047,0.0022759437561035156,0.03595399856567383
1618,1744655006.2843127,1744655006.2893481,1744655006.289897,1744655006.2981899,1744655006.2994933,1744655006.3056579,1744655006.3097923,1744655006.3102376,0.010023832321166992,0.0005624294281005859,0.028879404067993164,0.03946566581726074,0.010298967361450195,0.00044536590576171875,-0.004579782485961914,0.00616455078125,0.04714202880859375
1619,1744655006.3236012,1744655006.3295271,1744655006.3300211,1744655006.3371236,1744655006.3376477,1744655006.3438725,1744655006.3499956,1744655006.3503847,0.016236543655395508,0.0005476474761962891,0.2183387279510498,0.2351229190826416,0.012347936630249023,0.00038909912109375,-0.006512165069580078,0.006224870681762695,0.24926400184631348
1620,1744655006.4008765,1744655006.4098432,1744655006.4102802,1744655006.4150772,1744655006.415686,1744655006.4191322,1744655006.4251142,1744655006.425491,0.007055044174194336,0.0004315376281738281,0.007393598556518555,0.014880180358886719,0.009428262710571289,0.0003769397735595703,-0.0063588619232177734,0.003446340560913086,0.020720720291137695
1621,1744655006.5195591,1744655006.5258307,1744655006.5263896,1744655006.5434248,1744655006.54425,1744655006.5507534,1744655006.5557153,1744655006.5563045,0.0035746097564697266,0.0004680156707763672,0.007788181304931641,0.011830806732177734,0.011465311050415039,0.0005891323089599609,-0.00555109977722168,0.00650334358215332,0.017559289932250977
1622,1744655006.5851145,1744655006.6017382,1744655006.6021988,1744655006.630581,1744655006.6312892,1744655006.6391888,1744655006.6518314,1744655006.6522985,0.008884668350219727,0.00042939186096191406,0.012473821640014648,0.02178788185119629,0.020542144775390625,0.00046706199645996094,-0.013109683990478516,0.00789952278137207,0.02692127227783203
1624,1744655006.6427128,1744655006.6524785,1744655006.6528125,1744655006.6707706,1744655006.6714733,1744655006.6749277,1744655006.679181,1744655006.6795828,0.0042912960052490234,0.0006005764007568359,0.003292083740234375,0.008183956146240234,0.007707834243774414,0.0004017353057861328,-0.004655122756958008,0.003454446792602539,0.014266014099121094
1625,1744655006.7329645,1744655006.7518382,1744655006.752277,1744655006.7640388,1744655006.7656941,1744655006.7728372,1744655006.782381,1744655006.782838,0.020610809326171875,0.0005297660827636719,0.01247096061706543,0.03361153602600098,0.01668691635131836,0.0004570484161376953,-0.010000944137573242,0.0071430206298828125,0.045082807540893555
1627,1744655006.8156066,1744655006.8227937,1744655006.8232512,1744655006.8285367,1744655006.8302538,1744655006.834219,1744655006.8417215,1744655006.842136,0.012016057968139648,0.0006043910980224609,0.024504423141479492,0.0371248722076416,0.011467695236206055,0.0004143714904785156,-0.007916927337646484,0.003965139389038086,0.04042220115661621
1628,1744655006.8931491,1744655006.9010057,1744655006.9015372,1744655006.923997,1744655006.924586,1744655006.9291031,1744655006.9403467,1744655006.9409604,0.013071060180664062,0.00048804283142089844,0.005864620208740234,0.019423723220825195,0.01576066017150879,0.0006136894226074219,-0.011857271194458008,0.004517078399658203,0.031861305236816406
1630,1744655006.9551365,1744655006.9651604,1744655006.9657228,1744655006.9946022,1744655006.99772,1744655007.0022786,1744655007.007089,1744655007.0077078,0.0046732425689697266,0.0005502700805664062,0.007826089859008789,0.013049602508544922,0.009368896484375,0.0006189346313476562,-0.005429267883300781,0.004558563232421875,0.020004987716674805
1631,1744655006.989191,1744655007.0054276,1744655007.0059752,1744655007.224314,1744655007.2352414,1744655007.238455,1744655007.247274,1744655007.2477028,0.0055730342864990234,0.0004315376281738281,0.006869077682495117,0.012873649597167969,0.012032508850097656,0.00042891502380371094,-0.009247779846191406,0.003213644027709961,0.019928455352783203
1633,1744655007.2836366,1744655007.2906916,1744655007.2911232,1744655007.2985168,1744655007.2995121,1744655007.3043573,1744655007.3083096,1744655007.3087034,0.0050868988037109375,0.0004875659942626953,0.01306772232055664,0.018642187118530273,0.008797407150268555,0.00039386749267578125,-0.004346132278442383,0.004845142364501953,0.026654481887817383
1634,1744655007.437546,1744655007.4411206,1744655007.4415886,1744655007.4493768,1744655007.4509993,1744655007.4551053,1744655007.4645388,1744655007.465061,0.005287885665893555,0.0004940032958984375,0.004918813705444336,0.010700702667236328,0.013539552688598633,0.0005221366882324219,-0.009955644607543945,0.004106044769287109,0.017354965209960938
1635,1744655007.5128672,1744655007.5217519,1744655007.5221813,1744655007.534655,1744655007.5363777,1744655007.5397885,1744655007.5424337,1744655007.5428772,0.03170466423034668,0.0004718303680419922,0.02384352684020996,0.05602002143859863,0.006056070327758789,0.00044345855712890625,-0.003088712692260742,0.003410816192626953,0.06885504722595215
1636,1744655007.6281676,1744655007.632459,1744655007.6330595,1744655007.6363516,1744655007.636738,1744655007.6424336,1744655007.6464176,1744655007.6470509,0.0046689510345458984,0.0004696846008300781,0.01153421401977539,0.016672849655151367,0.009679555892944336,0.00063323974609375,-0.004617214202880859,0.0056955814361572266,0.02061319351196289
1637,1744655007.6850688,1744655007.7056797,1744655007.7062094,1744655007.7186804,1744655007.720411,1744655007.7301517,1744655007.7378163,1744655007.7383783,0.01008749008178711,0.0004475116729736328,0.006582498550415039,0.01711750030517578,0.017405271530151367,0.0005619525909423828,-0.008226633071899414,0.009740591049194336,0.026343584060668945
1638,1744655007.7037194,1744655007.7157354,1744655007.7163398,1744655007.7408442,1744655007.74151,1744655007.7441416,1744655007.7478526,1744655007.7484932,0.003821134567260742,0.0004439353942871094,0.008710384368896484,0.012975454330444336,0.006342649459838867,0.0006406307220458984,-0.004351615905761719,0.002631664276123047,0.017622947692871094
1640,1744655007.7491758,1744655007.7622468,1744655007.762735,1744655007.7685995,1744655007.7715406,1744655007.781037,1744655007.7871022,1744655007.7875497,0.00734400749206543,0.0004935264587402344,0.006803989410400391,0.014641523361206055,0.015561580657958984,0.0004475116729736328,-0.006512641906738281,0.009496450424194336,0.017180442810058594
1641,1744655007.7993567,1744655007.80403,1744655007.8045802,1744655007.8124063,1744655007.8141918,1744655007.8193617,1744655007.8358502,1744655007.8363972,0.004758358001708984,0.0005617141723632812,0.012285947799682617,0.017606019973754883,0.02165842056274414,0.0005469322204589844,-0.017035484313964844,0.005169868469238281,0.023988723754882812
1642,1744655007.8788238,1744655007.8843968,1744655007.8848283,1744655007.8916974,1744655007.892657,1744655007.8987522,1744655007.9034314,1744655007.9038408,0.0036749839782714844,0.0003790855407714844,0.009862422943115234,0.013916492462158203,0.010774374008178711,0.0004093647003173828,-0.0050885677337646484,0.006095170974731445,0.020889759063720703
1643,1744655007.9473827,1744655007.9524696,1744655007.9529572,1744655007.9660249,1744655007.9673645,1744655007.9740372,1744655007.980069,1744655007.980618,0.004433393478393555,0.0005228519439697266,0.01699972152709961,0.02195596694946289,0.01270437240600586,0.0005490779876708984,-0.006580829620361328,0.00667262077331543,0.028799057006835938
1644,1744655008.0147822,1744655008.02007,1744655008.020564,1744655008.025483,1744655008.02947,1744655008.0321372,1744655008.0374842,1744655008.0379872,0.008844375610351562,0.0004925727844238281,0.019981861114501953,0.029318809509277344,0.008014202117919922,0.0005030632019042969,-0.005850076675415039,0.0026671886444091797,0.03469061851501465
1645,1744655008.1392632,1744655008.1709678,1744655008.1714396,1744655008.1952832,1744655008.1996417,1744655008.2081182,1744655008.2145112,1744655008.2151735,0.00713038444519043,0.0004329681396484375,0.016772747039794922,0.02433609962463379,0.014869451522827148,0.0006623268127441406,-0.0070552825927734375,0.008476495742797852,0.030866384506225586
1648,1744655008.2121167,1744655008.2167857,1744655008.2172554,1744655008.2287896,1744655008.229832,1744655008.23273,1744655008.2401452,1744655008.2405183,0.006711483001708984,0.00032520294189453125,0.005328178405761719,0.012364864349365234,0.010313272476196289,0.0003731250762939453,-0.007788419723510742,0.002897977828979492,0.020061254501342773
1649,1744655008.303736,1744655008.3138235,1744655008.314271,1744655008.3208535,1744655008.3230808,1744655008.3300796,1744655008.3350878,1744655008.3355408,0.005793571472167969,0.00044226646423339844,0.008101940155029297,0.014337778091430664,0.012006998062133789,0.00045299530029296875,-0.005461215972900391,0.006998777389526367,0.020810604095458984
1650,1744655008.3684988,1744655008.37232,1744655008.3727639,1744655008.3814743,1744655008.3828087,1744655008.3861217,1744655008.3911018,1744655008.3915362,0.008072137832641602,0.0005249977111816406,0.00831913948059082,0.016916275024414062,0.00829315185546875,0.0004343986511230469,-0.005414485931396484,0.0033130645751953125,0.02646493911743164
1651,1744655008.413288,1744655008.4206321,1744655008.4211257,1744655008.4279296,1744655008.4293802,1744655008.4304686,1744655008.434117,1744655008.4344318,0.007541179656982422,0.00045871734619140625,0.016295909881591797,0.024295806884765625,0.004736900329589844,0.0003147125244140625,-0.0039632320404052734,0.0010883808135986328,0.036327362060546875
1652,1744655008.589619,1744655008.5943773,1744655008.594939,1744655008.607225,1744655008.6083784,1744655008.6136076,1744655008.618493,1744655008.618993,0.016393661499023438,0.00048804283142089844,0.03145933151245117,0.04834103584289551,0.010114669799804688,0.0004999637603759766,-0.005385398864746094,0.00522923469543457,0.05176210403442383
1653,1744655008.6245494,1744655008.6282244,1744655008.6286035,1744655008.638466,1744655008.6398785,1744655008.6454391,1744655008.6508474,1744655008.6512167,0.015772342681884766,0.0006153583526611328,0.010828018188476562,0.02721571922302246,0.010968923568725586,0.0003693103790283203,-0.005777597427368164,0.005560636520385742,0.03857851028442383
1654,1744655008.6506126,1744655008.655046,1744655008.6555688,1744655008.6725686,1744655008.6755996,1744655008.6794116,1744655008.687365,1744655008.6878378,0.00691986083984375,0.0004978179931640625,0.00350189208984375,0.010919570922851562,0.011765480041503906,0.00047278404235839844,-0.008426189422607422,0.003812074661254883,0.0202333927154541
1655,1744655008.6864324,1744655008.6952767,1744655008.6957693,1744655008.7157512,1744655008.7169878,1744655008.721123,1744655008.7266173,1744655008.727159,0.004657745361328125,0.00040721893310546875,0.00554656982421875,0.010611534118652344,0.009629487991333008,0.00054168701171875,-0.006036043167114258,0.0041351318359375,0.020193815231323242
1657,1744655008.7913017,1744655008.798432,1744655008.798865,1744655008.8156378,1744655008.8172624,1744655008.822168,1744655008.8302097,1744655008.8306813,0.004803180694580078,0.0004031658172607422,0.00640559196472168,0.0116119384765625,0.012947320938110352,0.0004715919494628906,-0.008513212203979492,0.00490570068359375,0.0236051082611084
1658,1744655008.8673742,1744655008.8740857,1744655008.8744109,1744655008.879739,1744655008.881234,1744655008.8874354,1744655008.8931425,1744655008.8934526,0.015367984771728516,0.0006015300750732422,0.023199081420898438,0.039168596267700195,0.011908531188964844,0.0003101825714111328,-0.006017208099365234,0.006201505661010742,0.05169796943664551
1659,1744655008.9116826,1744655008.9174762,1744655008.9179184,1744655008.9260204,1744655008.9281867,1744655008.9324932,1744655008.9382992,1744655008.9387672,0.012186765670776367,0.0007798671722412109,0.024831295013427734,0.03779792785644531,0.010112524032592773,0.0004680156707763672,-0.006273984909057617,0.0043065547943115234,0.044802188873291016
1660,1744655009.0064957,1744655009.0145679,1744655009.0150928,1744655009.023412,1744655009.0248466,1744655009.0329607,1744655009.0380104,1744655009.0384815,0.006279468536376953,0.0004971027374267578,0.010076045989990234,0.016852617263793945,0.01316380500793457,0.0004711151123046875,-0.005520820617675781,0.008114099502563477,0.024616479873657227
1661,1744655009.06625,1744655009.0737913,1744655009.07425,1744655009.090546,1744655009.0925944,1744655009.1025774,1744655009.112792,1744655009.113216,0.007294893264770508,0.0003724098205566406,0.005172252655029297,0.012839555740356445,0.020197629928588867,0.0004239082336425781,-0.01063847541809082,0.009983062744140625,0.016189098358154297
1662,1744655009.12871,1744655009.1451037,1744655009.1455917,1744655009.177051,1744655009.1774495,1744655009.1804721,1744655009.1980834,1744655009.198565,0.004430532455444336,0.0005435943603515625,0.0036344528198242188,0.008608579635620117,0.020633935928344727,0.00048160552978515625,-0.018092870712280273,0.0030226707458496094,0.015494108200073242
1663,1744655009.1831968,1744655009.1989691,1744655009.1995845,1744655009.2104125,1744655009.2111826,1744655009.2217753,1744655009.2271254,1744655009.2275963,0.007329463958740234,0.0003578662872314453,0.01755666732788086,0.02524399757385254,0.015942811965942383,0.00047087669372558594,-0.0058209896087646484,0.01059269905090332,0.026988744735717773
1664,1744655009.232367,1744655009.239287,1744655009.2397847,1744655009.2432866,1744655009.2441804,1744655009.2526004,1744655009.2563784,1744655009.2568552,0.0206756591796875,0.0003256797790527344,0.03687548637390137,0.0578768253326416,0.01219797134399414,0.000476837158203125,-0.004254817962646484,0.008419990539550781,0.06435251235961914
1665,1744655009.2752686,1744655009.2799263,1744655009.2803335,1744655009.28588,1744655009.2884047,1744655009.2954624,1744655009.2996001,1744655009.3000066,0.011057376861572266,0.0005581378936767578,0.006625175476074219,0.018240690231323242,0.01119542121887207,0.00040650367736816406,-0.004544258117675781,0.007057666778564453,0.025078535079956055
1666,1744655009.3044193,1744655009.3092225,1744655009.3096256,1744655009.3160312,1744655009.3175101,1744655009.3280244,1744655009.3458767,1744655009.3462305,0.007851362228393555,0.0004711151123046875,0.010553359985351562,0.018875837326049805,0.028366565704345703,0.00035381317138671875,-0.018206119537353516,0.010514259338378906,0.02573704719543457
1667,1744655009.3311956,1744655009.3465636,1744655009.347165,1744655009.3703642,1744655009.3713322,1744655009.3828936,1744655009.3900633,1744655009.390553,0.007905244827270508,0.0005621910095214844,0.003238677978515625,0.011706113815307617,0.018731117248535156,0.0004897117614746094,-0.007659435272216797,0.011561393737792969,0.018033742904663086
1668,1744655009.4539146,1744655009.4661014,1744655009.4668813,1744655009.4917126,1744655009.4947128,1744655009.4987168,1744655009.504925,1744655009.5054388,0.006988048553466797,0.0004734992980957031,0.01288747787475586,0.02034902572631836,0.010212182998657227,0.0005137920379638672,-0.006721973419189453,0.004004001617431641,0.025741100311279297
1670,1744655009.549872,1744655009.5561514,1744655009.5566485,1744655009.5667245,1744655009.568545,1744655009.5744884,1744655009.577926,1744655009.578344,0.0060083866119384766,0.0005390644073486328,0.015355110168457031,0.02190256118774414,0.009380817413330078,0.0004181861877441406,-0.0038557052612304688,0.00594329833984375,0.03577685356140137
1671,1744655009.6014683,1744655009.6087632,1744655009.6091356,1744655009.6143079,1744655009.6147623,1744655009.6176574,1744655009.6201463,1744655009.6205225,0.011290311813354492,0.0006666183471679688,0.007986307144165039,0.0199432373046875,0.005383968353271484,0.0003762245178222656,-0.0028650760650634766,0.0028951168060302734,0.026552677154541016
1672,1744655009.6447086,1744655009.6491392,1744655009.6496828,1744655009.6533172,1744655009.6541421,1744655009.6602027,1744655009.6690295,1744655009.6695597,0.005063295364379883,0.00046563148498535156,0.009224891662597656,0.01475381851196289,0.014887332916259766,0.000530242919921875,-0.009356975555419922,0.006060600280761719,0.018766164779663086
1673,1744655009.6729677,1744655009.6802971,1744655009.680655,1744655009.6982117,1744655009.6984134,1744655009.6999564,1744655009.7036524,1744655009.703985,0.009746313095092773,0.00046324729919433594,0.01871657371520996,0.02892613410949707,0.005239009857177734,0.0003325939178466797,-0.0040285587310791016,0.0015430450439453125,0.03706240653991699
1675,1744655009.8482242,1744655009.8688998,1744655009.8692255,1744655009.906101,1744655009.908068,1744655009.9125767,1744655009.919277,1744655009.9196959,0.005719184875488281,0.0005986690521240234,0.008062601089477539,0.014380455017089844,0.01120901107788086,0.0004189014434814453,-0.007119178771972656,0.0045087337493896484,0.017455101013183594
1679,1744655009.922776,1744655009.9338334,1744655009.9343915,1744655009.9410167,1744655009.9418643,1744655009.9478545,1744655009.9545152,1744655009.9550862,0.009083986282348633,0.0003921985626220703,0.004208087921142578,0.013684272766113281,0.01265096664428711,0.0005710124969482422,-0.007231712341308594,0.005990266799926758,0.020588159561157227
1680,1744655010.0476625,1744655010.0555139,1744655010.055985,1744655010.0665383,1744655010.067591,1744655010.0733995,1744655010.079569,1744655010.0800025,0.008471965789794922,0.0004150867462158203,0.016286611557006836,0.025173664093017578,0.0119781494140625,0.0004334449768066406,-0.0066030025482177734,0.005808591842651367,0.034702301025390625
1681,1744655010.110449,1744655010.1183543,1744655010.1189165,1744655010.1221552,1744655010.124205,1744655010.1284828,1744655010.1318321,1744655010.1322944,0.009334802627563477,0.0004374980926513672,0.00800776481628418,0.017780065536499023,0.007627010345458984,0.0004622936248779297,-0.0038115978240966797,0.004277706146240234,0.022790908813476562
1682,1744655010.2812266,1744655010.2882147,1744655010.2886882,1744655010.3015757,1744655010.3038871,1744655010.3069677,1744655010.3148227,1744655010.3152804,0.008924484252929688,0.0005869865417480469,0.007913589477539062,0.017425060272216797,0.010935544967651367,0.000457763671875,-0.008312702178955078,0.003080606460571289,0.022514820098876953
1683,1744655010.3163474,1744655010.3223557,1744655010.3228948,1744655010.33825,1744655010.3403404,1744655010.3521242,1744655010.3578136,1744655010.3582504,0.008117437362670898,0.0004899501800537109,0.008484840393066406,0.017092227935791016,0.017473220825195312,0.0004367828369140625,-0.0061261653900146484,0.011783838272094727,0.02465510368347168
1684,1744655010.4189699,1744655010.4302602,1744655010.4309268,1744655010.438913,1744655010.4397123,1744655010.4455225,1744655010.4560046,1744655010.4566166,0.006899595260620117,0.0004172325134277344,0.009064912796020508,0.01638174057006836,0.016292333602905273,0.0006120204925537109,-0.011094093322753906,0.005810260772705078,0.022591114044189453
1685,1744655010.4886146,1744655010.4936779,1744655010.4941435,1744655010.5033684,1744655010.5041535,1744655010.5073807,1744655010.5127773,1744655010.5131862,0.015863895416259766,0.00045490264892578125,0.00945138931274414,0.025770187377929688,0.008623838424682617,0.0004088878631591797,-0.005805492401123047,0.00322723388671875,0.030185699462890625
1686,1744655010.5941052,1744655010.6038516,1744655010.6043148,1744655010.6230314,1744655010.624431,1744655010.6311677,1744655010.639652,1744655010.640287,0.006940364837646484,0.0005478858947753906,0.008579254150390625,0.0160675048828125,0.015221118927001953,0.0006349086761474609,-0.009119272232055664,0.00673675537109375,0.02250957489013672
1687,1744655010.6552954,1744655010.6610146,1744655010.6616132,1744655010.6696758,1744655010.6710231,1744655010.6727505,1744655010.6756666,1744655010.676148,0.006672382354736328,0.0004754066467285156,0.006411552429199219,0.013559341430664062,0.004643440246582031,0.0004813671112060547,-0.0033974647521972656,0.0017273426055908203,0.02034139633178711
1688,1744655010.6924407,1744655010.7015247,1744655010.701917,1744655010.706125,1744655010.7077913,1744655010.713029,1744655010.7157547,1744655010.7162104,0.00972437858581543,0.0006692409515380859,0.02064204216003418,0.031035661697387695,0.007963418960571289,0.00045561790466308594,-0.00318145751953125,0.005237579345703125,0.03459787368774414
1689,1744655010.751205,1744655010.759677,1744655010.760092,1744655010.7763786,1744655010.77836,1744655010.7859073,1744655010.7949586,1744655010.795362,0.029931068420410156,0.0005478858947753906,0.05470633506774902,0.08518528938293457,0.01659870147705078,0.00040340423583984375,-0.009454727172851562,0.0075473785400390625,0.08961987495422363
1691,1744655010.963074,1744655010.9724088,1744655010.9728463,1744655010.980854,1744655010.9817433,1744655010.9858649,1744655010.9932215,1744655010.9936693,0.020501136779785156,0.0006558895111083984,0.06180310249328613,0.08296012878417969,0.011478185653686523,0.0004477500915527344,-0.007804393768310547,0.004121541976928711,0.08965182304382324
1692,1744655011.0193238,1744655011.0282483,1744655011.0288353,1744655011.036749,1744655011.0386102,1744655011.0418386,1744655011.0473702,1744655011.0479052,0.00788259506225586,0.0005156993865966797,0.011093378067016602,0.01949167251586914,0.00875997543334961,0.0005350112915039062,-0.006066560745239258,0.003228425979614258,0.027165651321411133
1693,1744655011.0560308,1744655011.0641482,1744655011.0646381,1744655011.073123,1744655011.075288,1744655011.0806859,1744655011.0839806,1744655011.0844116,0.004546403884887695,0.0006666183471679688,0.007972478866577148,0.013185501098632812,0.008692502975463867,0.000431060791015625,-0.003725767135620117,0.005397796630859375,0.01997542381286621
1694,1744655011.084481,1744655011.0913806,1744655011.0917978,1744655011.1008627,1744655011.1017287,1744655011.107072,1744655011.121662,1744655011.1221447,0.015041589736938477,0.0006501674652099609,0.04903388023376465,0.06472563743591309,0.019933223724365234,0.00048279762268066406,-0.01507258415222168,0.005343437194824219,0.0671231746673584
1695,1744655011.109898,1744655011.125762,1744655011.126217,1744655011.1356683,1744655011.137155,1744655011.1400838,1744655011.1482847,1744655011.1487417,0.011228322982788086,0.0004341602325439453,0.06497049331665039,0.07663297653198242,0.011129617691040039,0.0004570484161376953,-0.00865793228149414,0.0029287338256835938,0.08185553550720215
1696,1744655011.14215,1744655011.1490903,1744655011.1496382,1744655011.1582174,1744655011.1588042,1744655011.1646595,1744655011.168581,1744655011.169061,0.010548591613769531,0.00048470497131347656,0.03128218650817871,0.04231548309326172,0.009776830673217773,0.0004799365997314453,-0.004401445388793945,0.0058553218841552734,0.048482418060302734
1697,1744655011.1694689,1744655011.1761413,1744655011.1766167,1744655011.1830282,1744655011.1843545,1744655011.1898103,1744655011.1933784,1744655011.1938374,0.013737201690673828,0.0005331039428710938,0.006846189498901367,0.02111649513244629,0.009023904800415039,0.0004589557647705078,-0.004027128219604492,0.005455732345581055,0.030470848083496094
1698,1744655011.2763917,1744655011.2861161,1744655011.2867854,1744655011.3074274,1744655011.3080802,1744655011.3109896,1744655011.3156204,1744655011.3161197,0.003885507583618164,0.00043773651123046875,0.005110979080200195,0.009434223175048828,0.007540225982666016,0.0004992485046386719,-0.00513005256652832,0.002909421920776367,0.015643596649169922
1700,1744655011.364331,1744655011.394262,1744655011.39481,1744655011.4495163,1744655011.4512708,1744655011.453951,1744655011.461321,1744655011.4618447,0.007220745086669922,0.0005106925964355469,0.007530927658081055,0.015262365341186523,0.010050296783447266,0.0005235671997070312,-0.007893800735473633,0.002680063247680664,0.023616790771484375
1701,1744655011.3928406,1744655011.4133418,1744655011.4139977,1744655011.4758008,1744655011.4769518,1744655011.4824924,1744655011.4922044,1744655011.4929044,0.0059528350830078125,0.0004851818084716797,0.013878345489501953,0.020316362380981445,0.01525259017944336,0.0006999969482421875,-0.010411977767944336,0.005540609359741211,0.025971412658691406
1706,1744655011.5280364,1744655011.535919,1744655011.5364347,1744655011.547528,1744655011.5493388,1744655011.555202,1744655011.5584025,1744655011.5589278,0.005795001983642578,0.00045371055603027344,0.006633758544921875,0.012882471084594727,0.009063720703125,0.0005252361297607422,-0.003725767135620117,0.005863189697265625,0.017523765563964844
1707,1744655011.6437376,1744655011.648284,1744655011.6489506,1744655011.656923,1744655011.6580737,1744655011.663713,1744655011.6670935,1744655011.6677403,0.010500907897949219,0.0005655288696289062,0.022864580154418945,0.03393101692199707,0.009019851684570312,0.0006468296051025391,-0.004027366638183594,0.005639314651489258,0.039019107818603516
1708,1744655011.6834238,1744655011.6984653,1744655011.6991155,1744655011.7481494,1744655011.748514,1744655011.750547,1744655011.777479,1744655011.7781065,0.011243104934692383,0.0005464553833007812,0.013150930404663086,0.02494049072265625,0.028964996337890625,0.0006275177001953125,-0.027559518814086914,0.0020329952239990234,0.031107187271118164
1709,1744655011.7121766,1744655011.723405,1744655011.723839,1744655011.7888095,1744655011.7904418,1744655011.794032,1744655011.8007302,1744655011.801248,0.007163047790527344,0.0006017684936523438,0.013510942459106445,0.021275758743286133,0.010288476943969727,0.0005178451538085938,-0.007215976715087891,0.0035903453826904297,0.031040668487548828
1712,1744655011.77636,1744655011.7869086,1744655011.7873933,1744655011.8186755,1744655011.8213534,1744655011.8248425,1744655011.846168,1744655011.8466284,0.0063762664794921875,0.0005347728729248047,0.008692026138305664,0.015603065490722656,0.024814605712890625,0.0004603862762451172,-0.021785974502563477,0.0034890174865722656,0.025794267654418945
1716,1744655011.9332707,1744655011.947008,1744655011.947541,1744655011.9543872,1744655011.9574938,1744655011.9637415,1744655011.9709034,1744655011.97151,0.008963823318481445,0.0005056858062744141,0.04318594932556152,0.05265545845031738,0.013409614562988281,0.000606536865234375,-0.007768392562866211,0.006247758865356445,0.0603487491607666
1717,1744655011.9766872,1744655011.9805727,1744655011.9810104,1744655011.9861214,1744655011.9885511,1744655011.9923308,1744655011.9986126,1744655011.999102,0.016732454299926758,0.0004715919494628906,0.02998495101928711,0.04718899726867676,0.010061502456665039,0.0004894733428955078,-0.0067713260650634766,0.0037796497344970703,0.05637669563293457
1718,1744655012.0064743,1744655012.013695,1744655012.0142057,1744655012.0217366,1744655012.0225484,1744655012.030091,1744655012.0352376,1744655012.0357163,0.02178168296813965,0.00044608116149902344,0.03338432312011719,0.05561208724975586,0.01268911361694336,0.0004787445068359375,-0.005625247955322266,0.007542610168457031,0.062309980392456055
1719,1744655012.0776327,1744655012.0835855,1744655012.0840707,1744655012.097949,1744655012.0983691,1744655012.103604,1744655012.1083987,1744655012.1088834,0.007511138916015625,0.0004127025604248047,0.04129791259765625,0.04922175407409668,0.01002955436706543,0.00048470497131347656,-0.0052793025970458984,0.005234956741333008,0.05331301689147949
1720,1744655012.2187855,1744655012.2245805,1744655012.2250342,1744655012.231668,1744655012.2325244,1744655012.2363093,1744655012.2450306,1744655012.245499,0.003904581069946289,0.0005881786346435547,0.007267475128173828,0.011760234832763672,0.012506246566772461,0.00046825408935546875,-0.009189605712890625,0.0037848949432373047,0.01732778549194336
1721,1744655012.3544173,1744655012.3649182,1744655012.3654838,1744655012.3883483,1744655012.3893821,1744655012.3934364,1744655012.3984742,1744655012.3989766,0.007562398910522461,0.0004830360412597656,0.0056416988372802734,0.0136871337890625,0.009092092514038086,0.0005023479461669922,-0.005540132522583008,0.00405430793762207,0.022292137145996094
1723,1744655012.4887452,1744655012.4999883,1744655012.5005348,1744655012.5136857,1744655012.5148246,1744655012.5198524,1744655012.5243247,1744655012.5248456,0.008585929870605469,0.0005896091461181641,0.007212638854980469,0.0163881778717041,0.00950002670288086,0.0005209445953369141,-0.0049932003021240234,0.00502777099609375,0.019330501556396484
1724,1744655012.535255,1744655012.542418,1744655012.5430198,1744655012.5565307,1744655012.557379,1744655012.5662956,1744655012.5720687,1744655012.5726688,0.006763458251953125,0.00041961669921875,0.006899356842041016,0.01408243179321289,0.01468968391418457,0.0006000995635986328,-0.006373167037963867,0.008916616439819336,0.023219823837280273
1725,1744655012.6400104,1744655012.6463866,1744655012.6469214,1744655012.6556134,1744655012.656873,1744655012.6658046,1744655012.684071,1744655012.6847303,0.005869865417480469,0.0004112720489501953,0.007506132125854492,0.013787269592285156,0.027198076248168945,0.0006592273712158203,-0.01892566680908203,0.008931636810302734,0.01707768440246582
1726,1744655012.6916952,1744655012.700659,1744655012.7011647,1744655012.7443507,1744655012.7471864,1744655012.752044,1744655012.7595847,1744655012.760072,0.009156942367553711,0.0005006790161132812,0.014929533004760742,0.024587154388427734,0.012398242950439453,0.00048732757568359375,-0.008028030395507812,0.004857540130615234,0.027109861373901367
1727,1744655012.7172997,1744655012.7340322,1744655012.7345037,1744655012.7644887,1744655012.7678807,1744655012.7736764,1744655012.7871559,1744655012.7876115,0.005418539047241211,0.0005755424499511719,0.005036354064941406,0.011030435562133789,0.019275188446044922,0.00045561790466308594,-0.013935089111328125,0.005795717239379883,0.01468038558959961
1728,1744655012.7338972,1744655012.755679,1744655012.756125,1744655012.7895093,1744655012.7904875,1744655012.7962072,1744655012.8056762,1744655012.80625,0.005410909652709961,0.0003979206085205078,0.006547451019287109,0.012356281280517578,0.01518869400024414,0.0005738735198974609,-0.010042905807495117,0.005719661712646484,0.031042814254760742
1729,1744655012.7581558,1744655012.765667,1744655012.7660797,1744655012.8073776,1744655012.808098,1744655012.8114688,1744655012.8271515,1744655012.8277435,0.00403904914855957,0.0005633831024169922,0.009889841079711914,0.014492273330688477,0.01905345916748047,0.0005919933319091797,-0.016274690628051758,0.0033707618713378906,0.022452354431152344
1732,1744655012.9186862,1744655012.9225907,1744655012.923179,1744655012.9304464,1744655012.9312112,1744655012.936014,1744655012.9398978,1744655012.9405417,0.004952907562255859,0.0004572868347167969,0.017214536666870117,0.022624731063842773,0.008686542510986328,0.0006439685821533203,-0.0045278072357177734,0.004802703857421875,0.027181148529052734
1733,1744655012.951542,1744655012.9591043,1744655012.9595873,1744655012.965229,1744655012.966536,1744655012.973834,1744655012.9782028,1744655012.9788723,0.016538619995117188,0.0005085468292236328,0.020752429962158203,0.03779959678649902,0.01166677474975586,0.0006694793701171875,-0.005038261413574219,0.007297992706298828,0.04994010925292969
1734,1744655013.0187955,1744655013.0273814,1744655013.027971,1744655013.0351837,1744655013.0364108,1744655013.038126,1744655013.0458782,1744655013.0463173,0.00670623779296875,0.0004253387451171875,0.007219552993774414,0.014351129531860352,0.009467363357543945,0.0004391670227050781,-0.008191347122192383,0.0017151832580566406,0.023700952529907227
1735,1744655013.0484037,1744655013.0551672,1744655013.0555868,1744655013.0624862,1744655013.0635035,1744655013.0716236,1744655013.077702,1744655013.0781114,0.006563425064086914,0.0005025863647460938,0.014804601669311523,0.02187061309814453,0.014198541641235352,0.0004093647003173828,-0.006487846374511719,0.008120059967041016,0.027492046356201172
1736,1744655013.0743546,1744655013.0802245,1744655013.0806358,1744655013.088142,1744655013.0895805,1744655013.0914323,1744655013.100215,1744655013.100606,0.0077362060546875,0.00037169456481933594,0.02146124839782715,0.029569149017333984,0.010634422302246094,0.0003910064697265625,-0.00917363166809082,0.001851797103881836,0.033116817474365234
1737,1744655013.1017835,1744655013.1109405,1744655013.1114411,1744655013.1263707,1744655013.12713,1744655013.1288934,1744655013.1381037,1744655013.1385794,0.013241052627563477,0.0005035400390625,0.00399470329284668,0.017739295959472656,0.010973691940307617,0.0004756450653076172,-0.009685993194580078,0.0017633438110351562,0.02413797378540039
1739,1744655013.2018983,1744655013.2073169,1744655013.2078924,1744655013.2129288,1744655013.2139463,1744655013.2165787,1744655013.2229152,1744655013.2235777,0.009193897247314453,0.0004918575286865234,0.013828754425048828,0.023514509201049805,0.008968830108642578,0.0006625652313232422,-0.006999015808105469,0.0026323795318603516,0.03131699562072754
1740,1744655013.2579522,1744655013.2633631,1744655013.263761,1744655013.2703085,1744655013.271366,1744655013.288995,1744655013.2973373,1744655013.297772,0.009844541549682617,0.0004856586456298828,0.01678466796875,0.0271148681640625,0.025971412658691406,0.00043463706970214844,-0.00877690315246582,0.017629146575927734,0.031310319900512695
1741,1744655013.3142142,1744655013.3182533,1744655013.3188167,1744655013.3287065,1744655013.3310502,1744655013.3366666,1744655013.340654,1744655013.3412323,0.00775456428527832,0.0005114078521728516,0.019927024841308594,0.028192996978759766,0.009603738784790039,0.0005784034729003906,-0.004565715789794922,0.005616426467895508,0.03412938117980957
1742,1744655013.3866105,1744655013.3915634,1744655013.3920207,1744655013.4092352,1744655013.4097328,1744655013.4137917,1744655013.4251103,1744655013.4256213,0.011262178421020508,0.0005602836608886719,0.013364076614379883,0.025186538696289062,0.015377521514892578,0.0005109310150146484,-0.011829614639282227,0.004058837890625,0.03186321258544922
1744,1744655013.457855,1744655013.4743936,1744655013.4749022,1744655013.4956546,1744655013.499671,1744655013.507795,1744655013.5140257,1744655013.5144854,0.013985872268676758,0.0006163120269775391,0.037714242935180664,0.05231642723083496,0.014354705810546875,0.0004596710205078125,-0.006690263748168945,0.008124113082885742,0.06007957458496094
1747,1744655013.5125747,1744655013.519281,1744655013.5197062,1744655013.5269258,1744655013.5289667,1744655013.5362756,1744655013.5410283,1744655013.5415256,0.019713878631591797,0.0005357265472412109,0.037247419357299805,0.05749702453613281,0.012061595916748047,0.0004973411560058594,-0.005249977111816406,0.0073089599609375,0.0630486011505127
1748,1744655013.5481966,1744655013.55476,1744655013.5552626,1744655013.5700672,1744655013.5705876,1744655013.5756886,1744655013.5901139,1744655013.590539,0.011760711669921875,0.0005893707275390625,0.0068776607513427734,0.01922774314880371,0.019526243209838867,0.00042510032653808594,-0.014850378036499023,0.00510096549987793,0.02817058563232422
1749,1744655013.6001437,1744655013.6078799,1744655013.6082516,1744655013.6297128,1744655013.6304135,1744655013.6332605,1744655013.6378522,1744655013.6382387,0.005453824996948242,0.0004181861877441406,0.011595487594604492,0.017467498779296875,0.00743865966796875,0.0003864765167236328,-0.004978179931640625,0.002846956253051758,0.020653724670410156
1751,1744655013.7507994,1744655013.7640405,1744655013.764544,1744655013.7685387,1744655013.769181,1744655013.7749374,1744655013.7830777,1744655013.783539,0.012071371078491211,0.0005259513854980469,0.008136510848999023,0.02073383331298828,0.013896703720092773,0.00046133995056152344,-0.008601665496826172,0.005756378173828125,0.032958030700683594
1752,1744655013.9376664,1744655013.9468603,1744655013.9473522,1744655013.961181,1744655013.964161,1744655013.9689834,1744655013.9772322,1744655013.977761,0.008831262588500977,0.0005090236663818359,0.009146451950073242,0.018486738204956055,0.013071298599243164,0.0005288124084472656,-0.008777618408203125,0.004822492599487305,0.027028560638427734
1753,1744655013.9701302,1744655013.9799747,1744655013.9804604,1744655013.997245,1744655013.998577,1744655014.0014405,1744655014.0074635,1744655014.007938,0.009495735168457031,0.0005266666412353516,0.007004737854003906,0.01702713966369629,0.008886337280273438,0.0004744529724121094,-0.006497383117675781,0.0028634071350097656,0.02393794059753418
1754,1744655014.0537949,1744655014.0615494,1744655014.0620608,1744655014.0819879,1744655014.0838716,1744655014.0879242,1744655014.094237,1744655014.0947676,0.014557600021362305,0.0004923343658447266,0.027986526489257812,0.043036460876464844,0.010365486145019531,0.0005304813385009766,-0.0068433284759521484,0.004052639007568359,0.04685711860656738
1756,1744655014.1641083,1744655014.1753705,1744655014.1759307,1744655014.1892948,1744655014.1898267,1744655014.1959715,1744655014.2119365,1744655014.2125416,0.0045282840728759766,0.0005247592926025391,0.006941080093383789,0.011994123458862305,0.0221097469329834,0.0006051063537597656,-0.016570091247558594,0.00614476203918457,0.01909637451171875
1757,1744655014.2153754,1744655014.2293613,1744655014.2299776,1744655014.2676919,1744655014.2693493,1744655014.275455,1744655014.292782,1744655014.2932642,0.008252382278442383,0.0003857612609863281,0.004986763000488281,0.013624906539916992,0.02343273162841797,0.0004820823669433594,-0.017809152603149414,0.006105661392211914,0.017683982849121094
1760,1744655014.2911153,1744655014.3108292,1744655014.311365,1744655014.3486123,1744655014.3525038,1744655014.354164,1744655014.3647432,1744655014.365162,0.0075719356536865234,0.0005576610565185547,0.0063321590423583984,0.014461755752563477,0.012239456176757812,0.00041866302490234375,-0.010998010635375977,0.0016601085662841797,0.022883176803588867
1763,1744655014.4388433,1744655014.450604,1744655014.4511933,1744655014.458071,1744655014.4599912,1744655014.4670138,1744655014.4728339,1744655014.4733467,0.006333589553833008,0.0003781318664550781,0.012181997299194336,0.018893718719482422,0.012842655181884766,0.0005128383636474609,-0.006332874298095703,0.0070226192474365234,0.022321224212646484
1764,1744655014.4925213,1744655014.497975,1744655014.4983933,1744655014.5099888,1744655014.5110629,1744655014.513175,1744655014.518754,1744655014.5192263,0.010108470916748047,0.0004909038543701172,0.043029069900512695,0.05362844467163086,0.007691144943237305,0.0004723072052001953,-0.006051301956176758,0.002112150192260742,0.05938911437988281
1765,1744655014.5348742,1744655014.5469456,1744655014.5474715,1744655014.555608,1744655014.562396,1744655014.5678322,1744655014.5736895,1744655014.5741792,0.011408090591430664,0.00040078163146972656,0.015483617782592773,0.027292490005493164,0.011293411254882812,0.0004897117614746094,-0.006346940994262695,0.0054361820220947266,0.0343937873840332
1766,1744655014.6271954,1744655014.6360266,1744655014.6365356,1744655014.645682,1744655014.6465414,1744655014.654224,1744655014.6600583,1744655014.6604986,0.016188383102416992,0.0006544589996337891,0.022898197174072266,0.03974103927612305,0.013516902923583984,0.00044035911560058594,-0.006274700164794922,0.0076825618743896484,0.04568815231323242
1767,1744655014.6721785,1744655014.6816742,1744655014.682201,1744655014.6892056,1744655014.6907482,1744655014.6961164,1744655014.7001023,1744655014.7006521,0.015736103057861328,0.0005507469177246094,0.014322757720947266,0.030609607696533203,0.009354114532470703,0.0005497932434082031,-0.004535675048828125,0.005368232727050781,0.036047935485839844
1768,1744655014.7007427,1744655014.7153003,1744655014.7157927,1744655014.7437792,1744655014.7444463,1744655014.7475998,1744655014.7514362,1744655014.751949,0.010546684265136719,0.0006406307220458984,0.028482437133789062,0.03966975212097168,0.006989955902099609,0.0005128383636474609,-0.004349231719970703,0.003153562545776367,0.04256772994995117
1769,1744655014.7568922,1744655014.7614205,1744655014.7619452,1744655014.7688863,1744655014.7704606,1744655014.7759886,1744655014.7796113,1744655014.7801392,0.04024839401245117,0.0004241466522216797,0.021046876907348633,0.061719417572021484,0.00915074348449707,0.0005278587341308594,-0.0041506290435791016,0.005527973175048828,0.07159662246704102
1770,1744655014.7883697,1744655014.796622,1744655014.7970078,1744655014.8019946,1744655014.803633,1744655014.8060536,1744655014.810545,1744655014.81096,0.015839338302612305,0.0004436969757080078,0.015949010848999023,0.032232046127319336,0.0069119930267333984,0.0004150867462158203,-0.004906415939331055,0.002420663833618164,0.038924455642700195
1771,,,,,1744655014.8876314,1744655014.8937058,1744655014.898797,1744655014.899409,0.02337932586669922,0.0004703998565673828,0.01656937599182129,0.04041910171508789,0.011165618896484375,0.0006120204925537109,-0.0057032108306884766,0.006074428558349609,0.051763057708740234
1772,,,,,1744655014.910188,1744655014.9183366,1744655014.9241586,1744655014.9247427,0.008031606674194336,0.0004215240478515625,0.010543346405029297,0.018996477127075195,0.013970613479614258,0.0005841255187988281,-0.006406068801879883,0.008148670196533203,0.02967977523803711
1773,1744655014.994274,1744655015.0018458,1744655015.0024035,1744655015.0087357,1744655015.010048,1744655015.017157,1744655015.0246124,1744655015.0251615,0.0041620731353759766,0.0004487037658691406,0.010012388229370117,0.014623165130615234,0.01456451416015625,0.0005490779876708984,-0.008004426956176758,0.007109165191650391,0.019779682159423828
1774,1744655015.0474422,1744655015.0537758,1744655015.054154,1744655015.066336,1744655015.0668454,1744655015.0697634,1744655015.0824895,1744655015.0829368,0.00568699836730957,0.0004820823669433594,0.009753227233886719,0.01592230796813965,0.015644073486328125,0.00044727325439453125,-0.013173341751098633,0.0029180049896240234,0.020908355712890625
1776,1744655015.0847824,1744655015.0948908,1744655015.0953817,1744655015.1384108,1744655015.1407795,1744655015.1441715,1744655015.1488214,1744655015.1493323,0.0069122314453125,0.00044727325439453125,0.01266169548034668,0.02002120018005371,0.008041858673095703,0.0005109310150146484,-0.005160808563232422,0.0033919811248779297,0.02584052085876465
1777,1744655015.1271236,1744655015.1385317,1744655015.1389325,1744655015.154416,1744655015.1557312,1744655015.1615174,1744655015.1826112,1744655015.183065,0.006347179412841797,0.0004184246063232422,0.06196951866149902,0.06873512268066406,0.02688002586364746,0.00045371055603027344,-0.021547555923461914,0.00578618049621582,0.07549595832824707
1779,1744655015.171987,1744655015.1881754,1744655015.18883,1744655015.211728,1744655015.2128282,1744655015.2176752,1744655015.239488,1744655015.2399898,0.022133350372314453,0.0005533695220947266,0.0462954044342041,0.06898212432861328,0.026659727096557617,0.0005018711090087891,-0.02231454849243164,0.004847049713134766,0.07432675361633301
1781,1744655015.2245815,1744655015.2403176,1744655015.2408683,1744655015.255191,1744655015.2559369,1744655015.2606294,1744655015.2695851,1744655015.2700539,0.02762436866760254,0.0004425048828125,0.030414581298828125,0.058481454849243164,0.013648271560668945,0.0004687309265136719,-0.009424448013305664,0.004692554473876953,0.06325268745422363
1782,1744655015.2681828,1744655015.2787294,1744655015.27937,1744655015.3078525,1744655015.3084524,1744655015.3107505,1744655015.3326383,1744655015.3333461,0.01423501968383789,0.0005795955657958984,0.025046348571777344,0.03986096382141113,0.024185895919799805,0.0007078647613525391,-0.022595643997192383,0.002298116683959961,0.04198050498962402
1784,1744655015.314197,1744655015.3544455,1744655015.3548696,1744655015.3759165,1744655015.377989,1744655015.3857937,1744655015.3947215,1744655015.3951025,0.0067479610443115234,0.0005009174346923828,0.0067234039306640625,0.013972282409667969,0.016732454299926758,0.0003809928894042969,-0.009308815002441406,0.0078046321868896484,0.021351337432861328
1785,1744655015.4731138,1744655015.488953,1744655015.4893968,1744655015.5053458,1744655015.5065541,1744655015.5120382,1744655015.5173025,1744655015.5177002,0.008287429809570312,0.0004222393035888672,0.010771989822387695,0.019481658935546875,0.01074838638305664,0.00039768218994140625,-0.005661964416503906,0.005484104156494141,0.026619434356689453
1786,1744655015.8023243,1744655015.8257036,1744655015.826174,1744655015.8427434,1744655015.8448353,1744655015.8540874,1744655015.8590188,1744655015.8594549,0.004411935806274414,0.0005199909210205078,0.005707263946533203,0.010639190673828125,0.014183521270751953,0.0004360675811767578,-0.0053675174713134766,0.009252071380615234,0.015910625457763672
1788,1744655015.8853154,1744655015.893347,1744655015.8937685,1744655015.904312,1744655015.905548,1744655015.9149952,1744655015.9195902,1744655015.9200222,0.010270118713378906,0.0004494190216064453,0.005756855010986328,0.01647639274597168,0.014042139053344727,0.00043201446533203125,-0.005027055740356445,0.009447097778320312,0.02268242835998535
1789,1744655016.0511749,1744655016.055337,1744655016.0557857,1744655016.065798,1744655016.0664723,1744655016.0709546,1744655016.0779908,1744655016.0784166,0.009635210037231445,0.00047469139099121094,0.016211748123168945,0.0263216495513916,0.011518478393554688,0.0004258155822753906,-0.007462024688720703,0.004482269287109375,0.031119108200073242
1790,1744655016.0807703,1744655016.0864573,1744655016.0869393,1744655016.0966926,1744655016.0984292,1744655016.1016786,1744655016.112781,1744655016.113285,0.015581607818603516,0.0005123615264892578,0.0210421085357666,0.037136077880859375,0.014351844787597656,0.0005040168762207031,-0.011606454849243164,0.0032494068145751953,0.04722189903259277
1791,1744655016.1076229,1744655016.114535,1744655016.1149824,1744655016.127644,1744655016.1302414,1744655016.1334634,1744655016.1387901,1744655016.139208,0.006210803985595703,0.0004360675811767578,0.0066111087799072266,0.013257980346679688,0.008548736572265625,0.00041794776916503906,-0.0057446956634521484,0.0032219886779785156,0.019420623779296875
1792,1744655016.2464204,1744655016.2527676,1744655016.253186,1744655016.3151555,1744655016.3168404,1744655016.3219163,1744655016.3357332,1744655016.33619,0.007967710494995117,0.0005965232849121094,0.004231452941894531,0.012795686721801758,0.018892765045166016,0.00045680999755859375,-0.014273643493652344,0.005075931549072266,0.017881393432617188
1794,1744655016.2812216,1744655016.303355,1744655016.3039083,1744655016.3502038,1744655016.3509169,1744655016.3555484,1744655016.3626897,1744655016.3631408,0.003794431686401367,0.0004668235778808594,0.006211996078491211,0.010473251342773438,0.011772871017456055,0.00045108795166015625,-0.007592439651489258,0.004631519317626953,0.017479896545410156
1795,1744655016.3040347,1744655016.331659,1744655016.3321016,1744655016.3625162,1744655016.364597,1744655016.3672874,1744655016.3731751,1744655016.3736324,0.0060367584228515625,0.0005497932434082031,0.005917787551879883,0.012504339218139648,0.008578062057495117,0.0004572868347167969,-0.006345033645629883,0.0026903152465820312,0.016562700271606445
1796,1744655016.3359392,1744655016.3501742,1744655016.3507538,1744655016.3758001,1744655016.376395,1744655016.3779197,1744655016.382908,1744655016.3834722,0.0074481964111328125,0.0006358623504638672,0.028870344161987305,0.036954402923583984,0.006513118743896484,0.0005640983581542969,-0.005552530288696289,0.0015246868133544922,0.04013943672180176
1799,1744655016.3947835,1744655016.4015315,1744655016.4020324,1744655016.4087558,1744655016.4097004,1744655016.4161348,1744655016.4240267,1744655016.4246323,0.014411687850952148,0.0003497600555419922,0.009941577911376953,0.024703025817871094,0.014326333999633789,0.0006055831909179688,-0.008497476577758789,0.006434440612792969,0.031087636947631836
1800,1744655016.4184597,1744655016.426747,1744655016.4271693,1744655016.4379413,1744655016.440005,1744655016.445079,1744655016.4503982,1744655016.450909,0.010622501373291016,0.0007021427154541016,0.017029285430908203,0.02835392951965332,0.010393142700195312,0.0005106925964355469,-0.005829811096191406,0.005074024200439453,0.0384364128112793
1801,1744655016.5221772,1744655016.5265892,1744655016.5271091,1744655016.5328164,1744655016.5340033,1744655016.5380878,1744655016.5450788,1744655016.5455902,0.004587888717651367,0.0005929470062255859,0.008600950241088867,0.01378178596496582,0.011075496673583984,0.0005114078521728516,-0.007502317428588867,0.004084587097167969,0.019370317459106445
1802,1744655016.633122,1744655016.643392,1744655016.6438415,1744655016.6495984,1744655016.6519964,1744655016.6558044,1744655016.659182,1744655016.6595736,0.018561124801635742,0.00045943260192871094,0.014129161834716797,0.03314971923828125,0.007185697555541992,0.0003914833068847656,-0.0037691593170166016,0.0038080215454101562,0.04060983657836914
1803,1744655016.6736193,1744655016.6832545,1744655016.6837292,1744655016.699941,1744655016.7004845,1744655016.7047384,1744655016.7112045,1744655016.7116475,0.0035648345947265625,0.0004067420959472656,0.025975942611694336,0.029947519302368164,0.010720014572143555,0.0004429817199707031,-0.00690913200378418,0.004253864288330078,0.034372568130493164
1804,1744655016.776442,1744655016.7920237,1744655016.792536,1744655016.8135781,1744655016.815555,1744655016.823664,1744655016.8279884,1744655016.8284492,0.007411479949951172,0.0004966259002685547,0.008674144744873047,0.016582250595092773,0.012433290481567383,0.0004608631134033203,-0.004785299301147461,0.008108854293823242,0.023984909057617188
1805,1744655016.860598,1744655016.866809,1744655016.867245,1744655016.873856,1744655016.8762584,1744655016.8800187,1744655016.883054,1744655016.8835073,0.011002063751220703,0.0005698204040527344,0.0036461353302001953,0.015218019485473633,0.006795644760131836,0.0004532337188720703,-0.0034885406494140625,0.0037603378295898438,0.020847082138061523
1806,1744655016.8897853,1744655016.897753,1744655016.8983495,1744655016.902581,1744655016.9034534,1744655016.9076667,1744655016.9135952,1744655016.9142041,0.007136821746826172,0.0003046989440917969,0.015674352645874023,0.023115873336791992,0.010141849517822266,0.0006089210510253906,-0.006537437438964844,0.0042133331298828125,0.028247594833374023
1807,1744655016.9458838,1744655016.9496782,1744655016.950145,1744655016.956357,1744655016.9585028,1744655016.9633636,1744655016.969874,1744655016.970434,0.008753776550292969,0.00044345855712890625,0.009342670440673828,0.018539905548095703,0.011371135711669922,0.0005600452423095703,-0.007070302963256836,0.004860877990722656,0.025322437286376953
1808,1744655016.9756083,1744655016.981645,1744655016.982195,1744655016.9881127,1744655016.9885657,1744655016.992171,1744655017.0065184,1744655017.0069842,0.008833169937133789,0.0005710124969482422,0.007969141006469727,0.017373323440551758,0.017952680587768555,0.0004658699035644531,-0.01481318473815918,0.003605365753173828,0.021080970764160156
1809,1744655017.005717,1744655017.0131652,1744655017.013801,1744655017.0426714,1744655017.0446217,1744655017.0458565,1744655017.0507317,1744655017.0511806,0.011368274688720703,0.00063323974609375,0.014575719833374023,0.026577234268188477,0.006109952926635742,0.0004489421844482422,-0.005324125289916992,0.0012347698211669922,0.03322124481201172
1810,1744655017.034034,1744655017.0484457,1744655017.0487955,1744655017.058737,1744655017.0600524,1744655017.0651217,1744655017.0697448,1744655017.0701425,0.0048329830169677734,0.00046539306640625,0.00925135612487793,0.014549732208251953,0.00969243049621582,0.00039768218994140625,-0.005020856857299805,0.005069255828857422,0.018124818801879883
1812,1744655017.1558583,1744655017.1664808,1744655017.167183,1744655017.1842122,1744655017.1865838,1744655017.1942947,1744655017.2015839,1744655017.2021747,0.004498481750488281,0.0005128383636474609,0.00341796875,0.008429288864135742,0.015000104904174805,0.0005908012390136719,-0.007879972457885742,0.007710933685302734,0.021776676177978516
1813,1744655017.2690806,1744655017.2736685,1744655017.2742615,1744655017.2828624,1744655017.283458,1744655017.288451,1744655017.2958555,1744655017.2963681,0.008817911148071289,0.00048279762268066406,0.008393526077270508,0.01769423484802246,0.012397527694702148,0.0005125999450683594,-0.007917165756225586,0.004992961883544922,0.024007558822631836
1814,1744655017.3814642,1744655017.4000254,1744655017.4004848,1744655017.414614,1744655017.4155016,1744655017.422074,1744655017.4311783,1744655017.4316988,0.011182546615600586,0.00036978721618652344,0.01759958267211914,0.02915191650390625,0.01567673683166504,0.0005204677581787109,-0.009624719619750977,0.0065724849700927734,0.036782264709472656
1816,1744655017.5213134,1744655017.5248783,1744655017.525285,1744655017.551261,1744655017.552525,1744655017.555686,1744655017.561092,1744655017.5615227,0.006563425064086914,0.00044846534729003906,0.02007746696472168,0.027089357376098633,0.008566856384277344,0.00043082237243652344,-0.0058367252349853516,0.0031609535217285156,0.03289937973022461
1818,1744655017.5901053,1744655017.5975168,1744655017.5980134,1744655017.6066875,1744655017.6071389,1744655017.6140902,1744655017.6194494,1744655017.6199367,0.005259037017822266,0.00044798851013183594,0.004901885986328125,0.010608911514282227,0.012310504913330078,0.00048732757568359375,-0.005846500396728516,0.006951332092285156,0.017164945602416992
1819,1744655017.6539502,1744655017.6649523,1744655017.665522,1744655017.6691682,1744655017.6708786,1744655017.6747973,1744655017.6784878,1744655017.6790223,0.006002187728881836,0.000606536865234375,0.013114690780639648,0.01972341537475586,0.007609128952026367,0.0005345344543457031,-0.004225015640258789,0.003918647766113281,0.023038148880004883
1820,1744655017.7847667,1744655017.7919035,1744655017.7922082,1744655017.8078825,1744655017.8095646,1744655017.8130143,1744655017.8195615,1744655017.8198867,0.006890058517456055,0.00041222572326660156,0.02379775047302246,0.031100034713745117,0.009996891021728516,0.00032520294189453125,-0.006872415542602539,0.003449678421020508,0.03977608680725098
1822,1744655017.8439765,1744655017.8527303,1744655017.8531737,1744655017.8625164,1744655017.863143,1744655017.869299,1744655017.8747876,1744655017.8754528,0.007287740707397461,0.0005004405975341797,0.04124164581298828,0.04902982711791992,0.011644601821899414,0.0006651878356933594,-0.00615382194519043,0.006155967712402344,0.05672812461853027
1823,1744655017.8710396,1744655017.8798728,1744655017.8804438,1744655017.888413,1744655017.8894002,1744655017.8921206,1744655017.8960447,1744655017.8965251,0.00987100601196289,0.0006394386291503906,0.026144027709960938,0.03665447235107422,0.006644487380981445,0.00048041343688964844,-0.004404544830322266,0.002720355987548828,0.0464630126953125
1824,1744655017.9963214,1744655018.0076897,1744655018.008323,1744655018.0228987,1744655018.0251272,1744655018.0295427,1744655018.0382817,1744655018.0389264,0.012124300003051758,0.0004253387451171875,0.004786491394042969,0.017336130142211914,0.01315450668334961,0.000644683837890625,-0.009383678436279297,0.0044155120849609375,0.025300025939941406
1826,1744655018.0460346,1744655018.0508676,1744655018.051333,1744655018.0605843,1744655018.0620341,1744655018.0641594,1744655018.077302,1744655018.0777771,0.00474095344543457,0.00041365623474121094,0.03391098976135254,0.03906559944152832,0.01526784896850586,0.00047516822814941406,-0.013617753982543945,0.002125263214111328,0.04651761054992676
1827,1744655018.0895393,1744655018.0940378,1744655018.0945506,1744655018.0979686,1744655018.1040869,1744655018.111316,1744655018.1176317,1744655018.1181784,0.014879703521728516,0.0005006790161132812,0.021706819534301758,0.037087202072143555,0.013544797897338867,0.0005466938018798828,-0.0068624019622802734,0.0072290897369384766,0.04238104820251465
1828,1744655018.1706796,1744655018.1794975,1744655018.1799803,1744655018.1883738,1744655018.1905804,1744655018.1946871,1744655018.2013278,1744655018.2018235,0.010222434997558594,0.0004642009735107422,0.013799428939819336,0.024486064910888672,0.010747432708740234,0.0004956722259521484,-0.007136344909667969,0.004106760025024414,0.031469106674194336
1829,1744655018.212332,1744655018.2235146,1744655018.2238843,1744655018.241484,1744655018.2420225,1744655018.2491143,1744655018.2561705,1744655018.2567017,0.0052967071533203125,0.0006215572357177734,0.0055408477783203125,0.011459112167358398,0.01414799690246582,0.0005311965942382812,-0.007587432861328125,0.0070917606353759766,0.01705169677734375
1830,1744655018.235505,1744655018.2420685,1744655018.242517,1744655018.2625945,1744655018.2643592,1744655018.2684045,1744655018.2730613,1744655018.2734737,0.004938602447509766,0.0004355907440185547,0.007696390151977539,0.01307058334350586,0.00870203971862793,0.0004124641418457031,-0.005069255828857422,0.004045248031616211,0.020864009857177734
1832,1744655018.3185306,1744655018.3237896,1744655018.3242376,1744655018.3291395,1744655018.3304026,1744655018.3356955,1744655018.3402154,1744655018.3407924,0.008455276489257812,0.000507354736328125,0.009522676467895508,0.018485307693481445,0.00981283187866211,0.0005769729614257812,-0.005096912384033203,0.0052928924560546875,0.025141477584838867
1833,1744655018.3482785,1744655018.3542807,1744655018.3548872,1744655018.368002,1744655018.3686888,1744655018.3713167,1744655018.3888366,1744655018.3899682,0.01140141487121582,0.00040268898010253906,0.010775566101074219,0.022579669952392578,0.02014780044555664,0.0011315345764160156,-0.018651485443115234,0.002627849578857422,0.026576757431030273
1834,1744655018.3967206,1744655018.4036107,1744655018.404023,1744655018.4278207,1744655018.4290433,1744655018.4364967,1744655018.4528253,1744655018.453273,0.0075261592864990234,0.0004630088806152344,0.004498004913330078,0.012487173080444336,0.023782014846801758,0.0004477500915527344,-0.016776323318481445,0.007453441619873047,0.02306199073791504
1835,1744655018.416231,1744655018.4235187,1744655018.424019,1744655018.4652607,1744655018.466667,1744655018.472959,1744655018.4804852,1744655018.4809997,0.0046002864837646484,0.00047087669372558594,0.008433341979980469,0.013504505157470703,0.01381826400756836,0.0005145072937011719,-0.008040666580200195,0.006292104721069336,0.017479658126831055
1836,1744655018.4534295,1744655018.4633005,1744655018.46394,1744655018.490084,1744655018.4942014,1744655018.4998925,1744655018.5141337,1744655018.5146832,0.010323047637939453,0.0005483627319335938,0.009186983108520508,0.020058393478393555,0.019932270050048828,0.0005495548248291016,-0.014790773391723633,0.005691051483154297,0.026320219039916992
1839,1744655018.5041995,1744655018.5163238,1744655018.5167491,1744655018.5215356,1744655018.523302,1744655018.5294995,1744655018.5339773,1744655018.5344183,0.019145965576171875,0.0006415843963623047,0.016207456588745117,0.0359950065612793,0.010675191879272461,0.0004410743713378906,-0.004918813705444336,0.006197452545166016,0.04338860511779785
1840,1744655018.551223,1744655018.555964,1744655018.5563776,1744655018.5902886,1744655018.5916355,1744655018.5977407,1744655018.6028066,1744655018.6032326,0.012359380722045898,0.0003788471221923828,0.01924586296081543,0.03198409080505371,0.011171102523803711,0.0004260540008544922,-0.005491971969604492,0.006105184555053711,0.03810429573059082
1841,1744655018.5712225,1744655018.5861022,1744655018.586603,1744655018.6083097,1744655018.608758,1744655018.6136036,1744655018.617664,1744655018.6182551,0.013166427612304688,0.0005843639373779297,0.026933908462524414,0.04068470001220703,0.008906126022338867,0.0005910396575927734,-0.004651546478271484,0.004845619201660156,0.055286407470703125
1843,1744655018.6633112,1744655018.6735337,1744655018.6739979,1744655018.6877973,1744655018.6893907,1744655018.6947803,1744655018.701407,1744655018.7018883,0.01012110710144043,0.0004734992980957031,0.03728771209716797,0.0478823184967041,0.01201629638671875,0.0004813671112060547,-0.007107973098754883,0.005389690399169922,0.05623364448547363
1845,1744655018.733283,1744655018.7385798,1744655018.7392013,1744655018.7447422,1744655018.7474227,1744655018.7503347,1744655018.757061,1744655018.7576523,0.009325027465820312,0.0005421638488769531,0.011477470397949219,0.021344661712646484,0.009638309478759766,0.000591278076171875,-0.007317543029785156,0.0029120445251464844,0.023233652114868164
1846,1744655018.7876773,1744655018.792616,1744655018.7930515,1744655018.8007479,1744655018.8016934,1744655018.8085413,1744655018.817934,1744655018.8184092,0.005869865417480469,0.0005459785461425781,0.0034332275390625,0.009849071502685547,0.016240596771240234,0.00047516822814941406,-0.00986790657043457,0.006847858428955078,0.01869368553161621
1847,1744655018.8103447,1744655018.8188,1744655018.8193073,1744655018.82883,1744655018.8296185,1744655018.8354862,1744655018.8474896,1744655018.848093,0.011561393737792969,0.0004553794860839844,0.006224870681762695,0.01824164390563965,0.01787114143371582,0.0006034374237060547,-0.01260685920715332,0.005867719650268555,0.02544689178466797
1848,1744655018.8369117,1744655018.848313,1744655018.8487158,1744655018.8594913,1744655018.8608427,1744655018.8634884,1744655018.867727,1744655018.868102,0.012634038925170898,0.0006184577941894531,0.026400327682495117,0.03965282440185547,0.006884336471557617,0.0003750324249267578,-0.004613637924194336,0.002645730972290039,0.04559803009033203
1849,1744655018.8755224,1744655018.8830485,1744655018.8835115,1744655018.8880095,1744655018.8902762,1744655018.8985844,1744655018.9041533,1744655018.904585,0.023213863372802734,0.0005784034729003906,0.01600170135498047,0.039793968200683594,0.013877153396606445,0.0004315376281738281,-0.006000518798828125,0.008308172225952148,0.046967506408691406
1850,1744655018.9324405,1744655018.9370408,1744655018.9375117,1744655018.945945,1744655018.9486024,1744655018.9499202,1744655018.953574,1744655018.9540548,0.013030767440795898,0.0003712177276611328,0.03313255310058594,0.04653453826904297,0.004971504211425781,0.00048089027404785156,-0.004134654998779297,0.001317739486694336,0.05045795440673828
1851,1744655018.978194,1744655018.988517,1744655018.9890654,1744655018.9982524,1744655018.9998136,1744655019.0045142,1744655019.0149088,1744655019.0154536,0.01165008544921875,0.0004570484161376953,0.025684118270874023,0.03779125213623047,0.015095233917236328,0.0005447864532470703,-0.010939359664916992,0.004700660705566406,0.043114423751831055
1852,1744655019.047205,1744655019.066351,1744655019.0669925,1744655019.0832,1744655019.0840003,1744655019.0905936,1744655019.0947204,1744655019.095233,0.0060994625091552734,0.0004367828369140625,0.0049974918365478516,0.011533737182617188,0.010720014572143555,0.0005125999450683594,-0.004639387130737305,0.006593227386474609,0.018161296844482422
1853,1744655019.0670388,1744655019.0793982,1744655019.079777,1744655019.0990229,1744655019.1004736,1744655019.105143,1744655019.1162114,1744655019.1166205,0.00914454460144043,0.0004622936248779297,0.015830516815185547,0.025437355041503906,0.01573777198791504,0.00040912628173828125,-0.011477470397949219,0.0046694278717041016,0.027793169021606445
1855,1744655019.1234305,1744655019.136597,1744655019.1371813,1744655019.1641152,1744655019.1669414,1744655019.178717,1744655019.1923766,1744655019.192922,0.005783557891845703,0.0003933906555175781,0.0055348873138427734,0.011711835861206055,0.025435209274291992,0.000545501708984375,-0.014205217361450195,0.011775493621826172,0.016512155532836914
1856,1744655019.1507056,1744655019.1608267,1744655019.1613002,1744655019.198588,1744655019.1999102,1744655019.2069392,1744655019.2228477,1744655019.223277,0.008753538131713867,0.0004401206970214844,0.008452177047729492,0.017645835876464844,0.022937536239624023,0.00042939186096191406,-0.016337871551513672,0.007029056549072266,0.02428579330444336
1858,1744655019.2143319,1744655019.223657,1744655019.224199,1744655019.2356765,1744655019.2360938,1744655019.2375655,1744655019.2408557,1744655019.2413204,0.005516767501831055,0.0005211830139160156,0.004667997360229492,0.010705947875976562,0.004761934280395508,0.0004646778106689453,-0.003754854202270508,0.0014717578887939453,0.015489816665649414
1859,1744655019.293295,1744655019.2991648,1744655019.2997108,1744655019.303144,1744655019.3040826,1744655019.3119886,1744655019.3188393,1744655019.3193874,0.0034286975860595703,0.0004978179931640625,0.0037283897399902344,0.007654905319213867,0.01475667953491211,0.0005481243133544922,-0.007398843765258789,0.007905960083007812,0.011224031448364258
1860,1744655019.3182843,1744655019.3298457,1744655019.330301,1744655019.336526,1744655019.338177,1744655019.3437312,1744655019.3612874,1744655019.3619282,0.007870197296142578,0.0005919933319091797,0.009012699127197266,0.017474889755249023,0.023110389709472656,0.000640869140625,-0.018197059631347656,0.00555419921875,0.0216829776763916
1861,1744655019.3523269,1744655019.364961,1744655019.3655794,1744655019.3919797,1744655019.3931189,1744655019.397925,1744655019.4077642,1744655019.4083,0.003593921661376953,0.0005357265472412109,0.005682468414306641,0.009812116622924805,0.01464533805847168,0.0005357265472412109,-0.010375022888183594,0.004806041717529297,0.012883663177490234
1862,1744655019.379149,1744655019.4023628,1744655019.4029412,1744655019.418943,1744655019.420996,1744655019.4261165,1744655019.4392304,1744655019.4397893,0.009193897247314453,0.0004696846008300781,0.0046575069427490234,0.014321088790893555,0.0182344913482666,0.0005588531494140625,-0.013672828674316406,0.005120515823364258,0.01831841468811035
1863,1744655019.401156,1744655019.4141867,1744655019.414558,1744655019.4476905,1744655019.4490187,1744655019.451614,1744655019.4573245,1744655019.4577606,0.007652997970581055,0.0004918575286865234,0.009071826934814453,0.01721668243408203,0.008305788040161133,0.0004360675811767578,-0.006146669387817383,0.002595186233520508,0.023137331008911133
1864,1744655019.4284906,1744655019.4401407,1744655019.4405978,1744655019.466282,1744655019.4670796,1744655019.471605,1744655019.478498,1744655019.478945,0.0061299800872802734,0.0004878044128417969,0.00740814208984375,0.01402592658996582,0.011418342590332031,0.0004470348358154297,-0.007339954376220703,0.004525423049926758,0.020340919494628906
1866,1744655019.5379748,1744655019.5440743,1744655019.544511,1744655019.5495086,1744655019.5511422,1744655019.5561361,1744655019.5643213,1744655019.5647376,0.007481575012207031,0.0007824897766113281,0.0041735172271728516,0.012437582015991211,0.01317906379699707,0.0004162788391113281,-0.00860142707824707,0.004993915557861328,0.016909122467041016
1867,1744655019.5581532,1744655019.5672977,1744655019.56776,1744655019.5835905,1744655019.584122,1744655019.5859463,1744655019.5891008,1744655019.5896063,0.004314899444580078,0.0004889965057373047,0.01005864143371582,0.014862537384033203,0.00497889518737793,0.0005054473876953125,-0.003659963607788086,0.0018243789672851562,0.028098344802856445
1868,1744655019.617831,1744655019.6236145,1744655019.624008,1744655019.6295428,1744655019.6302547,1744655019.6343431,1744655019.6378078,1744655019.6381402,0.006167888641357422,0.0006823539733886719,0.012985467910766602,0.019835710525512695,0.0075531005859375,0.0003323554992675781,-0.0037970542907714844,0.004088401794433594,0.025410175323486328
1869,1744655019.6900706,1744655019.6988242,1744655019.6992643,1744655019.7077165,1744655019.7085102,1744655019.7143564,1744655019.7196097,1744655019.7200677,0.012452840805053711,0.00044083595275878906,0.017083168029785156,0.029976844787597656,0.011099576950073242,0.00045800209045410156,-0.00571131706237793,0.005846261978149414,0.03574967384338379
1870,1744655019.8969123,1744655019.902429,1744655019.9029503,1744655019.9076183,1744655019.908606,1744655019.9124022,1744655019.9151042,1744655019.9155412,0.005377292633056641,0.0005304813385009766,0.006905555725097656,0.012813329696655273,0.006498098373413086,0.00043702125549316406,-0.003139019012451172,0.003796100616455078,0.019281864166259766
1871,1744655019.9500299,1744655019.9534585,1744655019.9539564,1744655019.9576848,1744655019.959107,1744655019.961254,1744655019.964114,1744655019.964665,0.006963014602661133,0.0004894733428955078,0.03174924850463867,0.03920173645019531,0.005007028579711914,0.0005509853363037109,-0.0034110546112060547,0.0021469593048095703,0.04601144790649414
1872,1744655020.0196133,1744655020.0274835,1744655020.0280755,1744655020.0370882,1744655020.0384872,1744655020.0412962,1744655020.0439441,1744655020.044413,0.019877195358276367,0.0003218650817871094,0.020043134689331055,0.04024219512939453,0.0054569244384765625,0.00046896934509277344,-0.0031168460845947266,0.0028090476989746094,0.04758310317993164
1873,1744655020.0855234,1744655020.0891173,1744655020.089653,1744655020.0953355,1744655020.095668,1744655020.098407,1744655020.110328,1744655020.1110198,0.004987478256225586,0.00038361549377441406,0.01304483413696289,0.01841592788696289,0.014659881591796875,0.0006918907165527344,-0.01261281967163086,0.00273895263671875,0.0218656063079834
1874,1744655020.1021419,1744655020.1113358,1744655020.1118054,1744655020.116463,1744655020.116774,1744655020.1204603,1744655020.1237645,1744655020.124181,0.007237911224365234,0.0006034374237060547,0.01245737075805664,0.02029871940612793,0.0069904327392578125,0.0004165172576904297,-0.0037207603454589844,0.003686189651489258,0.02791118621826172
1875,1744655020.2494588,1744655020.2571118,1744655020.2576036,1744655020.2666755,1744655020.2673354,1744655020.2725961,1744655020.2756693,1744655020.2761567,0.010384798049926758,0.00054168701171875,0.006997585296630859,0.017924070358276367,0.008333921432495117,0.00048732757568359375,-0.0035605430603027344,0.0052607059478759766,0.02371358871459961
1876,1744655020.2802567,1744655020.2863867,1744655020.2868745,1744655020.2942827,1744655020.294769,1744655020.3005977,1744655020.3085146,1744655020.3090467,0.007245063781738281,0.0005211830139160156,0.010599613189697266,0.018365859985351562,0.013745546340942383,0.0005321502685546875,-0.008449077606201172,0.0058286190032958984,0.021463871002197266
1877,1744655020.3026884,1744655020.31017,1744655020.3109524,1744655020.315126,1744655020.316468,1744655020.3195975,1744655020.3250647,1744655020.325585,0.014189720153808594,0.0006034374237060547,0.005140781402587891,0.01993393898010254,0.008596658706665039,0.0005202293395996094,-0.005987405776977539,0.0031294822692871094,0.02814626693725586
1878,1744655020.4385781,1744655020.442893,1744655020.443382,1744655020.4534407,1744655020.4567342,1744655020.4666765,1744655020.4710615,1744655020.4715312,0.008248567581176758,0.0006117820739746094,0.01677703857421875,0.025637388229370117,0.014327287673950195,0.0004696846008300781,-0.004854679107666016,0.009942293167114258,0.02878880500793457
1879,1744655020.5043945,1744655020.5105624,1744655020.5112448,1744655020.5242302,1744655020.5247009,1744655020.5298047,1744655020.5409985,1744655020.541643,0.006782054901123047,0.0003826618194580078,0.0057964324951171875,0.012961149215698242,0.016297578811645508,0.0006444454193115234,-0.011838197708129883,0.0051038265228271484,0.01714158058166504
1880,1744655020.5319939,1744655020.5444467,1744655020.5448875,1744655020.5619707,1744655020.5628638,1744655020.5677435,1744655020.5737624,1744655020.574211,0.006266355514526367,0.0003764629364013672,0.02429366111755371,0.030936479568481445,0.010898590087890625,0.00044846534729003906,-0.006467342376708984,0.00487971305847168,0.04264378547668457
1881,1744655020.6387212,1744655020.6440985,1744655020.644629,1744655020.6515346,1744655020.6523786,1744655020.658003,1744655020.6689358,1744655020.6696684,0.006346225738525391,0.000492095947265625,0.010822534561157227,0.017660856246948242,0.01655721664428711,0.0007326602935791016,-0.01166534423828125,0.005624532699584961,0.027658939361572266
1882,1744655020.6838646,1744655020.6908276,1744655020.691317,1744655020.7230663,1744655020.724986,1744655020.729876,1744655020.7359872,1744655020.7365136,0.00815892219543457,0.00048160552978515625,0.010368824005126953,0.01900935173034668,0.011001110076904297,0.00052642822265625,-0.0066375732421875,0.004889965057373047,0.02408766746520996
1883,1744655020.702119,1744655020.7219963,1744655020.7223182,1744655020.7423613,1744655020.7471838,1744655020.7497022,1744655020.7536116,1744655020.7540674,0.007611751556396484,0.0005576610565185547,0.010168790817260742,0.01833820343017578,0.006427764892578125,0.0004558563232421875,-0.004365205764770508,0.0025184154510498047,0.02241969108581543
1885,1744655020.7589974,1744655020.763985,1744655020.7643685,1744655020.7774134,1744655020.7784953,1744655020.780863,1744655020.784441,1744655020.7848625,0.010972023010253906,0.0004496574401855469,0.002141237258911133,0.013562917709350586,0.005945682525634766,0.0004215240478515625,-0.003999471664428711,0.002367734909057617,0.020421743392944336
1886,1744655020.851678,1744655020.8589158,1744655020.8595192,1744655020.8719766,1744655020.8742347,1744655020.879589,1744655020.8873308,1744655020.88791,0.008648157119750977,0.0003445148468017578,0.009898900985717773,0.018891572952270508,0.013096094131469727,0.0005791187286376953,-0.008320808410644531,0.005354404449462891,0.026612043380737305
1887,1744655020.9360878,1744655020.9464726,1744655020.9470143,1744655020.954012,1744655020.9545333,1744655020.9598014,1744655020.9666862,1744655020.967222,0.005335330963134766,0.0006077289581298828,0.008951425552368164,0.014894485473632812,0.012152910232543945,0.0005357265472412109,-0.007420539855957031,0.005268096923828125,0.02097034454345703
1888,1744655021.0861979,1744655021.093443,1744655021.093964,1744655021.1045637,1744655021.1058047,1744655021.1076617,1744655021.1142042,1744655021.11483,0.010616302490234375,0.0005028247833251953,0.007863998413085938,0.018983125686645508,0.008399486541748047,0.0006258487701416016,-0.007168292999267578,0.0018570423126220703,0.027820825576782227
1889,1744655021.1162634,1744655021.130453,1744655021.1310565,1744655021.1361973,1744655021.1403377,1744655021.1444097,1744655021.1482525,1744655021.1487496,0.009942770004272461,0.0004937648773193359,0.025500774383544922,0.03593730926513672,0.00791478157043457,0.0004971027374267578,-0.004339933395385742,0.004071950912475586,0.044426679611206055
1890,1744655021.2219803,1744655021.230229,1744655021.2308407,1744655021.2476177,1744655021.248059,1744655021.2507691,1744655021.2571187,1744655021.2575464,0.012276411056518555,0.0005514621734619141,0.006459474563598633,0.0192873477935791,0.009059667587280273,0.0004277229309082031,-0.006777286529541016,0.002710103988647461,0.024046897888183594
1892,1744655021.253085,1744655021.259867,1744655021.2602496,1744655021.266046,1744655021.266707,1744655021.2702265,1744655021.2828345,1744655021.2832687,0.006415128707885742,0.00040340423583984375,0.0184328556060791,0.025251388549804688,0.016127586364746094,0.0004341602325439453,-0.013042211532592773,0.0035195350646972656,0.03432345390319824
1893,1744655021.2890823,1744655021.2953486,1744655021.295725,1744655021.3200188,1744655021.321559,1744655021.331726,1744655021.3376977,1744655021.3381479,0.006632566452026367,0.0004398822784423828,0.0024116039276123047,0.009484052658081055,0.016138792037963867,0.00045013427734375,-0.006421804428100586,0.010167121887207031,0.0169370174407959
1895,1744655021.333902,1744655021.340248,1744655021.3407402,1744655021.3515627,1744655021.3548925,1744655021.3615608,1744655021.3651464,1744655021.3656209,0.005902767181396484,0.0003514289855957031,0.011130094528198242,0.01738429069519043,0.01025390625,0.0004744529724121094,-0.004060029983520508,0.0066683292388916016,0.020747661590576172
1896,1744655021.4170885,1744655021.4252474,1744655021.425729,1744655021.4360979,1744655021.436886,1744655021.4411762,1744655021.4441006,1744655021.4446142,0.005759477615356445,0.0004000663757324219,0.006122589111328125,0.012282133102416992,0.007214546203613281,0.0005135536193847656,-0.0034379959106445312,0.004290103912353516,0.017243623733520508
1897,1744655021.465517,1744655021.4731288,1744655021.4736865,1744655021.4838552,1744655021.4848573,1744655021.4879367,1744655021.4921834,1744655021.4927363,0.011261940002441406,0.0004258155822753906,0.005165576934814453,0.01685333251953125,0.0073261260986328125,0.0005528926849365234,-0.004799604415893555,0.0030794143676757812,0.01929783821105957
1898,1744655021.5144646,1744655021.5254366,1744655021.5258863,1744655021.5280275,1744655021.5292225,1744655021.5348864,1744655021.5437598,1744655021.5441582,0.006647348403930664,0.0004038810729980469,0.011133432388305664,0.018184661865234375,0.014537334442138672,0.00039839744567871094,-0.009271860122680664,0.005663871765136719,0.025115966796875
1899,1744655021.5381012,1744655021.5467494,1744655021.5470939,1744655021.5569928,1744655021.557664,1744655021.5647132,1744655021.5742068,1744655021.5745428,0.007555961608886719,0.0005252361297607422,0.014423131942749023,0.022504329681396484,0.016542911529541016,0.00033593177795410156,-0.009829521179199219,0.0070493221282958984,0.029841899871826172
1900,1744655021.5715108,1744655021.5768461,1744655021.5774539,1744655021.5864053,1744655021.5884902,1744655021.5924811,1744655021.5966177,1744655021.5972083,0.008809328079223633,0.0004439353942871094,0.01718425750732422,0.02643752098083496,0.008127450942993164,0.0005905628204345703,-0.00472712516784668,0.003990888595581055,0.03020310401916504
1901,1744655021.6806157,1744655021.691232,1744655021.6917348,1744655021.6995988,1744655021.7008247,1744655021.7084365,1744655021.715171,1744655021.7156174,0.004439115524291992,0.00047850608825683594,0.005285024642944336,0.010202646255493164,0.01434636116027832,0.000446319580078125,-0.007180929183959961,0.007611751556396484,0.021198272705078125
1902,1744655021.7161827,1744655021.7261255,1744655021.7266192,1744655021.75212,1744655021.7549064,1744655021.7606094,1744655021.7703054,1744655021.770755,0.0039060115814208984,0.0007050037384033203,0.005714893341064453,0.010325908660888672,0.015398979187011719,0.0004496574401855469,-0.01014566421508789,0.005702972412109375,0.01439666748046875
1904,1744655021.7632484,1744655021.7755249,1744655021.7760763,1744655021.7825358,1744655021.7831485,1744655021.7872953,1744655021.7897224,1744655021.7902226,0.011997461318969727,0.0005316734313964844,0.007570505142211914,0.020099639892578125,0.006573915481567383,0.0005002021789550781,-0.0029273033142089844,0.0041468143463134766,0.025877714157104492
1905,1744655021.8200762,1744655021.8264914,1744655021.8268948,1744655021.8453276,1744655021.846532,1744655021.8543997,1744655021.8599102,1744655021.8602889,0.008251667022705078,0.00038909912109375,0.005029916763305664,0.013670682907104492,0.013378143310546875,0.00037860870361328125,-0.005889177322387695,0.007867574691772461,0.019283771514892578
1907,1744655021.9287283,1744655021.935361,1744655021.9358008,1744655021.9382124,1744655021.9401083,1744655021.9456654,1744655021.9524062,1744655021.9528298,0.009198904037475586,0.0005044937133789062,0.0449826717376709,0.05468606948852539,0.012297868728637695,0.00042366981506347656,-0.007164478302001953,0.005557060241699219,0.06268715858459473
1908,1744655021.970399,1744655021.9763017,1744655021.976653,1744655021.9877832,1744655021.9886286,1744655021.9911466,1744655021.9956915,1744655021.9960332,0.01966714859008789,0.0005040168762207031,0.036179542541503906,0.0563507080078125,0.0070629119873046875,0.00034165382385253906,-0.004886627197265625,0.0025179386138916016,0.06421566009521484
1910,1744655022.007759,1744655022.0135186,1744655022.0139186,1744655022.0200412,1744655022.0216777,1744655022.0250027,1744655022.0294948,1744655022.0299091,0.004255533218383789,0.0005044937133789062,0.006931781768798828,0.011691808700561523,0.00781702995300293,0.0004143714904785156,-0.004906415939331055,0.0033249855041503906,0.01864171028137207
1911,1744655022.0538359,1744655022.0650978,1744655022.0655236,1744655022.0706892,1744655022.0710678,1744655022.0731337,1744655022.0784216,1744655022.0788965,0.007498502731323242,0.0005145072937011719,0.0062329769134521484,0.014245986938476562,0.007353782653808594,0.0004749298095703125,-0.005762815475463867,0.002065896987915039,0.016022443771362305
1912,1744655022.1158044,1744655022.1224518,1744655022.1228557,1744655022.133989,1744655022.135034,1744655022.1409204,1744655022.1455462,1744655022.1459782,0.005478858947753906,0.00046563148498535156,0.005117893218994141,0.011062383651733398,0.010512113571166992,0.00043201446533203125,-0.005057811737060547,0.0058863162994384766,0.015766143798828125
1913,1744655022.1851165,1744655022.1926725,1744655022.1931977,1744655022.2076209,1744655022.2087147,1744655022.2149584,1744655022.2207587,1744655022.2212849,0.006125926971435547,0.000545501708984375,0.009854555130004883,0.016525983810424805,0.012043952941894531,0.0005261898040771484,-0.006326436996459961,0.006243705749511719,0.020027637481689453
1914,1744655022.236837,1744655022.2456462,1744655022.2460902,1744655022.2632744,1744655022.2641985,1744655022.26704,1744655022.2732713,1744655022.2737327,0.007607936859130859,0.000522613525390625,0.006240129470825195,0.01437067985534668,0.00907278060913086,0.00046133995056152344,-0.006692647933959961,0.002841472625732422,0.02179121971130371
1915,1744655022.2827687,1744655022.2872078,1744655022.2876863,1744655022.2929714,1744655022.29467,1744655022.303967,1744655022.3080757,1744655022.3085504,0.008642196655273438,0.0004534721374511719,0.01052713394165039,0.019622802734375,0.013405561447143555,0.00047469139099121094,-0.0045833587646484375,0.009296894073486328,0.025934696197509766
1916,1744655022.3694122,1744655022.3733182,1744655022.3740232,1744655022.379738,1744655022.3813717,1744655022.3838089,1744655022.3927705,1744655022.3934345,0.005461454391479492,0.0007040500640869141,0.015642404556274414,0.02180790901184082,0.011398792266845703,0.0006639957427978516,-0.009625673294067383,0.002437114715576172,0.02684307098388672
1917,1744655022.4358456,1744655022.447843,1744655022.4483747,1744655022.4559453,1744655022.4574757,1744655022.4617233,1744655022.4656053,1744655022.4660885,0.014580249786376953,0.0004627704620361328,0.00533294677734375,0.020375967025756836,0.008129596710205078,0.0004832744598388672,-0.004365205764770508,0.0042476654052734375,0.028343677520751953
1918,1744655022.5199697,1744655022.5282214,1744655022.5286105,1744655022.5336404,1744655022.5342865,1744655022.5392535,1744655022.5489702,1744655022.549355,0.005800962448120117,0.0004749298095703125,0.004697561264038086,0.010973453521728516,0.014683723449707031,0.0003848075866699219,-0.010101556777954102,0.0049669742584228516,0.01594710350036621
1919,1744655022.6484342,1744655022.657633,1744655022.6581376,1744655022.7031202,1744655022.7045217,1744655022.7111213,1744655022.7219043,1744655022.7223592,0.0061130523681640625,0.0004525184631347656,0.002768993377685547,0.009334564208984375,0.01738262176513672,0.00045490264892578125,-0.011237859725952148,0.0065996646881103516,0.01697230339050293
1920,1744655022.6690238,1744655022.688691,1744655022.689195,1744655022.7253745,1744655022.7262948,1744655022.7332394,1744655022.7427666,1744655022.7432837,0.007376194000244141,0.0005147457122802734,0.009971380233764648,0.017862319946289062,0.01647186279296875,0.0005171298980712891,-0.010044336318969727,0.0069446563720703125,0.031441688537597656
1924,1744655022.784273,1744655022.7885284,1744655022.789033,1744655022.7959647,1744655022.7974346,1744655022.8029146,1744655022.8078506,1744655022.8083508,0.004791736602783203,0.0004341602325439453,0.020848512649536133,0.02607440948486328,0.010416030883789062,0.0005002021789550781,-0.0054361820220947266,0.005480051040649414,0.03173565864562988
1925,1744655022.8569994,1744655022.864498,1744655022.8650124,1744655022.8712454,1744655022.8719127,1744655022.8730218,1744655022.8787513,1744655022.8791583,0.007012844085693359,0.0005846023559570312,0.027835369110107422,0.03543281555175781,0.006838560104370117,0.0004069805145263672,-0.006136417388916016,0.0011091232299804688,0.04270648956298828
1926,1744655022.901631,1744655022.90711,1744655022.9075756,1744655022.9126935,1744655022.9147081,1744655022.9173973,1744655022.9211547,1744655022.921688,0.009161710739135742,0.00038933753967285156,0.02085423469543457,0.030405282974243164,0.0064465999603271484,0.0005333423614501953,-0.00429081916809082,0.0026891231536865234,0.034430503845214844
1927,1744655022.9509616,1744655022.9570875,1744655022.957633,1744655022.9674876,1744655022.9680836,1744655022.9709892,1744655022.9770494,1744655022.977504,0.007181882858276367,0.0003826618194580078,0.002839326858520508,0.010403871536254883,0.008965730667114258,0.0004546642303466797,-0.006514787673950195,0.002905607223510742,0.017301082611083984
1928,1744655022.9963162,1744655023.0039241,1744655023.0044467,1744655023.0106869,1744655023.0131948,1744655023.0181074,1744655023.028676,1744655023.0291917,0.008686542510986328,0.0005626678466796875,0.004759311676025391,0.014008522033691406,0.015481233596801758,0.0005156993865966797,-0.011084318161010742,0.004912614822387695,0.019156694412231445
1929,1744655023.0476897,1744655023.0563319,1744655023.0567853,1744655023.0673125,1744655023.0678947,1744655023.0736244,1744655023.077358,1744655023.077725,0.007589578628540039,0.00039458274841308594,0.009034156799316406,0.01701831817626953,0.009463310241699219,0.0003669261932373047,-0.0041005611419677734,0.00572967529296875,0.022147655487060547
1930,1744655023.264867,1744655023.2703285,1744655023.2710326,1744655023.286675,1744655023.2872255,1744655023.2917101,1744655023.2983634,1744655023.298872,0.0035490989685058594,0.0005712509155273438,0.014287233352661133,0.018407583236694336,0.011137962341308594,0.0005085468292236328,-0.007161855697631836,0.004484653472900391,0.025861740112304688
1932,1744655023.3204498,1744655023.33503,1744655023.3354928,1744655023.3408258,1744655023.3427324,1744655023.3487935,1744655023.3535745,1744655023.354048,0.01281595230102539,0.0004742145538330078,0.022907018661499023,0.03619718551635742,0.010842084884643555,0.0004734992980957031,-0.005254507064819336,0.006061077117919922,0.045816659927368164
1933,1744655023.3658156,1744655023.3716166,1744655023.3720915,1744655023.376789,1744655023.3781419,1744655023.3817627,1744655023.3849134,1744655023.3853898,0.22969794273376465,0.0004112720489501953,0.07221293449401855,0.3023221492767334,0.006771564483642578,0.0004763603210449219,-0.0036270618438720703,0.0036208629608154297,0.3065774440765381
1934,1744655023.3849595,1744655023.3910725,1744655023.391525,1744655023.394294,1744655023.3962636,1744655023.4019318,1744655023.4059927,1744655023.4064553,0.005555629730224609,0.0004608631134033203,0.006258726119995117,0.012275218963623047,0.009729146957397461,0.00046253204345703125,-0.004523515701293945,0.005668163299560547,0.015108108520507812
1935,1744655023.4286556,1744655023.4360318,1744655023.4365466,1744655023.446518,1744655023.4534461,1744655023.4600973,1744655023.4657888,1744655023.46623,0.0033178329467773438,0.0005390644073486328,0.004305362701416016,0.008162260055541992,0.012342691421508789,0.0004410743713378906,-0.006132602691650391,0.006651163101196289,0.015474557876586914
1936,1744655023.5664802,1744655023.571272,1744655023.571706,1744655023.5925546,1744655023.5933843,1744655023.5982158,1744655023.6101267,1744655023.610666,0.004808187484741211,0.0005116462707519531,0.006034374237060547,0.011354207992553711,0.016742467880249023,0.0005393028259277344,-0.012450218200683594,0.004831552505493164,0.017833948135375977
1937,1744655023.5820575,1744655023.5890703,1744655023.589655,1744655023.6174903,1744655023.6186168,1744655023.624764,1744655023.6305094,1744655023.6311047,0.007770538330078125,0.00048279762268066406,0.005305767059326172,0.013559103012084961,0.011892557144165039,0.0005953311920166016,-0.006340742111206055,0.006147146224975586,0.029582500457763672
1938,1744655023.6018155,1744655023.6109772,1744655023.6113665,1744655023.6322207,1744655023.6326406,1744655023.636246,1744655023.6394773,1744655023.6398444,0.005319833755493164,0.000461578369140625,0.009008169174194336,0.014789581298828125,0.006836652755737305,0.00036716461181640625,-0.003598451614379883,0.003605365753173828,0.021738052368164062
1940,1744655023.67007,1744655023.6772518,1744655023.6776345,1744655023.6804738,1744655023.681716,1744655023.687371,1744655023.6977713,1744655023.6981475,0.011988639831542969,0.000457763671875,0.016142606735229492,0.02858901023864746,0.01605534553527832,0.0003762245178222656,-0.010776519775390625,0.005655050277709961,0.03231930732727051
1941,1744655023.6897218,1744655023.6984084,1744655023.698971,1744655023.7037303,1744655023.7043564,1744655023.7088785,1744655023.7145402,1744655023.7151477,0.009278297424316406,0.00039696693420410156,0.024150371551513672,0.03382563591003418,0.01018381118774414,0.0006074905395507812,-0.006269216537475586,0.004522085189819336,0.04087972640991211
1942,1744655023.8412545,1744655023.848844,1744655023.8492386,1744655023.8582728,1744655023.8599594,1744655023.8634021,1744655023.8686485,1744655023.8690012,0.007722377777099609,0.0007874965667724609,0.0243685245513916,0.03287839889526367,0.008689165115356445,0.00035262107849121094,-0.005599021911621094,0.0034427642822265625,0.03826642036437988
1943,1744655023.935926,1744655023.939475,1744655023.9400463,1744655023.9543335,1744655023.9562674,1744655023.9617877,1744655023.9671242,1744655023.967572,0.010036706924438477,0.0005590915679931641,0.022348642349243164,0.032944440841674805,0.010856866836547852,0.0004477500915527344,-0.005784273147583008,0.005520343780517578,0.040457725524902344
1944,1744655024.006294,1744655024.01911,1744655024.0195842,1744655024.0424912,1744655024.0433307,1744655024.0521107,1744655024.0582836,1744655024.0587847,0.0049097537994384766,0.000423431396484375,0.028200149536132812,0.033533334732055664,0.014952898025512695,0.0005011558532714844,-0.006674051284790039,0.00878000259399414,0.03920888900756836
1945,1744655024.05749,1744655024.287188,1744655024.2875993,1744655024.3598123,1744655024.360466,1744655024.3640676,1744655024.3698156,1744655024.3702786,0.006204128265380859,0.0004105567932128906,0.010712385177612305,0.017327070236206055,0.009349584579467773,0.0004630088806152344,-0.006211042404174805,0.003601551055908203,0.023364782333374023
1946,1744655024.4377131,1744655024.4432688,1744655024.4437296,1744655024.4499884,1744655024.4506793,1744655024.4528213,1744655024.4565043,1744655024.456949,0.006155967712402344,0.0004787445068359375,0.03802156448364258,0.04465627670288086,0.005825042724609375,0.00044465065002441406,-0.0041277408599853516,0.0021419525146484375,0.057451725006103516
1947,1744655024.486831,1744655024.4901488,1744655024.4906878,1744655024.4949932,1744655024.4955158,1744655024.5023055,1744655024.5083632,1744655024.5089993,0.008402109146118164,0.0004382133483886719,0.03842639923095703,0.04726672172546387,0.012847423553466797,0.0006361007690429688,-0.006693840026855469,0.006789684295654297,0.05406594276428223
1948,1744655024.5526497,1744655024.557458,1744655024.5579696,1744655024.564004,1744655024.5669494,1744655024.5704837,1744655024.5741067,1744655024.5746222,0.01864767074584961,0.0006020069122314453,0.022140026092529297,0.04138970375061035,0.007157325744628906,0.0005154609680175781,-0.004138469696044922,0.0035343170166015625,0.05451560020446777
1949,1744655024.5826154,1744655024.590386,1744655024.5908687,1744655024.5961745,1744655024.5979257,1744655024.6121979,1744655024.625073,1744655024.6255538,0.016802549362182617,0.0004038810729980469,0.042896270751953125,0.06010270118713379,0.027147293090820312,0.00048089027404785156,-0.01335597038269043,0.014272212982177734,0.07184147834777832
1950,1744655024.6277192,1744655024.633039,1744655024.6335006,1744655024.6425087,1744655024.6431801,1744655024.6494572,1744655024.6557856,1744655024.656237,0.009961128234863281,0.00040531158447265625,0.018851757049560547,0.029218196868896484,0.012605428695678711,0.0004513263702392578,-0.006779670715332031,0.0062770843505859375,0.03833651542663574
1951,1744655024.682176,1744655024.6941648,1744655024.6946225,1744655024.7107651,1744655024.7122092,1744655024.7144954,1744655024.7324593,1744655024.7328916,0.010187864303588867,0.0005400180816650391,0.012596607208251953,0.02332448959350586,0.02025008201599121,0.0004322528839111328,-0.01839613914489746,0.002286195755004883,0.033509016036987305
1952,1744655024.7420194,1744655024.7512977,1744655024.7516947,1744655024.775845,1744655024.777167,1744655024.7828991,1744655024.7923362,1744655024.7927587,0.013306856155395508,0.0004928112030029297,0.012817621231079102,0.02661728858947754,0.015169143676757812,0.00042247772216796875,-0.009859561920166016,0.005732059478759766,0.036756038665771484
1953,1744655024.7654123,1744655024.7731347,1744655024.7739222,1744655024.7982907,1744655024.799121,1744655024.8036788,1744655024.8074589,1744655024.8079689,0.005089998245239258,0.0006268024444580078,0.007584095001220703,0.013300895690917969,0.008337974548339844,0.0005099773406982422,-0.004290103912353516,0.00455784797668457,0.018702268600463867
1955,1744655024.8204792,1744655024.8305159,1744655024.831075,1744655024.8534236,1744655024.8548298,1744655024.8609369,1744655024.8658419,1744655024.8663528,0.006682634353637695,0.0006978511810302734,0.0060710906982421875,0.013451576232910156,0.011012077331542969,0.0005109310150146484,-0.005415916442871094,0.0061070919036865234,0.018270015716552734
1957,1744655025.0322392,1744655025.037149,1744655025.0375724,1744655025.0657725,1744655025.066801,1744655025.071448,1744655025.0761764,1744655025.07671,0.010487079620361328,0.0005886554718017578,0.006497621536254883,0.01757335662841797,0.009375333786010742,0.0005335807800292969,-0.005261898040771484,0.004647016525268555,0.02329730987548828
1960,1744655025.098543,1744655025.104747,1744655025.1051576,1744655025.11587,1744655025.1172674,1744655025.1219077,1744655025.137104,1744655025.1375284,0.009565114974975586,0.0005965232849121094,0.031450510025024414,0.04161214828491211,0.0198366641998291,0.00042438507080078125,-0.015620708465576172,0.004640340805053711,0.046683549880981445
1962,1744655025.1413996,1744655025.1475556,1744655025.1480343,1744655025.186056,1744655025.1869695,1744655025.1988513,1744655025.2050111,1744655025.205488,0.013710260391235352,0.0006873607635498047,0.00451350212097168,0.018911123275756836,0.018041610717773438,0.000476837158203125,-0.006636619567871094,0.011881828308105469,0.028601646423339844
1963,1744655025.177207,1744655025.185609,1744655025.1860473,1744655025.2244737,1744655025.2261672,1744655025.231273,1744655025.2408578,1744655025.2412608,0.013397693634033203,0.00045680999755859375,0.02071976661682129,0.034574270248413086,0.014690637588500977,0.0004029273986816406,-0.009987831115722656,0.005105733871459961,0.03939509391784668
1966,1744655025.2426043,1744655025.261252,1744655025.261854,1744655025.283994,1744655025.286336,1744655025.2971199,1744655025.3040845,1744655025.3047755,0.012370586395263672,0.0006101131439208984,0.006422758102416992,0.019403457641601562,0.017748594284057617,0.0006909370422363281,-0.007655620574951172,0.010783910751342773,0.03009939193725586
1968,1744655025.3278205,1744655025.344623,1744655025.345027,1744655025.3879232,1744655025.3892183,1744655025.399662,1744655025.40932,1744655025.4096982,0.011936664581298828,0.0003657341003417969,0.005901813507080078,0.018204212188720703,0.02010178565979004,0.0003781318664550781,-0.010036230087280273,0.010443687438964844,0.022104978561401367
1971,1744655025.4039304,1744655025.4138916,1744655025.4142969,1744655025.4331486,1744655025.4355042,1744655025.442267,1744655025.448886,1744655025.4493222,0.005390167236328125,0.0005779266357421875,0.011614322662353516,0.017582416534423828,0.013381719589233398,0.0004363059997558594,-0.0070552825927734375,0.00676274299621582,0.021725893020629883
1972,1744655025.459055,1744655025.4692428,1744655025.4697828,1744655025.4823794,1744655025.4845674,1744655025.492564,1744655025.4992096,1744655025.4997537,0.00943756103515625,0.0005300045013427734,0.007834911346435547,0.01780247688293457,0.01464223861694336,0.0005440711975097656,-0.007189750671386719,0.007996559143066406,0.023307323455810547
1973,1744655025.6153383,1744655025.6286452,1744655025.629138,1744655025.6419556,1744655025.6437805,1744655025.6520944,1744655025.655873,1744655025.6562786,0.007810115814208984,0.0005414485931396484,0.010203361511230469,0.0185549259185791,0.01209259033203125,0.0004055500030517578,-0.004184246063232422,0.008313894271850586,0.029266357421875
1974,1744655025.8939905,1744655025.8990805,1744655025.8997073,1744655025.9072914,1744655025.908508,1744655025.9126928,1744655025.9212093,1744655025.9219136,0.007493495941162109,0.00038504600524902344,0.006812095642089844,0.014690637588500977,0.012701272964477539,0.0007042884826660156,-0.00922083854675293,0.004184722900390625,0.020696640014648438
1975,1744655025.9609094,1744655025.967592,1744655025.9682899,1744655025.974361,1744655025.9752836,1744655025.9791794,1744655025.9924004,1744655025.9929285,0.006062984466552734,0.0005793571472167969,0.0070078372955322266,0.013650178909301758,0.017116785049438477,0.0005280971527099609,-0.013749122619628906,0.0038957595825195312,0.019033193588256836
1976,1744655025.9906716,1744655026.0011587,1744655026.0017474,1744655026.008245,1744655026.008654,1744655026.013969,1744655026.017042,1744655026.0176172,0.010997533798217773,0.0004286766052246094,0.0066640377044677734,0.018090248107910156,0.00838780403137207,0.0005753040313720703,-0.0036482810974121094,0.005314826965332031,0.027082443237304688
1977,1744655026.052093,1744655026.0616581,1744655026.0622547,1744655026.0937052,1744655026.095207,1744655026.0987766,1744655026.1034663,1744655026.1039538,0.005035877227783203,0.0004420280456542969,0.012690544128417969,0.01816844940185547,0.008259296417236328,0.0004875659942626953,-0.00517725944519043,0.0035696029663085938,0.023579835891723633
1980,1744655026.1545906,1744655026.1683009,1744655026.1689882,1744655026.1735017,1744655026.1752238,1744655026.1831923,1744655026.1905298,1744655026.1912405,0.015430450439453125,0.0005483627319335938,0.006919145584106445,0.022897958755493164,0.01530599594116211,0.0007107257843017578,-0.008048295974731445,0.007968425750732422,0.028674840927124023
1981,1744655026.2921388,1744655026.3055365,1744655026.3059933,1744655026.326713,1744655026.3280232,1744655026.331534,1744655026.3386729,1744655026.3393002,0.008831977844238281,0.0006575584411621094,0.006163597106933594,0.015653133392333984,0.010649681091308594,0.0006272792816162109,-0.007766246795654297,0.003510713577270508,0.02066969871520996
1983,1744655026.3932612,1744655026.4056318,1744655026.406242,1744655026.4126647,1744655026.4161603,1744655026.4233606,1744655026.4349587,1744655026.435384,0.00620722770690918,0.0005202293395996094,0.00975179672241211,0.0164792537689209,0.018798351287841797,0.0004253387451171875,-0.012023448944091797,0.0072002410888671875,0.02468395233154297
1984,1744655026.4251676,1744655026.4371042,1744655026.43747,1744655026.4433718,1744655026.4443672,1744655026.4472725,1744655026.4543886,1744655026.4547873,0.0062716007232666016,0.00040531158447265625,0.03494572639465332,0.04162263870239258,0.010021448135375977,0.0003986358642578125,-0.0075147151947021484,0.0029053688049316406,0.04949450492858887
1985,1744655026.4496148,1744655026.455005,1744655026.4555829,1744655026.4671972,1744655026.4682317,1744655026.4713407,1744655026.4754186,1744655026.4759834,0.008423566818237305,0.0005135536193847656,0.0034439563751220703,0.01238107681274414,0.0071868896484375,0.0005648136138916016,-0.0046427249908447266,0.003108978271484375,0.015203475952148438
1986,1744655026.4783168,1744655026.4877543,1744655026.4882843,1744655026.4961193,1744655026.497689,1744655026.501624,1744655026.5053163,1744655026.5057945,0.0070667266845703125,0.0006928443908691406,0.03132200241088867,0.039081573486328125,0.007627248764038086,0.0004782676696777344,-0.004170417785644531,0.003935098648071289,0.049576520919799805
1987,1744655026.5694299,1744655026.57724,1744655026.5777814,1744655026.5879848,1744655026.5912325,1744655026.5986962,1744655026.606784,1744655026.6072652,0.012327194213867188,0.0004987716674804688,0.00970315933227539,0.022529125213623047,0.015551567077636719,0.0004811286926269531,-0.008569002151489258,0.007463693618774414,0.02681112289428711
1988,1744655026.6472788,1744655026.6547723,1744655026.6551573,1744655026.6619694,1744655026.6628158,1744655026.6679754,1744655026.6740546,1744655026.6745687,0.008391380310058594,0.00032973289489746094,0.004083395004272461,0.012804508209228516,0.011238813400268555,0.0005140304565429688,-0.006593227386474609,0.005159616470336914,0.023799419403076172
1989,1744655026.7063525,1744655026.7124155,1744655026.7129948,1744655026.7200027,1744655026.7215948,1744655026.7253857,1744655026.7297149,1744655026.7301817,,,,,0.008120059967041016,0.0004668235778808594,-0.004796028137207031,0.0037908554077148438,
1990,1744655026.754587,1744655026.7655845,1744655026.7660131,1744655026.7726772,1744655026.7752724,1744655026.7816694,1744655026.7877681,1744655026.7882056,,,,,0.012495756149291992,0.0004374980926513672,-0.006536245346069336,0.0063970088958740234,
1991,1744655026.8054302,1744655026.810466,1744655026.810908,1744655026.8235986,1744655026.8247302,1744655026.82901,1744655026.8416471,1744655026.842081,,,,,0.016916990280151367,0.00043392181396484375,-0.013071060180664062,0.0042798519134521484,
1992,1744655026.862236,1744655026.8776665,1744655026.8782148,1744655026.885134,1744655026.8868535,1744655026.8909109,1744655026.8960464,1744655026.8966165,,,,,0.009192943572998047,0.0005700588226318359,-0.005705595016479492,0.004057407379150391,
1994,1744655026.9492576,1744655026.9580896,1744655026.9587471,1744655026.9649107,1744655026.9665368,1744655026.9699273,1744655026.9747806,1744655026.9752536,,,,,0.008243799209594727,0.0004730224609375,-0.005326271057128906,0.0033905506134033203,
1995,1744655027.0056036,1744655027.0118108,1744655027.012331,1744655027.0220828,1744655027.0237591,1744655027.0302875,1744655027.0359209,1744655027.036426,,,,,0.012161731719970703,0.0005052089691162109,-0.00613856315612793,0.006528377532958984,
1996,1744655027.1098745,1744655027.116146,1744655027.1165514,1744655027.1514971,1744655027.1523154,1744655027.159369,1744655027.1708593,1744655027.171235,,,,,0.01854395866394043,0.0003757476806640625,-0.011866092681884766,0.0070536136627197266,
1999,1744655027.1652946,1744655027.1737182,1744655027.1742318,1744655027.1776757,1744655027.1782339,1744655027.1804981,1744655027.1919537,1744655027.1925747,,,,,0.013719797134399414,0.0006210803985595703,-0.012076616287231445,0.002264261245727539,
2000,1744655027.186432,1744655027.1934986,1744655027.1941915,1744655027.2255135,1744655027.2281141,1744655027.2360084,1744655027.241247,1744655027.2417336,,,,,0.013132810592651367,0.00048661231994628906,-0.00572514533996582,0.007894277572631836,
2001,1744655027.249905,1744655027.2622323,1744655027.262731,1744655027.2724342,1744655027.273632,1744655027.2767162,1744655027.281873,1744655027.2825644,,,,,0.008240938186645508,0.0006914138793945312,-0.0058481693267822266,0.0030841827392578125,
2002,1744655027.3789666,1744655027.387358,1744655027.3876877,1744655027.391771,1744655027.3953502,1744655027.402766,1744655027.4087963,1744655027.4091692,,,,,0.01344609260559082,0.00037288665771484375,-0.006403207778930664,0.007415771484375,
