request_id, before_calling_prefix_match_timestamp, received_by_prefix_match_timestamp, completed_prefix_match_timestamp, after_calling_prefix_match_timestamp, before_calling_insert_timestamp, after_calling_insert_timestamp, received_by_insert_timestamp, completed_insert_timestamp, prefix_match_client_to_server_duration, prefix_match_processing_duration, prefix_match_server_to_client_duration, prefix_match_total_duration, insert_client_to_server_duration, insert_processing_duration, insert_server_to_client_duration, insert_total_duration , total_request_time_duration
         1,                    1744653098.6505575,                 1744653098.6610954,               1744653098.661182 ,                   1744653098.662024 ,              1744653098.6621048,             1744653098.6625044,           1744653098.664484 ,         1744653098.6645775,                  0.010537862777709961 , 8.654594421386719e-05           ,                  0.0008420944213867188,       0.011466503143310547 ,            0.002379179000854492 , 9.34600830078125e-05      , -0.002073049545288086           , 0.00039958953857421875,       0.011946916580200195
         2,                    1744653102.9508176,                 1744653102.953231 ,               1744653102.9536443,                   1744653102.9551826,              1744653102.9556277,             1744653102.9573648,           1744653102.9613917,         1744653102.961769 ,                  0.002413511276245117 , 0.0004131793975830078           ,                  0.0015382766723632812,       0.004364967346191406 ,            0.005764007568359375 , 0.00037741661071777344    , -0.004404306411743164           , 0.0017371177673339844 ,       0.006547212600708008
         3,                    1744653102.960514 ,                 1744653102.964423 ,               1744653102.9647112,                   1744653102.9716163,              1744653102.9719748,             1744653102.9722574,           1744653103.1573222,         1744653103.1574404,                  0.003908872604370117 , 0.00028824806213378906          ,                  0.006905078887939453 ,       0.01110219955444336  ,            0.185347318649292    , 0.000118255615234375      , -0.18518304824829102            , 0.00028252601623535156,       0.011743307113647461
         4,                    1744653102.9678593,                 1744653102.9737554,               1744653102.9738293,                   1744653103.1637096,              1744653103.1653533,             1744653103.1703346,           1744653103.1853845,         1744653103.1855109,                  0.005896091461181641 , 7.390975952148438e-05           ,                  0.18988037109375     ,       0.19585037231445312  ,            0.020031213760375977 , 0.00012636184692382812    , -0.01517629623413086            , 0.004981279373168945  ,       0.20247530937194824
         5,                    1744653102.9732208,                 1744653103.1600325,               1744653103.1601343,                   1744653103.1888556,              1744653103.190345 ,             1744653103.191356 ,           1744653103.1962082,         1744653103.1963127,                  0.1868116855621338   , 0.00010180473327636719          ,                  0.028721332550048828 ,       0.21563482284545898  ,            0.005863189697265625 , 0.00010442733764648438    , -0.004956722259521484           , 0.001010894775390625  ,       0.21813511848449707
         6,                    1744653103.1762042,                 1744653103.1873052,               1744653103.1873808,                   1744653103.2006288,              1744653103.2011645,             1744653103.2050498,           1744653103.2089715,         1744653103.209071 ,                  0.011101007461547852 , 7.557868957519531e-05           ,                  0.013247966766357422 ,       0.02442455291748047  ,            0.007807016372680664 , 9.942054748535156e-05     , -0.004021167755126953           , 0.0038852691650390625 ,       0.028845548629760742
         8,                    1744653103.2476823,                 1744653103.2572222,               1744653103.2573872,                   1744653103.2940698,              1744653103.294126 ,             1744653103.2943182,           1744653103.318337 ,         1744653103.3187404,                  0.00953984260559082  , 0.00016498565673828125          ,                  0.0366826057434082   ,       0.046387434005737305 ,            0.02421092987060547  , 0.00040340423583984375    , -0.024422168731689453           , 0.00019216537475585938,       0.04663586616516113
         9,                    1744653103.258658 ,                 1744653103.2678518,               1744653103.2679489,                   1744653103.3023524,              1744653103.3024156,             1744653103.3027484,           1744653103.3110306,         1744653103.311149 ,                  0.009193897247314453 , 9.703636169433594e-05           ,                  0.03440356254577637  ,       0.043694496154785156 ,            0.00861501693725586  , 0.000118255615234375      , -0.008400440216064453           , 0.00033283233642578125,       0.04409050941467285
        10,                    1744653103.2630556,                 1744653103.2744033,               1744653103.2744644,                   1744653103.3057768,              1744653103.306074 ,             1744653103.306339 ,           1744653103.3133209,         1744653103.315036 ,                  0.011347770690917969 , 6.103515625e-05                 ,                  0.03131246566772461  ,       0.04272127151489258  ,            0.007246971130371094 , 0.0017151832580566406     , -0.008697032928466797           , 0.0002651214599609375 ,       0.04328346252441406
        11,                    1744653103.269582 ,                 1744653103.2917602,               1744653103.2919285,                   1744653103.3089795,              1744653103.3091297,             1744653103.3093483,           1744653103.3167715,         1744653103.316957 ,                  0.022178173065185547 , 0.00016832351684570312          ,                  0.017050981521606445 ,       0.039397478103637695 ,            0.007641792297363281 , 0.00018548965454101562    , -0.007608652114868164           , 0.0002186298370361328 ,       0.03976631164550781
        12,                    1744653103.276672 ,                 1744653103.3001206,               1744653103.3003008,                   1744653103.3137822,              1744653103.3141162,             1744653103.3144553,           1744653103.3348598,         1744653103.336033 ,                  0.023448705673217773 , 0.00018024444580078125          ,                  0.013481378555297852 ,       0.037110328674316406 ,            0.020743608474731445 , 0.001173257827758789      , -0.021577835083007812           , 0.0003390312194824219 ,       0.03778338432312012
        13,                    1744653103.2858596,                 1744653103.3011107,               1744653103.301977 ,                   1744653103.3154547,              1744653103.3155317,             1744653103.3158445,           1744653103.339915 ,         1744653103.3406317,                  0.01525115966796875  , 0.0008661746978759766           ,                  0.013477802276611328 ,       0.029595136642456055 ,            0.0243833065032959   , 0.0007166862487792969     , -0.024787187576293945           , 0.00031280517578125   ,       0.02998495101928711
        14,                    1744653103.2931197,                 1744653103.3040738,               1744653103.3046248,                   1744653103.3169467,              1744653103.3170042,             1744653103.3172143,           1744653103.3552787,         1744653103.3554761,                  0.010954141616821289 , 0.0005509853363037109           ,                  0.012321949005126953 ,       0.023827075958251953 ,            0.038274526596069336 , 0.00019741058349609375    , -0.03826189041137695            , 0.00021004676818847656,       0.024094581604003906
        15,                    1744653103.2938344,                 1744653103.3074834,               1744653103.3077033,                   1744653103.3205097,              1744653103.320645 ,             1744653103.32087  ,           1744653103.3586903,         1744653103.3604593,                  0.01364898681640625  , 0.00021982192993164062          ,                  0.012806415557861328 ,       0.02667522430419922  ,            0.03804516792297363  , 0.0017690658569335938     , -0.03958940505981445            , 0.00022482872009277344,       0.02703547477722168
        16,                    1744653103.2944057,                 1744653103.31062  ,               1744653103.3107336,                   1744653103.3225884,              1744653103.323502 ,             1744653103.3252823,           1744653103.3726988,         1744653103.3736415,                  0.016214370727539062 , 0.00011348724365234375          ,                  0.011854887008666992 ,       0.0281827449798584   ,            0.049196720123291016 , 0.0009427070617675781     , -0.04835915565490723            , 0.0017802715301513672 ,       0.030876636505126953
        17,                    1744653103.3028688,                 1744653103.3121312,               1744653103.3127942,                   1744653103.3273242,              1744653103.3275564,             1744653103.3295422,           1744653103.3642826,         1744653103.3648374,                  0.009262323379516602 , 0.0006630420684814453           ,                  0.014529943466186523 ,       0.02445530891418457  ,            0.03672623634338379  , 0.0005548000335693359     , -0.03529524803161621            , 0.001985788345336914  ,       0.026673316955566406
        18,                    1744653103.3064337,                 1744653103.3159487,               1744653103.3162613,                   1744653103.334893 ,              1744653103.3349662,             1744653103.3351858,           1744653103.341867 ,         1744653103.341966 ,                  0.009515047073364258 , 0.00031256675720214844          ,                  0.018631696701049805 ,       0.02845931053161621  ,            0.006900787353515625 , 9.894371032714844e-05     , -0.006780147552490234           , 0.00021958351135253906,       0.02875208854675293
        19,                    1744653103.3094404,                 1744653103.3177261,               1744653103.317991 ,                   1744653103.3382165,              1744653103.338298 ,             1744653103.3385274,           1744653103.3455076,         1744653103.3459053,                  0.008285760879516602 , 0.00026488304138183594          ,                  0.02022552490234375  ,       0.028776168823242188 ,            0.0072095394134521484, 0.00039768218994140625    , -0.0073778629302978516          , 0.00022935867309570312,       0.029087066650390625
        20,                    1744653103.314552 ,                 1744653103.3371828,               1744653103.3379114,                   1744653103.3464596,              1744653103.3465395,             1744653103.3468027,           1744653103.375667 ,         1744653103.3759735,                  0.022630691528320312 , 0.000728607177734375            ,                  0.008548259735107422 ,       0.03190755844116211  ,            0.02912759780883789  , 0.0003063678741455078     , -0.029170751571655273           , 0.000263214111328125  ,       0.03225064277648926
        21,                    1744653103.316013 ,                 1744653103.3385634,               1744653103.3394372,                   1744653103.3471735,              1744653103.3472366,             1744653103.347424 ,           1744653103.3894925,         1744653103.3904572,                  0.022550344467163086 , 0.0008738040924072266           ,                  0.0077362060546875   ,       0.031160354614257812 ,            0.04225587844848633  , 0.0009646415710449219     , -0.04303312301635742            , 0.00018739700317382812,       0.031410932540893555
        22,                    1744653103.3173058,                 1744653103.3413274,               1744653103.3415458,                   1744653103.3500936,              1744653103.351178 ,             1744653103.351595 ,           1744653103.392143 ,         1744653103.393191 ,                  0.024021625518798828 , 0.00021839141845703125          ,                  0.008547782897949219 ,       0.03278779983520508  ,            0.04096508026123047  , 0.0010480880737304688     , -0.041596174240112305           , 0.0004169940948486328 ,       0.03428912162780762
        23,                    1744653103.3211188,                 1744653103.3612058,               1744653103.3621588,                   1744653103.3659873,              1744653103.3660727,             1744653103.3666189,           1744653103.3978653,         1744653103.3988876,                  0.040086984634399414 , 0.0009529590606689453           ,                  0.0038285255432128906,       0.04486846923828125  ,            0.031792640686035156 , 0.0010223388671875        , -0.03226876258850098            , 0.0005462169647216797 ,       0.04550004005432129
        24,                    1744653103.3255699,                 1744653103.3633304,               1744653103.3638098,                   1744653103.3709443,              1744653103.3710177,             1744653103.3712206,           1744653103.4126034,         1744653103.4138331,                  0.03776049613952637  , 0.0004794597625732422           ,                  0.007134437561035156 ,       0.045374393463134766 ,            0.041585683822631836 , 0.0012297630310058594     , -0.042612552642822266           , 0.0002028942108154297 ,       0.04565072059631348
        25,                    1744653103.3303359,                 1744653103.3744392,               1744653103.3749294,                   1744653103.3864436,              1744653103.3865132,             1744653103.3867638,           1744653103.4058988,         1744653103.406533 ,                  0.044103384017944336 , 0.0004901885986328125           ,                  0.01151418685913086  ,       0.05610775947570801  ,            0.019385576248168945 , 0.0006341934204101562     , -0.01976919174194336            , 0.0002505779266357422 ,       0.056427955627441406
        26,                    1744653103.3352928,                 1744653103.37714  ,               1744653103.377561 ,                   1744653103.3848696,              1744653103.384931 ,             1744653103.385149 ,           1744653103.4143248,         1744653103.4146001,                  0.04184722900390625  , 0.0004210472106933594           ,                  0.007308483123779297 ,       0.049576759338378906 ,            0.029393672943115234 , 0.0002753734588623047     , -0.02945113182067871            , 0.00021791458129882812,       0.04985618591308594
        27,                    1744653103.3386688,                 1744653103.3461223,               1744653103.3462083,                   1744653103.358739 ,              1744653103.3588119,             1744653103.3591027,           1744653103.3659346,         1744653103.3663008,                  0.007453441619873047 , 8.606910705566406e-05           ,                  0.01253056526184082  ,       0.02007007598876953  ,            0.00712275505065918  , 0.0003662109375           , -0.0071980953216552734          , 0.00029087066650390625,       0.020433902740478516
        28,                    1744653103.3469005,                 1744653103.3762596,               1744653103.3767498,                   1744653103.3843944,              1744653103.384548 ,             1744653103.384766 ,           1744653103.4160113,         1744653103.4167116,                  0.029359102249145508 , 0.0004901885986328125           ,                  0.0076446533203125   ,       0.03749394416809082  ,            0.0314633846282959   , 0.0007002353668212891     , -0.03194546699523926            , 0.0002181529998779297 ,       0.037865638732910156
        29,                    1744653103.3475156,                 1744653103.3950129,               1744653103.395307 ,                   1744653103.399365 ,              1744653103.3999426,             1744653103.4006186,           1744653103.4075267,         1744653103.408138 ,                  0.04749727249145508  , 0.0002942085266113281           ,                  0.004057884216308594 ,       0.051849365234375    ,            0.007584095001220703 , 0.0006113052368164062     , -0.00751948356628418            , 0.0006759166717529297 ,       0.053102970123291016
        30,                    1744653103.3516922,                 1744653103.395949 ,               1744653103.3968654,                   1744653103.4031012,              1744653103.4031715,             1744653103.4033747,           1744653103.4168768,         1744653103.4169512,                  0.04425668716430664  , 0.0009164810180664062           ,                  0.006235837936401367 ,       0.051409006118774414 ,            0.013705253601074219 , 7.43865966796875e-05      , -0.013576507568359375           , 0.00020313262939453125,       0.051682472229003906
        31,                    1744653103.3591998,                 1744653103.3671644,               1744653103.3677802,                   1744653103.3732047,              1744653103.3733408,             1744653103.3735442,           1744653103.3791256,         1744653103.379412 ,                  0.007964611053466797 , 0.0006158351898193359           ,                  0.00542449951171875  ,       0.014004945755004883 ,            0.005784749984741211 , 0.00028634071350097656    , -0.005867719650268555           , 0.0002033710479736328 ,       0.014344453811645508
        32,                    1744653103.3667572,                 1744653103.4007702,               1744653103.401318 ,                   1744653103.4058368,              1744653103.405997 ,             1744653103.406478 ,           1744653103.4177306,         1744653103.4183524,                  0.03401303291320801  , 0.0005478858947753906           ,                  0.004518747329711914 ,       0.03907966613769531  ,            0.011733531951904297 , 0.000621795654296875      , -0.01187443733215332            , 0.00048089027404785156,       0.039720773696899414
        33,                    1744653103.3713133,                 1744653103.4026303,               1744653103.403468 ,                   1744653103.4077334,              1744653103.4078028,             1744653103.4084082,           1744653103.4196498,         1744653103.4200299,                  0.03131699562072754  , 0.0008375644683837891           ,                  0.004265546798706055 ,       0.03642010688781738  ,            0.01184701919555664  , 0.0003800392150878906     , -0.011621713638305664           , 0.0006053447723388672 ,       0.037094831466674805
        34,                    1744653103.3736405,                 1744653103.4043121,               1744653103.4048898,                   1744653103.4085305,              1744653103.408605 ,             1744653103.4089618,           1744653103.420563 ,         1744653103.4207263,                  0.03067159652709961  , 0.0005776882171630859           ,                  0.0036406517028808594,       0.034889936447143555 ,            0.011957883834838867 , 0.0001633167266845703     , -0.0117645263671875             , 0.0003566741943359375 ,       0.03532123565673828
        42,                    1744653104.0973756,                 1744653104.101296 ,               1744653104.1014276,                   1744653104.1022809,              1744653104.1023555,             1744653104.102746 ,           1744653104.1045165,         1744653104.1046042,                  0.003920316696166992 , 0.0001316070556640625           ,                  0.0008533000946044922,       0.004905223846435547 ,            0.0021610260009765625, 8.7738037109375e-05       , -0.0018582344055175781          , 0.0003905296325683594 ,       0.005370378494262695
        43,                    1744653104.5626836,                 1744653104.567557 ,               1744653104.567674 ,                   1744653104.570518 ,              1744653104.5724978,             1744653104.575092 ,           1744653104.5780656,         1744653104.57818  ,                  0.004873514175415039 , 0.00011682510375976562          ,                  0.002844095230102539 ,       0.007834434509277344 ,            0.005567789077758789 , 0.00011444091796875       , -0.0030879974365234375          , 0.0025942325592041016 ,       0.01240849494934082
        44,                    1744653104.7961912,                 1744653104.8059635,               1744653104.8060603,                   1744653104.8103771,              1744653104.8115942,             1744653104.8135593,           1744653104.8169272,         1744653104.8170218,                  0.009772300720214844 , 9.679794311523438e-05           ,                  0.004316806793212891 ,       0.014185905456542969 ,            0.00533294677734375  , 9.465217590332031e-05     , -0.003462553024291992           , 0.001965045928955078  ,       0.017368078231811523
        45,                    1744653104.8862708,                 1744653104.8926792,               1744653104.892792 ,                   1744653104.8998144,              1744653104.9033473,             1744653104.9098878,           1744653104.9127836,         1744653104.9128754,                  0.0064084529876708984, 0.00011277198791503906          ,                  0.007022380828857422 ,       0.01354360580444336  ,            0.009436368942260742 , 9.179115295410156e-05     , -0.0029876232147216797          , 0.006540536880493164  ,       0.023617029190063477
        46,                    1744653104.9633355,                 1744653104.9666243,               1744653104.9667766,                   1744653104.9694018,              1744653104.9695776,             1744653104.970572 ,           1744653104.9748917,         1744653104.9749918,                  0.003288745880126953 , 0.00015234947204589844          ,                  0.0026252269744873047,       0.006066322326660156 ,            0.0053141117095947266, 0.00010013580322265625    , -0.004419803619384766           , 0.0009944438934326172 ,       0.007236480712890625
        47,                    1744653105.0131366,                 1744653105.01824  ,               1744653105.0184119,                   1744653105.0202076,              1744653105.020379 ,             1744653105.0218472,           1744653105.0241492,         1744653105.0242987,                  0.005103349685668945 , 0.00017189979553222656          ,                  0.0017957687377929688,       0.007071018218994141 ,            0.003770112991333008 , 0.0001494884490966797     , -0.0024514198303222656          , 0.0014681816101074219 ,       0.008710622787475586
        48,                    1744653105.039455 ,                 1744653105.0469992,               1744653105.0471008,                   1744653105.0513349,              1744653105.0522885,             1744653105.0547965,           1744653105.0598307,         1744653105.0599198,                  0.007544279098510742 , 0.00010156631469726562          ,                  0.0042340755462646484,       0.011879920959472656 ,            0.007542133331298828 , 8.916854858398438e-05     , -0.0051233768463134766          , 0.002507925033569336  ,       0.015341520309448242
        49,                    1744653105.4090621,                 1744653105.4183288,               1744653105.4184425,                   1744653105.4262977,              1744653105.4276   ,             1744653105.4309957,           1744653105.4413862,         1744653105.4415052,                  0.00926661491394043  , 0.00011372566223144531          ,                  0.00785517692565918  ,       0.017235517501831055 ,            0.01378631591796875  , 0.00011897087097167969    , -0.010509490966796875           , 0.0033957958221435547 ,       0.021933555603027344
        50,                    1744653105.4322896,                 1744653105.4417896,               1744653105.4419708,                   1744653105.4632766,              1744653105.4646068,             1744653105.470485 ,           1744653105.4762168,         1744653105.4763157,                  0.00950002670288086  , 0.0001811981201171875           ,                  0.02130579948425293  ,       0.030987024307250977 ,            0.011610031127929688 , 9.894371032714844e-05     , -0.0058307647705078125          , 0.0058782100677490234 ,       0.03819537162780762
        51,                    1744653105.538717 ,                 1744653105.544199 ,               1744653105.5443168,                   1744653105.5528243,              1744653105.5548272,             1744653105.5572717,           1744653105.5595112,         1744653105.5596268,                  0.0054819583892822266, 0.00011777877807617188          ,                  0.008507490158081055 ,       0.014107227325439453 ,            0.004683971405029297 , 0.00011563301086425781    , -0.0023550987243652344          , 0.0024445056915283203 ,       0.0185546875
        52,                    1744653105.5710945,                 1744653105.5726984,               1744653105.572807 ,                   1744653105.573515 ,              1744653105.573595 ,             1744653105.573978 ,           1744653105.5758047,         1744653105.5758913,                  0.001603841781616211 , 0.0001087188720703125           ,                  0.0007078647613525391,       0.0024204254150390625,            0.0022096633911132812, 8.654594421386719e-05     , -0.001913309097290039           , 0.0003829002380371094 ,       0.002883434295654297
        53,                    1744653105.6762393,                 1744653105.6792238,               1744653105.6794481,                   1744653105.690035 ,              1744653105.6909134,             1744653105.6971042,           1744653105.705792 ,         1744653105.7059035,                  0.0029845237731933594, 0.0002243518829345703           ,                  0.010586977005004883 ,       0.013795852661132812 ,            0.014878511428833008 , 0.00011157989501953125    , -0.008799314498901367           , 0.006190776824951172  ,       0.02086496353149414
        55,                    1744653105.7337952,                 1744653105.7404988,               1744653105.7409856,                   1744653105.7476766,              1744653105.749385 ,             1744653105.753168 ,           1744653105.7570908,         1744653105.7575169,                  0.006703615188598633 , 0.0004868507385253906           ,                  0.00669097900390625  ,       0.013881444931030273 ,            0.0077056884765625   , 0.0004260540008544922     , -0.0043487548828125             , 0.003782987594604492  ,       0.019372940063476562
        56,                    1744653105.7780678,                 1744653105.7813613,               1744653105.7814703,                   1744653105.7841578,              1744653105.786176 ,             1744653105.7899764,           1744653105.7926953,         1744653105.7928765,                  0.0032935142517089844, 0.00010895729064941406          ,                  0.0026874542236328125,       0.006089925765991211 ,            0.006519317626953125 , 0.0001811981201171875     , -0.0029001235961914062          , 0.0038003921508789062 ,       0.011908531188964844
        57,                    1744653105.8128552,                 1744653105.8153925,               1744653105.8154817,                   1744653105.8162208,              1744653105.8162913,             1744653105.8166318,           1744653105.818327 ,         1744653105.8186774,                  0.002537250518798828 , 8.916854858398438e-05           ,                  0.0007390975952148438,       0.0033655166625976562,            0.0020356178283691406, 0.0003504753112792969     , -0.0020456314086914062          , 0.00034046173095703125,       0.00377655029296875
        58,                    1744653105.8739002,                 1744653105.876392 ,               1744653105.876517 ,                   1744653105.8772233,              1744653105.8775985,             1744653105.8815928,           1744653105.8857598,         1744653105.885847 ,                  0.0024917125701904297, 0.0001251697540283203           ,                  0.0007061958312988281,       0.003323078155517578 ,            0.008161306381225586 , 8.726119995117188e-05     , -0.004254341125488281           , 0.0039942264556884766 ,       0.007692575454711914
        59,                    1744653105.9672546,                 1744653105.9705536,               1744653105.970706 ,                   1744653105.9732397,              1744653105.9745183,             1744653105.976117 ,           1744653105.9798603,         1744653105.9799602,                  0.0032989978790283203, 0.00015234947204589844          ,                  0.0025336742401123047,       0.0059850215911865234,            0.005342006683349609 , 9.989738464355469e-05     , -0.0038433074951171875          , 0.0015985965728759766 ,       0.00886225700378418
        60,                    1744653105.9770834,                 1744653105.9822433,               1744653105.982357 ,                   1744653105.9939375,              1744653105.995557 ,             1744653105.997965 ,           1744653106.0102901,         1744653106.0104144,                  0.005159854888916016 , 0.00011372566223144531          ,                  0.011580467224121094 ,       0.016854047775268555 ,            0.014733076095581055 , 0.00012421607971191406    , -0.012449264526367188           , 0.0024080276489257812 ,       0.02088165283203125
        61,                    1744653106.0700595,                 1744653106.0730424,               1744653106.0731473,                   1744653106.0739176,              1744653106.0740154,             1744653106.074399 ,           1744653106.0762491,         1744653106.07633  ,                  0.0029828548431396484, 0.0001049041748046875           ,                  0.0007703304290771484,       0.0038580894470214844,            0.002233743667602539 , 8.082389831542969e-05     , -0.0019309520721435547          , 0.00038361549377441406,       0.004339456558227539
        62,                    1744653106.4211223,                 1744653106.4320133,               1744653106.4321744,                   1744653106.4355958,              1744653106.4362931,             1744653106.4434254,           1744653106.4515626,         1744653106.4516673,                  0.010890960693359375 , 0.00016117095947265625          ,                  0.003421306610107422 ,       0.014473438262939453 ,            0.01526951789855957  , 0.00010466575622558594    , -0.008241891860961914           , 0.007132291793823242  ,       0.022303104400634766
        63,                    1744653106.511181 ,                 1744653106.5191104,               1744653106.519214 ,                   1744653106.5271382,              1744653106.5279071,             1744653106.5322502,           1744653106.5461211,         1744653106.546238 ,                  0.007929325103759766 , 0.00010347366333007812          ,                  0.007924318313598633 ,       0.015957117080688477 ,            0.018213987350463867 , 0.00011682510375976562    , -0.01398777961730957            , 0.0043430328369140625 ,       0.021069049835205078
        64,                    1744653106.5399654,                 1744653106.5499585,               1744653106.5502338,                   1744653106.5705488,              1744653106.5771532,             1744653106.5833464,           1744653106.5955474,         1744653106.5957122,                  0.00999307632446289  , 0.0002753734588623047           ,                  0.020314931869506836 ,       0.03058338165283203  ,            0.01839423179626465  , 0.0001647472381591797     , -0.01236581802368164            , 0.0061931610107421875 ,       0.0433809757232666
        66,                    1744653106.6047492,                 1744653106.6170368,               1744653106.617297 ,                   1744653106.647503 ,              1744653106.6500008,             1744653106.6514182,           1744653106.6570513,         1744653106.6575234,                  0.012287616729736328 , 0.0002601146697998047           ,                  0.030205965042114258 ,       0.04275369644165039  ,            0.007050514221191406 , 0.00047206878662109375    , -0.006105184555053711           , 0.001417398452758789  ,       0.04666900634765625
        69,                    1744653106.6665933,                 1744653106.6747963,               1744653106.6749477,                   1744653106.6837542,              1744653106.6845977,             1744653106.687266 ,           1744653106.6922765,         1744653106.6923938,                  0.00820302963256836  , 0.0001513957977294922           ,                  0.008806467056274414 ,       0.017160892486572266 ,            0.0076787471771240234, 0.00011730194091796875    , -0.005127668380737305           , 0.0026683807373046875 ,       0.02067279815673828
        70,                    1744653106.7024343,                 1744653106.7129567,               1744653106.713426 ,                   1744653106.717363 ,              1744653106.7180135,             1744653106.7206452,           1744653106.7247324,         1744653106.7251518,                  0.01052236557006836  , 0.00046944618225097656          ,                  0.0039370059967041016,       0.014928817749023438 ,            0.006718873977661133 , 0.00041937828063964844    , -0.004506587982177734           , 0.002631664276123047  ,       0.018210887908935547
        71,                    1744653106.7283065,                 1744653106.7342894,               1744653106.7343984,                   1744653106.735943 ,              1744653106.7360806,             1744653106.7382607,           1744653106.7423277,         1744653106.7424152,                  0.005982875823974609 , 0.00010895729064941406          ,                  0.0015447139739990234,       0.007636547088623047 ,            0.006247043609619141 , 8.749961853027344e-05     , -0.0041544437408447266          , 0.0021800994873046875 ,       0.009954214096069336
        72,                    1744653106.7532763,                 1744653106.756343 ,               1744653106.7564356,                   1744653106.7645316,              1744653106.7651322,             1744653106.7679486,           1744653106.7726717,         1744653106.772778 ,                  0.003066539764404297 , 9.274482727050781e-05           ,                  0.008095979690551758 ,       0.011255264282226562 ,            0.007539510726928711 , 0.00010633468627929688    , -0.00482940673828125            , 0.002816438674926758  ,       0.014672279357910156
        73,                    1744653106.7691672,                 1744653106.7739818,               1744653106.7740712,                   1744653106.77481  ,              1744653106.7748907,             1744653106.7752123,           1744653106.776824 ,         1744653106.7769232,                  0.004814624786376953 , 8.940696716308594e-05           ,                  0.0007388591766357422,       0.005642890930175781 ,            0.0019333362579345703, 9.918212890625e-05        , -0.0017108917236328125          , 0.0003216266632080078 ,       0.006045103073120117
        74,                    1744653106.8027961,                 1744653106.805317 ,               1744653106.8054266,                   1744653106.8074856,              1744653106.8084898,             1744653106.8091137,           1744653106.810839 ,         1744653106.8109486,                  0.0025207996368408203, 0.00010967254638671875          ,                  0.0020589828491210938,       0.004689455032348633 ,            0.0023491382598876953, 0.00010967254638671875    , -0.001834869384765625           , 0.0006239414215087891 ,       0.006317615509033203
        75,                    1744653106.941428 ,                 1744653106.943887 ,               1744653106.944011 ,                   1744653106.9461741,              1744653106.9465344,             1744653106.946881 ,           1744653106.9507148,         1744653106.950836 ,                  0.0024590492248535156, 0.0001239776611328125           ,                  0.0021631717681884766,       0.004746198654174805 ,            0.004180431365966797 , 0.00012111663818359375    , -0.003954887390136719           , 0.0003466606140136719 ,       0.0054531097412109375
        76,                    1744653107.096544 ,                 1744653107.0992239,               1744653107.0996923,                   1744653107.1115317,              1744653107.1119382,             1744653107.1128318,           1744653107.1159682,         1744653107.116479 ,                  0.0026798248291015625, 0.0004684925079345703           ,                  0.01183938980102539  ,       0.014987707138061523 ,            0.004029989242553711 , 0.0005106925964355469     , -0.0036470890045166016          , 0.0008935928344726562 ,       0.016287803649902344
        78,                                      ,                                   ,                                 ,                                     ,              1744653107.184573 ,             1744653107.1896296,           1744653107.1934166,         1744653107.1935372,                  0.006815195083618164 , 0.0001614093780517578           ,                  0.003031492233276367 ,       0.010008096694946289 ,            0.008843660354614258 , 0.00012063980102539062    , -0.003907680511474609           , 0.005056619644165039  ,       0.015377283096313477
        79,                                      ,                                   ,                                 ,                                     ,              1744653107.2108333,             1744653107.219065 ,           1744653107.2225928,         1744653107.2227623,                  0.004235744476318359 , 8.869171142578125e-05           ,                  0.028173446655273438 ,       0.03249788284301758  ,            0.011759519577026367 , 0.00016951560974121094    , -0.0036973953247070312          , 0.008231639862060547  ,       0.04134345054626465
        80,                    1744653107.2945483,                 1744653107.3013635,               1744653107.3015249,                   1744653107.3045564,              1744653107.3049161,             1744653107.3099256,           1744653107.315383 ,         1744653107.3155255,                  0.005496501922607422 , 0.00011348724365234375          ,                  0.017271757125854492 ,       0.022881746292114258 ,            0.010466814041137695 , 0.00014257431030273438    , -0.0055999755859375             , 0.00500941276550293   ,       0.03000020980834961
        81,                    1744653107.4406643,                 1744653107.4449   ,               1744653107.4449887,                   1744653107.4731622,              1744653107.4748833,             1744653107.4820077,           1744653107.487842 ,         1744653107.487937 ,                  0.008370161056518555 , 7.462501525878906e-05           ,                  0.018306255340576172 ,       0.026751041412353516 ,            0.012958765029907227 , 9.489059448242188e-05     , -0.005929231643676758           , 0.007124423980712891  ,       0.03274178504943848
        84,                    1744653107.553084 ,                 1744653107.5585804,               1744653107.558694 ,                   1744653107.5759656,              1744653107.579595 ,             1744653107.583084 ,           1744653107.5883408,         1744653107.5884392,                  0.00373077392578125  , 7.510185241699219e-05           ,                  0.01744246482849121  ,       0.021248340606689453 ,            0.008745670318603516 , 9.846687316894531e-05     , -0.005355119705200195           , 0.0034890174865722656 ,       0.030674457550048828
        85,                    1744653107.5682774,                 1744653107.5766475,               1744653107.5767221,                   1744653107.5950284,              1744653107.596423 ,             1744653107.6010191,           1744653107.606725 ,         1744653107.6068223,                  0.005454063415527344 , 0.0003952980041503906           ,                  0.006201505661010742 ,       0.012050867080688477 ,            0.010302066802978516 , 9.72747802734375e-05      , -0.005803108215332031           , 0.004596233367919922  ,       0.02652764320373535
        86,                    1744653107.5871053,                 1744653107.590836 ,               1744653107.5909111,                   1744653107.6083536,              1744653107.609169 ,             1744653107.6177797,           1744653107.623468 ,         1744653107.623961 ,                  0.007585048675537109 , 0.0005071163177490234           ,                  0.006849050521850586 ,       0.014941215515136719 ,            0.01429891586303711  , 0.0004930496215820312     , -0.006181240081787109           , 0.008610725402832031  ,       0.019432544708251953
        88,                    1744653107.7592432,                 1744653107.7646973,               1744653107.7650926,                   1744653107.771294 ,              1744653107.777516 ,             1744653107.785771 ,           1744653107.7886407,         1744653107.7890258,                  0.008233785629272461 , 0.00010085105895996094          ,                  0.00611114501953125  ,       0.014445781707763672 ,            0.011124849319458008 , 0.00038504600524902344    , -0.0032548904418945312          , 0.0082550048828125    ,       0.016387939453125
        89,                    1744653107.9204066,                 1744653107.9279916,               1744653107.9284987,                   1744653107.9353478,              1744653107.9360745,             1744653107.9398391,           1744653107.945538 ,         1744653107.9460278,                  0.0018992424011230469, 8.296966552734375e-05           ,                  0.0017278194427490234,       0.003710031509399414 ,            0.00946354866027832  , 0.0004897117614746094     , -0.006188631057739258           , 0.003764629364013672  ,       0.004143953323364258
        90,                    1744653107.970684 ,                 1744653107.9789178,               1744653107.9790187,                   1744653107.9851298,              1744653107.9857883,             1744653107.987072 ,           1744653107.991565 ,         1744653107.9916701,                  0.0023458003997802734, 0.00016188621520996094          ,                  0.002360820770263672 ,       0.004868507385253906 ,            0.005776643753051758 , 0.00010514259338378906    , -0.004598140716552734           , 0.0012836456298828125 ,       0.005284309387207031
        91,                    1744653108.005057 ,                 1744653108.0069563,               1744653108.0070393,                   1744653108.0087671,              1744653108.0088992,             1744653108.009201 ,           1744653108.0111659,         1744653108.0112941,                  0.005074977874755859 , 0.0006282329559326172           ,                  0.005019664764404297 ,       0.010722875595092773 ,            0.0022666454315185547, 0.00012826919555664062    , -0.002093076705932617           , 0.0003018379211425781 ,       0.01430511474609375
        92,                    1744653108.1047258,                 1744653108.1070716,               1744653108.1072335,                   1744653108.1095943,              1744653108.1097684,             1744653108.1100101,           1744653108.1118262,         1744653108.1119294,                  0.008045673370361328 , 0.00064849853515625             ,                  0.007967233657836914 ,       0.016661405563354492 ,            0.002057790756225586 , 0.00010323524475097656    , -0.0019192695617675781          , 0.00024175643920898438,       0.017920494079589844
        93,                    1744653108.218697 ,                 1744653108.223772 ,               1744653108.2244003,                   1744653108.22942  ,              1744653108.231436 ,             1744653108.2330022,           1744653108.23781  ,         1744653108.2383718,                  0.008732080459594727 , 0.00012564659118652344          ,                  0.0007433891296386719,       0.009601116180419922 ,            0.006373882293701172 , 0.0005619525909423828     , -0.005369663238525391           , 0.001566171646118164  ,       0.010006904602050781
        94,                    1744653108.2645166,                 1744653108.2725623,               1744653108.2732108,                   1744653108.281178 ,              1744653108.281625 ,             1744653108.282437 ,           1744653108.2862053,         1744653108.2868476,                  0.0046482086181640625, 0.00013065338134765625          ,                  0.0020847320556640625,       0.006863594055175781 ,            0.004580259323120117 , 0.0006422996520996094     , -0.004410505294799805           , 0.0008120536804199219 ,       0.007310152053833008
        95,                    1744653108.354376 ,                 1744653108.3631082,               1744653108.3632338,                   1744653108.3639772,              1744653108.3640528,             1744653108.364383 ,           1744653108.366045 ,         1744653108.3661437,                  0.0025627613067626953, 0.0005869865417480469           ,                  0.0016777515411376953,       0.0048274993896484375,            0.0019922256469726562, 9.870529174804688e-05     , -0.001760721206665039           , 0.00033020973205566406,       0.005658626556396484
        96,                    1744653108.4256485,                 1744653108.4302967,               1744653108.4304273,                   1744653108.432512 ,              1744653108.4326587,             1744653108.4329586,           1744653108.4347239,         1744653108.434828 ,                  0.01449728012084961  , 9.298324584960938e-05           ,                  0.0209658145904541   ,       0.03555607795715332  ,            0.0020651817321777344, 0.00010418891906738281    , -0.0018694400787353516          , 0.0002999305725097656 ,       0.038826942443847656
        97,                    1744653108.4745638,                 1744653108.4771266,               1744653108.4777136,                   1744653108.4793913,              1744653108.479901 ,             1744653108.4802225,           1744653108.4818923,         1744653108.4824057,                  0.011097908020019531 , 0.0006215572357177734           ,                  0.014860153198242188 ,       0.026579618453979492 ,            0.00199127197265625  , 0.0005133152008056641     , -0.002183198928833008           , 0.00032138824462890625,       0.038519859313964844
        98,                    1744653108.5938654,                 1744653108.6083627,               1744653108.6084557,                   1744653108.6294215,              1744653108.6298726,             1744653108.6326923,           1744653108.6434774,         1744653108.6435695,                  0.010129213333129883 , 0.0001575946807861328           ,                  0.0047037601470947266,       0.014990568161010742 ,            0.013604879379272461 , 9.202957153320312e-05     , -0.010877132415771484           , 0.0028197765350341797 ,       0.01731109619140625
       100,                    1744653108.6377773,                 1744653108.6488752,               1744653108.6494968,                   1744653108.664357 ,              1744653108.6681387,             1744653108.6762972,           1744653108.6796587,         1744653108.6802776,                  0.013158082962036133 , 0.00021195411682128906          ,                  0.02879500389099121  ,       0.04216504096984863  ,            0.011519908905029297 , 0.0006189346313476562     , -0.003980398178100586           , 0.008158445358276367  ,       0.04673194885253906
       101,                    1744653108.7159007,                 1744653108.7260299,               1744653108.7261875,                   1744653108.7308912,              1744653108.7319498,             1744653108.7332118,           1744653108.7544708,         1744653108.7546835,                  0.023323535919189453 , 8.344650268554688e-05           ,                  0.01270604133605957  ,       0.03611302375793457  ,            0.022521018981933594 , 0.00021266937255859375    , -0.021471738815307617           , 0.0012619495391845703 ,       0.04351806640625
       102,                    1744653108.753905 ,                 1744653108.7670631,               1744653108.767275 ,                   1744653108.79607  ,              1744653108.7975824,             1744653108.800637 ,           1744653108.814506 ,         1744653108.8147845,                  0.006324052810668945 , 9.34600830078125e-05            ,                  0.005218505859375    ,       0.011636018753051758 ,            0.01692366600036621  , 0.000278472900390625      , -0.014147520065307617           , 0.0030546188354492188 ,       0.014699220657348633
       103,                    1744653108.7844265,                 1744653108.80775  ,               1744653108.8078334,                   1744653108.8205395,              1744653108.8224535,             1744653108.8279445,           1744653108.8338902,         1744653108.8339796,                  0.0031349658966064453, 0.00045418739318847656          ,                  0.0008928775787353516,       0.0044820308685302734,            0.011436700820922852 , 8.940696716308594e-05     , -0.0060350894927978516          , 0.005491018295288086  ,       0.008507728576660156
       106,                    1744653108.8337305,                 1744653108.8400545,               1744653108.840148 ,                   1744653108.8453665,              1744653108.84658  ,             1744653108.8484297,           1744653108.8532438,         1744653108.8533351,                  0.004523038864135742 , 0.00013256072998046875          ,                  0.001955270767211914 ,       0.006610870361328125 ,            0.006663799285888672 , 9.131431579589844e-05     , -0.0049054622650146484          , 0.0018496513366699219 ,       0.006893157958984375
       107,                    1744653108.8841598,                 1744653108.8872948,               1744653108.887749 ,                   1744653108.8886418,              1744653108.8890846,             1744653108.8926675,           1744653108.8973873,         1744653108.8978035,                  0.002079486846923828 , 0.0004627704620361328           ,                  0.005626201629638672 ,       0.008168458938598633 ,            0.008302688598632812 , 0.0004162788391113281     , -0.005136013031005859           , 0.0035829544067382812 ,       0.01599431037902832
       108,                    1744653109.033935 ,                 1744653109.038458 ,               1744653109.0385907,                   1744653109.040546 ,              1744653109.0406199,             1744653109.0408282,           1744653109.042704 ,         1744653109.0428174,                  0.0036280155181884766, 0.00012421607971191406          ,                  0.006664276123046875 ,       0.010416507720947266 ,            0.0020842552185058594, 0.00011324882507324219    , -0.001989126205444336           , 0.00020837783813476562,       0.014349937438964844
       109,                    1744653109.0920725,                 1744653109.094152 ,               1744653109.0946147,                   1744653109.100241 ,              1744653109.1009107,             1744653109.1080668,           1744653109.111929 ,         1744653109.1124082,                  0.005687713623046875 , 0.0001251697540283203           ,                  0.01648569107055664  ,       0.022298574447631836 ,            0.01101827621459961  , 0.0004792213439941406     , -0.0043413639068603516          , 0.0071561336517333984 ,       0.023992300033569336
       110,                    1744653109.2382004,                 1744653109.2418284,               1744653109.2419527,                   1744653109.248617 ,              1744653109.2490432,             1744653109.2525504,           1744653109.2604177,         1744653109.2605288,                  0.0020360946655273438, 0.00014138221740722656          ,                  0.0030291080474853516,       0.005206584930419922 ,            0.011374473571777344 , 0.00011110305786132812    , -0.007978439331054688           , 0.0035071372985839844 ,       0.0071582794189453125
       111,                    1744653109.2607062,                 1744653109.266394 ,               1744653109.266519 ,                   1744653109.2830048,              1744653109.283619 ,             1744653109.2846985,           1744653109.2878075,         1744653109.2879596,                  0.002977609634399414 , 0.0002315044403076172           ,                  0.007589101791381836 ,       0.010798215866088867 ,            0.00418853759765625  , 0.00015211105346679688    , -0.003261089324951172           , 0.001079559326171875  ,       0.0191192626953125
       113,                    1744653109.3359852,                 1744653109.3380213,               1744653109.3381627,                   1744653109.3411918,              1744653109.3419435,             1744653109.3431435,           1744653109.3458614,         1744653109.34645  ,                  0.002335071563720703 , 0.00012421607971191406          ,                  0.004911899566650391 ,       0.007371187210083008 ,            0.0039179325103759766, 0.0005886554718017578     , -0.0033066272735595703          , 0.001199960708618164  ,       0.009237051010131836
       114,                    1744653109.343883 ,                 1744653109.3468606,               1744653109.3470922,                   1744653109.3546813,              1744653109.3563976,             1744653109.3630023,           1744653109.3690062,         1744653109.3691552,                  0.002888917922973633 , 0.00027441978454589844          ,                  0.006658077239990234 ,       0.009821414947509766 ,            0.012608528137207031 , 0.00014901161193847656    , -0.0061528682708740234          , 0.006604671478271484  ,       0.016736984252929688
       115,                    1744653109.4360037,                 1744653109.4383388,               1744653109.438463 ,                   1744653109.4433749,              1744653109.443586 ,             1744653109.4452407,           1744653109.448341 ,         1744653109.448473 ,                  0.00763392448425293  , 0.0005125999450683594           ,                  0.006433963775634766 ,       0.014580488204956055 ,            0.004754781723022461 , 0.00013208389282226562    , -0.003232240676879883           , 0.0016546249389648438 ,       0.020399093627929688
       116,                    1744653109.4459505,                 1744653109.4488394,               1744653109.4491138,                   1744653109.455772 ,              1744653109.456531 ,             1744653109.4626875,           1744653109.4699597,         1744653109.4703028,                  0.004079103469848633 , 0.00011038780212402344          ,                  0.002471446990966797 ,       0.006660938262939453 ,            0.013428688049316406 , 0.00034308433532714844    , -0.007615327835083008           , 0.006156444549560547  ,       0.012834548950195312
       117,                    1744653109.4999993,                 1744653109.5076332,               1744653109.5081458,                   1744653109.5145798,              1744653109.5150485,             1744653109.5203984,           1744653109.5247133,         1744653109.5251803,                  0.005528450012207031 , 9.584426879882812e-05           ,                  0.004539012908935547 ,       0.010163307189941406 ,            0.009664773941040039 , 0.00046706199645996094    , -0.004781961441040039           , 0.005349874496459961  ,       0.01490020751953125
       118,                    1744653109.5447657,                 1744653109.5488448,               1744653109.5489552,                   1744653109.5514266,              1744653109.5529168,             1744653109.5576003,           1744653109.563757 ,         1744653109.5638547,                  0.0029048919677734375, 8.749961853027344e-05           ,                  0.0009267330169677734,       0.003919124603271484 ,            0.010840177536010742 , 9.775161743164062e-05     , -0.006254434585571289           , 0.004683494567871094  ,       0.00432276725769043
       119,                    1744653109.5601287,                 1744653109.5656571,               1744653109.565753 ,                   1744653109.570292 ,              1744653109.571203 ,             1744653109.575029 ,           1744653109.5783496,         1744653109.5784729,                  0.003702878952026367 , 0.00011706352233886719          ,                  0.0007317066192626953,       0.00455164909362793  ,            0.007146596908569336 , 0.0001232624053955078     , -0.0034439563751220703          , 0.0038259029388427734 ,       0.004938364028930664
       120,                    1744653109.688319 ,                 1744653109.6912239,               1744653109.6913114,                   1744653109.692238 ,              1744653109.692307 ,             1744653109.6926417,           1744653109.6946995,         1744653109.6948032,                  0.003642559051513672 , 0.00016427040100097656          ,                  0.0021047592163085938,       0.005911588668823242 ,            0.0023925304412841797, 0.00010371208190917969    , -0.0021615028381347656          , 0.00033473968505859375,       0.007679462432861328
       122,                    1744653109.8360014,                 1744653109.8397043,               1744653109.8398213,                   1744653109.840553 ,              1744653109.8406262,             1744653109.8409398,           1744653109.8426113,         1744653109.8427584,                  0.0020093917846679688, 0.00012445449829101562          ,                  0.0012979507446289062,       0.0034317970275878906,            0.0019850730895996094, 0.00014710426330566406    , -0.0018186569213867188          , 0.0003135204315185547 ,       0.005644083023071289
       123,                    1744653109.9788954,                 1744653109.982538 ,               1744653109.9827023,                   1744653109.984807 ,              1744653109.985202 ,             1744653109.986575 ,           1744653109.9884942,         1744653109.988579 ,                  0.006089448928833008 , 0.0004906654357910156           ,                  0.003518342971801758 ,       0.010098457336425781 ,            0.003292083740234375 , 8.487701416015625e-05     , -0.0020041465759277344          , 0.0013728141784667969 ,       0.013344764709472656
       124,                    1744653110.0912998,                 1744653110.0933092,               1744653110.0934336,                   1744653110.0947316,              1744653110.095216 ,             1744653110.0969439,           1744653110.100397 ,         1744653110.1004958,                  0.0033397674560546875, 0.0001430511474609375           ,                  0.003857135772705078 ,       0.007339954376220703 ,            0.005181074142456055 , 9.870529174804688e-05     , -0.003551959991455078           , 0.0017278194427490234 ,       0.011146306991577148
       125,                    1744653110.1899514,                 1744653110.1960409,               1744653110.1965315,                   1744653110.2000499,              1744653110.2004673,             1744653110.2032962,           1744653110.2064564,         1744653110.2069836,                  0.0070743560791015625, 0.00012874603271484375          ,                  0.009057998657226562 ,       0.01626110076904297  ,            0.00598907470703125  , 0.0005271434783935547     , -0.0036873817443847656          , 0.002828836441040039  ,       0.021674394607543945
       126,                    1744653110.2935548,                 1744653110.2968946,               1744653110.2970376,                   1744653110.3008947,              1744653110.3021173,             1744653110.304701 ,           1744653110.3074143,         1744653110.3075347,                  0.004937410354614258 , 0.00015497207641601562          ,                  0.005194902420043945 ,       0.010287284851074219 ,            0.005296945571899414 , 0.00012040138244628906    , -0.0028336048126220703          , 0.002583742141723633  ,       0.015259265899658203
       127,                    1744653110.418768 ,                 1744653110.4258423,               1744653110.425971 ,                   1744653110.435029 ,              1744653110.4360642,             1744653110.4404423,           1744653110.451387 ,         1744653110.4515169,                  0.0056302547454833984, 0.0001308917999267578           ,                  0.0034606456756591797,       0.009221792221069336 ,            0.015322685241699219 , 0.00012993812561035156    , -0.011074542999267578           , 0.004378080368041992  ,       0.012135744094848633
       128,                    1744653110.4468844,                 1744653110.4518218,               1744653110.4519768,                   1744653110.4571717,              1744653110.4584486,             1744653110.4621437,           1744653110.46764  ,         1744653110.4677722,                  0.007240772247314453 , 0.00012993812561035156          ,                  0.010821819305419922 ,       0.018192529678344727 ,            0.009191274642944336 , 0.0001323223114013672     , -0.0056285858154296875          , 0.0036950111389160156 ,       0.0261995792388916
       129,                    1744653110.5734997,                 1744653110.57913  ,               1744653110.5792608,                   1744653110.5827215,              1744653110.5842211,             1744653110.5856354,           1744653110.5880823,         1744653110.5882301,                  0.010790348052978516 , 9.751319885253906e-05           ,                  0.019351720809936523 ,       0.030239582061767578 ,            0.0038611888885498047, 0.00014781951904296875    , -0.0025947093963623047          , 0.0014142990112304688 ,       0.03735494613647461
       130,                    1744653110.7637823,                 1744653110.771023 ,               1744653110.771153 ,                   1744653110.7819748,              1744653110.7833636,             1744653110.7899818,           1744653110.7989316,         1744653110.7990437,                  0.004762411117553711 , 0.0001342296600341797           ,                  0.0034728050231933594,       0.00836944580078125  ,            0.015568017959594727 , 0.00011205673217773438    , -0.009061813354492188           , 0.0066182613372802734 ,       0.011464595794677734
       131,                    1744653110.797808 ,                 1744653110.8085983,               1744653110.8086958,                   1744653110.8280475,              1744653110.8306832,             1744653110.8351629,           1744653110.8393648,         1744653110.8395069,                  0.007605552673339844 , 0.00057220458984375             ,                  0.009262561798095703 ,       0.017440319061279297 ,            0.008681535720825195 , 0.00014209747314453125    , -0.004343986511230469           , 0.004479646682739258  ,       0.023021459579467773
       132,                    1744653110.8908994,                 1744653110.8956618,               1744653110.895796 ,                   1744653110.8992689,              1744653110.8999348,             1744653110.902364 ,           1744653110.9059107,         1744653110.9060063,                  0.01644587516784668  , 0.0001289844512939453           ,                  0.022374868392944336 ,       0.03894972801208496  ,            0.005975961685180664 , 9.560585021972656e-05     , -0.0036423206329345703          , 0.0024292469024658203 ,       0.04456615447998047
       133,                    1744653110.9203978,                 1744653110.9280033,               1744653110.9285755,                   1744653110.937838 ,              1744653110.9384575,             1744653110.9434192,           1744653110.9472353,         1744653110.9476247,                  0.009878158569335938 , 9.250640869140625e-05           ,                  0.027797698974609375 ,       0.03776836395263672  ,            0.008777856826782227 , 0.00038933753967285156    , -0.004205465316772461           , 0.004961729049682617  ,       0.04067540168762207
       134,                    1744653110.9720814,                 1744653110.9885273,               1744653110.9886563,                   1744653111.0110312,              1744653111.0117412,             1744653111.0166476,           1744653111.0212932,         1744653111.0214128,                  0.001834869384765625 , 0.00012063980102539062          ,                  0.0007557868957519531,       0.0027112960815429688,            0.009552001953125    , 0.00011968612670898438    , -0.00476527214050293            , 0.004906415939331055  ,       0.0038039684295654297
       135,                    1744653110.9871078,                 1744653110.996986 ,               1744653110.9970784,                   1744653111.024876 ,              1744653111.0253966,             1744653111.0277832,           1744653111.0328205,         1744653111.032925 ,                  0.006238222122192383 , 0.0005745887756347656           ,                  0.0034742355346679688,       0.010287046432495117 ,            0.007423877716064453 , 0.00010442733764648438    , -0.005141735076904297           , 0.0023865699768066406 ,       0.013096094131469727
       138,                                      ,                                   ,                                 ,                                     ,              1744653111.0619056,             1744653111.0634055,           1744653111.0707693,         1744653111.0708892,                  0.0035512447357177734, 0.0004305839538574219           ,                  0.0024955272674560547,       0.00647735595703125  ,            0.008863687515258789 , 0.00011992454528808594    , -0.007483720779418945           , 0.0014998912811279297 ,       0.011657953262329102
       139,                                      ,                                   ,                                 ,                                     ,              1744653111.0652075,             1744653111.0684276,           1744653111.074127 ,         1744653111.0742235,                  0.0017063617706298828, 0.0001437664031982422           ,                  0.0006976127624511719,       0.002547740936279297 ,            0.008919477462768555 , 9.655952453613281e-05     , -0.005795955657958984           , 0.003220081329345703  ,       0.002984285354614258
       140,                                      ,                                   ,                                 ,                                     ,              1744653111.0703266,             1744653111.07264  ,           1744653111.076438 ,         1744653111.0765712,                  0.007967472076416016 , 0.00012040138244628906          ,                  0.007068157196044922 ,       0.015156030654907227 ,            0.0061113834381103516, 0.00013327598571777344    , -0.003931283950805664           , 0.002313375473022461  ,       0.022655487060546875
       141,                    1744653111.15421  ,                 1744653111.156045 ,               1744653111.1561656,                   1744653111.1569214,              1744653111.1569912,             1744653111.158014 ,           1744653111.1610339,         1744653111.161157 ,                  0.004725217819213867 , 0.0001952648162841797           ,                  0.014536380767822266 ,       0.019456863403320312 ,            0.004042625427246094 , 0.00012302398681640625    , -0.003142833709716797           , 0.0010228157043457031 ,       0.027723073959350586
       142,                    1744653111.2217522,                 1744653111.2279904,               1744653111.228565 ,                   1744653111.2320392,              1744653111.2334363,             1744653111.2348483,           1744653111.2400544,         1744653111.2404718,                  0.0039021968841552734, 0.0003459453582763672           ,                  0.0071239471435546875,       0.011372089385986328 ,            0.006618022918701172 , 0.00041747093200683594    , -0.005623579025268555           , 0.0014119148254394531 ,       0.017622709274291992
       143,                    1744653111.2631755,                 1744653111.2667267,               1744653111.2671573,                   1744653111.2696528,              1744653111.2710552,             1744653111.2748334,           1744653111.2790277,         1744653111.2794352,                  0.005003690719604492 , 0.0001342296600341797           ,                  0.006451606750488281 ,       0.011589527130126953 ,            0.007972478866577148 , 0.0004074573516845703     , -0.004601716995239258           , 0.003778219223022461  ,       0.020856857299804688
       144,                    1744653111.2990158,                 1744653111.3007221,               1744653111.300866 ,                   1744653111.3015635,              1744653111.3016365,             1744653111.302    ,           1744653111.3045216,         1744653111.3046222,                  0.008751630783081055 , 9.846687316894531e-05           ,                  0.002772808074951172 ,       0.011622905731201172 ,            0.002885103225708008 , 0.00010061264038085938    , -0.0026221275329589844          , 0.0003635883331298828 ,       0.011940717697143555
       145,                    1744653111.4673126,                 1744653111.47528  ,               1744653111.4754004,                   1744653111.4824686,              1744653111.4840698,             1744653111.489968 ,           1744653111.4935293,         1744653111.4936502,                  0.003287792205810547 , 0.00018906593322753906          ,                  0.007863283157348633 ,       0.011340141296386719 ,            0.009459495544433594 , 0.00012087821960449219    , -0.0036821365356445312          , 0.005898237228393555  ,       0.017621517181396484
       146,                    1744653111.6639457,                 1744653111.668671 ,               1744653111.6688662,                   1744653111.6834025,              1744653111.684012 ,             1744653111.6916687,           1744653111.6971443,         1744653111.6972327,                  0.0021314620971679688, 0.00013828277587890625          ,                  0.0007662773132324219,       0.003036022186279297 ,            0.013132333755493164 , 8.845329284667969e-05     , -0.005563974380493164           , 0.00765681266784668   ,       0.0034515857696533203
       148,                    1744653111.6971657,                 1744653111.701068 ,               1744653111.7014139,                   1744653111.7085378,              1744653111.7089753,             1744653111.7147884,           1744653111.7183106,         1744653111.7186992,                  0.005658388137817383 , 0.00011038780212402344          ,                  0.005744218826293945 ,       0.011512994766235352 ,            0.00933527946472168  , 0.0003886222839355469     , -0.00391077995300293            , 0.005813121795654297  ,       0.015481233596801758
       149,                    1744653111.8209813,                 1744653111.825985 ,               1744653111.8261192,                   1744653111.8325708,              1744653111.833109 ,             1744653111.8418381,           1744653111.851539 ,         1744653111.8516333,                  0.004851341247558594 , 0.0005016326904296875           ,                  0.0029745101928710938,       0.008327484130859375 ,            0.018429994583129883 , 9.441375732421875e-05     , -0.009795188903808594           , 0.008729219436645508  ,       0.013082027435302734
       150,                    1744653111.844395 ,                 1744653111.8531466,               1744653111.853245 ,                   1744653111.8560178,              1744653111.8560922,             1744653111.8563356,           1744653111.8581324,         1744653111.8582191,                  0.006313323974609375 , 9.512901306152344e-05           ,                  0.004309892654418945 ,       0.010718345642089844 ,            0.0020401477813720703, 8.678436279296875e-05     , -0.0018835067749023438          , 0.0002434253692626953 ,       0.016016483306884766
       151,                    1744653112.0592291,                 1744653112.062517 ,               1744653112.062706 ,                   1744653112.0705693,              1744653112.0733964,             1744653112.0768507,           1744653112.0806804,         1744653112.0807781,                  0.006399631500244141 , 0.00012755393981933594          ,                  0.0048694610595703125,       0.011396646499633789 ,            0.007283926010131836 , 9.775161743164062e-05     , -0.003927469253540039           , 0.0034542083740234375 ,       0.01940774917602539
       152,                    1744653112.1082096,                 1744653112.110341 ,               1744653112.1104794,                   1744653112.1112456,              1744653112.1113198,             1744653112.1116612,           1744653112.1137967,         1744653112.1139126,                  0.00891566276550293  , 0.00010156631469726562          ,                  0.007164955139160156 ,       0.01618218421936035  ,            0.002476930618286133 , 0.00011587142944335938    , -0.0022513866424560547          , 0.0003414154052734375 ,       0.020279884338378906
       153,                    1744653112.206613 ,                 1744653112.2122715,               1744653112.2123818,                   1744653112.218126 ,              1744653112.2197053,             1744653112.2220943,           1744653112.2248757,         1744653112.2249758,                  0.005672931671142578 , 0.0005083084106445312           ,                  0.018374204635620117 ,       0.024555444717407227 ,            0.005170345306396484 , 0.00010013580322265625    , -0.0028815269470214844          , 0.0023889541625976562 ,       0.027777910232543945
       154,                    1744653112.2569668,                 1744653112.2618182,               1744653112.2623198,                   1744653112.2652943,              1744653112.2661057,             1744653112.2700489,           1744653112.2765439,         1744653112.2770624,                  0.006781578063964844 , 9.846687316894531e-05           ,                  0.0009877681732177734,       0.007867813110351562 ,            0.010438203811645508 , 0.0005185604095458984     , -0.007013559341430664           , 0.003943204879760742  ,       0.008355379104614258
       155,                    1744653112.303941 ,                 1744653112.3102543,               1744653112.3103495,                   1744653112.3146594,              1744653112.315569 ,             1744653112.3199575,           1744653112.3227901,         1744653112.322875 ,                  0.007252216339111328 , 0.0001289844512939453           ,                  0.008476972579956055 ,       0.015858173370361328 ,            0.007221221923828125 , 8.487701416015625e-05     , -0.0029175281524658203          , 0.004388570785522461  ,       0.021663665771484375
       156,                    1744653112.3578815,                 1744653112.3642812,               1744653112.3644087,                   1744653112.3692782,              1744653112.3697555,             1744653112.3772893,           1744653112.3873873,         1744653112.3875153,                  0.007556915283203125 , 0.0004379749298095703           ,                  0.007750272750854492 ,       0.015745162963867188 ,            0.01763176918029785  , 0.00012803077697753906    , -0.010226011276245117           , 0.0075337886810302734 ,       0.019806623458862305
       157,                    1744653112.380764 ,                 1744653112.3896797,               1744653112.3897812,                   1744653112.3969462,              1744653112.3982136,             1744653112.401044 ,           1744653112.4061644,         1744653112.4062684,                  0.01033473014831543  , 0.00045943260192871094          ,                  0.006621837615966797 ,       0.017416000366210938 ,            0.007950782775878906 , 0.00010395050048828125    , -0.005224466323852539           , 0.0028302669525146484 ,       0.022444725036621094
       158,                    1744653112.4165454,                 1744653112.4222183,               1744653112.4227266,                   1744653112.4411008,              1744653112.443344 ,             1744653112.4443233,           1744653112.4472184,         1744653112.4477522,                  0.0106964111328125   , 0.00011873245239257812          ,                  0.013230562210083008 ,       0.024045705795288086 ,            0.0038743019104003906, 0.0005338191986083984     , -0.003428936004638672           , 0.0009791851043701172 ,       0.02748727798461914
       160,                    1744653112.4509878,                 1744653112.4577694,               1744653112.4578679,                   1744653112.4588556,              1744653112.4590433,             1744653112.4593432,           1744653112.4612093,         1744653112.461292 ,                  0.006178617477416992 , 0.00010609626770019531          ,                  0.03823518753051758  ,       0.044519901275634766 ,            0.0021660327911376953, 8.273124694824219e-05     , -0.0019488334655761719          , 0.0002999305725097656 ,       0.050948143005371094
       161,                    1744653112.7624273,                 1744653112.7696795,               1744653112.7698085,                   1744653112.7782855,              1744653112.7789555,             1744653112.784091 ,           1744653112.793206 ,         1744653112.793328 ,                  0.020534753799438477 , 0.00010824203491210938          ,                  0.01900482177734375  ,       0.039647817611694336 ,            0.014250516891479492 , 0.0001220703125           , -0.009237051010131836           , 0.005135536193847656  ,       0.0459902286529541
       162,                    1744653112.8296514,                 1744653112.8372083,               1744653112.8376462,                   1744653112.8453965,              1744653112.8468714,             1744653112.849458 ,           1744653112.853959 ,         1744653112.854371 ,                  0.008785247802734375 , 0.0001392364501953125           ,                  0.023025989532470703 ,       0.03195047378540039  ,            0.00708770751953125  , 0.0004119873046875        , -0.0049130916595458984          , 0.0025866031646728516 ,       0.035816192626953125
       163,                    1744653112.8671641,                 1744653112.8774989,               1744653112.8779583,                   1744653112.8845801,              1744653112.8855412,             1744653112.8896089,           1744653112.895461 ,         1744653112.8959687,                  0.009708404541015625 , 0.00036406517028808594          ,                  0.024280071258544922 ,       0.03435254096984863  ,            0.009919881820678711 , 0.0005075931549072266     , -0.00635981559753418            , 0.004067659378051758  ,       0.03971600532531738
       164,                    1744653112.9348354,                 1744653112.9455318,               1744653112.9456506,                   1744653112.9588811,              1744653112.959627 ,             1744653112.9623227,           1744653112.9648535,         1744653112.9649448,                  0.014035701751708984 , 0.0003898143768310547           ,                  0.00970458984375     ,       0.02413010597229004  ,            0.005226612091064453 , 9.131431579589844e-05     , -0.0026221275329589844          , 0.002695798873901367  ,       0.028070926666259766
       165,                    1744653113.001415 ,                 1744653113.0075936,               1744653113.0076997,                   1744653113.045935 ,              1744653113.0470083,             1744653113.0523632,           1744653113.0617409,         1744653113.0618286,                  0.004814863204956055 , 0.00047206878662109375          ,                  0.004267215728759766 ,       0.009554147720336914 ,            0.014732599258422852 , 8.7738037109375e-05       , -0.009465456008911133           , 0.005354881286621094  ,       0.01729273796081543
       167,                    1744653113.0365565,                 1744653113.0570912,               1744653113.0571995,                   1744653113.0762043,              1744653113.0780444,             1744653113.0825467,           1744653113.0873828,         1744653113.087491 ,                  0.0045166015625      , 0.0005257129669189453           ,                  0.010510683059692383 ,       0.015552997589111328 ,            0.00933837890625     , 0.00010824203491210938    , -0.004944324493408203           , 0.004502296447753906  ,       0.019685029983520508
       168,                    1744653113.0589523,                 1744653113.0677376,               1744653113.0678768,                   1744653113.0909028,              1744653113.0917351,             1744653113.0947685,           1744653113.100821 ,         1744653113.1009247,                  0.01450967788696289  , 0.0005486011505126953           ,                  0.011014699935913086 ,       0.026072978973388672 ,            0.009085893630981445 , 0.00010371208190917969    , -0.006156206130981445           , 0.0030333995819091797 ,       0.03174400329589844
       170,                    1744653113.3236449,                 1744653113.3333533,               1744653113.3337173,                   1744653113.3579974,              1744653113.3585742,             1744653113.363361 ,           1744653113.3661957,         1744653113.3665874,                  0.0055713653564453125, 9.703636169433594e-05           ,                  0.01670098304748535  ,       0.022369384765625    ,            0.0076215267181396484, 0.0003917217254638672     , -0.0032265186309814453          , 0.00478672981262207   ,       0.027838945388793945
       171,                    1744653113.418625 ,                 1744653113.4326608,               1744653113.4330506,                   1744653113.4427552,              1744653113.44351  ,             1744653113.446696 ,           1744653113.4494593,         1744653113.4499075,                  0.007093191146850586 , 0.0002543926239013672           ,                  0.005912303924560547 ,       0.0132598876953125   ,            0.005949258804321289 , 0.0004482269287109375     , -0.003211498260498047           , 0.0031859874725341797 ,       0.021516084671020508
       172,                    1744653113.553104 ,                 1744653113.5579188,               1744653113.5583909,                   1744653113.562658 ,              1744653113.5643475,             1744653113.5703967,           1744653113.5746288,         1744653113.5752196,                  0.006767749786376953 , 0.0004584789276123047           ,                  0.00722193717956543  ,       0.014448165893554688 ,            0.01028132438659668  , 0.0005908012390136719     , -0.004822969436645508           , 0.006049156188964844  ,       0.019677162170410156
       173,                    1744653113.5783806,                 1744653113.5828972,               1744653113.583423 ,                   1744653113.5939336,              1744653113.594875 ,             1744653113.5980656,           1744653113.60323  ,         1744653113.6036782,                  0.009340047836303711 , 8.0108642578125e-05             ,                  0.006814002990722656 ,       0.016234159469604492 ,            0.008354902267456055 , 0.0004482269287109375     , -0.005612611770629883           , 0.0031905174255371094 ,       0.0234527587890625
       174,                    1744653113.6322694,                 1744653113.646779 ,               1744653113.6473277,                   1744653113.6583424,              1744653113.6594408,             1744653113.6640134,           1744653113.670558 ,         1744653113.6711078,                  0.010075569152832031 , 9.560585021972656e-05           ,                  0.029886960983276367 ,       0.040058135986328125 ,            0.011117219924926758 , 0.0005497932434082031     , -0.007094383239746094           , 0.004572629928588867  ,       0.04773545265197754
       175,                    1744653113.64874  ,                 1744653113.6543114,               1744653113.6544085,                   1744653113.6711094,              1744653113.6713805,             1744653113.676579 ,           1744653113.6852856,         1744653113.6853943,                  0.011764287948608398 , 0.0005059242248535156           ,                  0.03878355026245117  ,       0.051053762435913086 ,            0.013905048370361328 , 0.0001087188720703125     , -0.008815288543701172           , 0.005198478698730469  ,       0.06278061866760254
       177,                    1744653113.6785157,                 1744653113.6856089,               1744653113.6858633,                   1744653113.6917756,              1744653113.6934333,             1744653113.7000318,           1744653113.7061813,         1744653113.7062743,                  0.014137983322143555 , 0.0005397796630859375           ,                  0.03369140625        ,       0.04836916923522949  ,            0.012748003005981445 , 9.298324584960938e-05     , -0.006242513656616211           , 0.006598472595214844  ,       0.05531620979309082
       178,                    1744653113.746719 ,                 1744653113.7534866,               1744653113.753945 ,                   1744653113.761167 ,              1744653113.762511 ,             1744653113.766396 ,           1744653113.7697947,         1744653113.7702417,                  0.005711555480957031 , 9.441375732421875e-05           ,                  0.029096126556396484 ,       0.034902095794677734 ,            0.007283687591552734 , 0.0004470348358154297     , -0.003845691680908203           , 0.003885030746459961  ,       0.039566993713378906
       179,                    1744653113.7878242,                 1744653113.7971642,               1744653113.7972443,                   1744653113.8040583,              1744653113.8073301,             1744653113.811277 ,           1744653113.8211467,         1744653113.8212454,                  0.008731842041015625 , 0.0006036758422851562           ,                  0.018996477127075195 ,       0.028331995010375977 ,            0.013816595077514648 , 9.870529174804688e-05     , -0.00996851921081543            , 0.003946781158447266  ,       0.032007694244384766
       180,                    1744653113.823175 ,                 1744653113.8332505,               1744653113.8333461,                   1744653113.863233 ,              1744653113.8649309,             1744653113.8709104,           1744653113.8956676,         1744653113.8957984,                  0.004117250442504883 , 9.393692016601562e-05           ,                  0.005543708801269531 ,       0.00975489616394043  ,            0.030736684799194336 , 0.0001308917999267578     , -0.024888038635253906           , 0.0059795379638671875 ,       0.013288497924804688
       181,                    1744653113.8517783,                 1744653113.8635426,               1744653113.8640485,                   1744653113.902832 ,              1744653113.904091 ,             1744653113.914559 ,           1744653113.9199727,         1744653113.920411 ,                  0.0024657249450683594, 0.0001049041748046875           ,                  0.0047419071197509766,       0.0073125362396240234,            0.015881776809692383 , 0.00043845176696777344    , -0.005852222442626953           , 0.010468006134033203  ,       0.009968280792236328
       182,                    1744653113.8852415,                 1744653113.8993795,               1744653113.8999193,                   1744653113.9336107,              1744653113.9368567,             1744653113.9405577,           1744653113.9518664,         1744653113.952269 ,                  0.0020520687103271484, 9.799003601074219e-05           ,                  0.00081634521484375  ,       0.0029664039611816406,            0.015009641647338867 , 0.00040268898010253906    , -0.011711359024047852           , 0.0037009716033935547 ,       0.0034360885620117188
       185,                    1744653113.9654505,                 1744653113.971162 ,               1744653113.9712565,                   1744653114.0003526,              1744653114.0016735,             1744653114.0050175,           1744653114.014116 ,         1744653114.0147216,                  0.004332780838012695 , 9.846687316894531e-05           ,                  0.00092315673828125  ,       0.005354404449462891 ,            0.012442588806152344 , 0.0006055831909179688     , -0.009704113006591797           , 0.0033440589904785156 ,       0.005785226821899414
       187,                    1744653113.9912887,                 1744653114.0000205,               1744653114.0006242,                   1744653114.0196207,              1744653114.0199058,             1744653114.0232964,           1744653114.0272264,         1744653114.0276036,                  0.004647016525268555 , 9.298324584960938e-05           ,                  0.004926443099975586 ,       0.00966644287109375  ,            0.0073206424713134766, 0.0003771781921386719     , -0.004307270050048828           , 0.0033905506134033203 ,       0.014391422271728516
       189,                    1744653114.0345929,                 1744653114.03871  ,               1744653114.038804 ,                   1744653114.0443478,              1744653114.0452938,             1744653114.0478814,           1744653114.0504878,         1744653114.0505683,                  0.003759145736694336 , 0.0001266002655029297           ,                  0.0065457820892333984,       0.010431528091430664 ,            0.005193948745727539 , 8.058547973632812e-05     , -0.0026869773864746094          , 0.002587556838989258  ,       0.0137786865234375
       190,                    1744653114.0811744,                 1744653114.08364  ,               1744653114.083745 ,                   1744653114.088487 ,              1744653114.089833 ,             1744653114.0911427,           1744653114.0928586,         1744653114.0929587,                  0.007044076919555664 , 0.0006377696990966797           ,                  0.001527547836303711 ,       0.009209394454956055 ,            0.003025531768798828 , 0.00010013580322265625    , -0.0018160343170166016          , 0.0013096332550048828 ,       0.00965118408203125
       191,                    1744653114.1474357,                 1744653114.1494877,               1744653114.1495857,                   1744653114.150402 ,              1744653114.150476 ,             1744653114.1508718,           1744653114.1530797,         1744653114.1531737,                  0.004515886306762695 , 0.00045418739318847656          ,                  0.0029370784759521484,       0.00790715217590332  ,            0.002603769302368164 , 9.393692016601562e-05     , -0.002301931381225586           , 0.00039577484130859375,       0.008322000503540039
       192,                    1744653114.295168 ,                 1744653114.2995007,               1744653114.2995992,                   1744653114.3005223,              1744653114.3007288,             1744653114.3009531,           1744653114.3037834,         1744653114.3038704,                  0.0015652179718017578, 0.00010824203491210938          ,                  0.0013225078582763672,       0.0029959678649902344,            0.0030546188354492188, 8.702278137207031e-05     , -0.0029172897338867188          , 0.0002243518829345703 ,       0.0032701492309570312
       193,                    1744653114.3731236,                 1744653114.3777707,               1744653114.3778636,                   1744653114.38279  ,              1744653114.3842728,             1744653114.387515 ,           1744653114.3925977,         1744653114.3926976,                  0.006289482116699219 , 0.0004489421844482422           ,                  0.015701770782470703 ,       0.022440195083618164 ,            0.008324861526489258 , 9.989738464355469e-05     , -0.005182504653930664           , 0.0032422542572021484 ,       0.030167818069458008
       194,                    1744653114.4156651,                 1744653114.4194243,               1744653114.419551 ,                   1744653114.4260967,              1744653114.4271772,             1744653114.4294438,           1744653114.4324996,         1744653114.432597 ,                  0.005460500717163086 , 0.00010752677917480469          ,                  0.0036475658416748047,       0.009215593338012695 ,            0.005322456359863281 , 9.72747802734375e-05      , -0.003153085708618164           , 0.0022666454315185547 ,       0.012865781784057617
       195,                    1744653114.443378 ,                 1744653114.450422 ,               1744653114.4510598,                   1744653114.4525874,              1744653114.4527407,             1744653114.4530292,           1744653114.45488  ,         1744653114.455369 ,                  0.009473800659179688 , 0.00010728836059570312          ,                  0.009134531021118164 ,       0.018715620040893555 ,            0.0021393299102783203, 0.0004889965057373047     , -0.0023398399353027344          , 0.0002884864807128906 ,       0.02452230453491211
       196,                    1744653114.5562832,                 1744653114.5607991,               1744653114.5612533,                   1744653114.5641904,              1744653114.5643616,             1744653114.5646052,           1744653114.5665863,         1744653114.5670953,                  0.006775617599487305 , 8.845329284667969e-05           ,                  0.019499778747558594 ,       0.026363849639892578 ,            0.0022246837615966797, 0.0005090236663818359     , -0.0024900436401367188          , 0.00024366378784179688,       0.03369784355163574
       197,                    1744653114.5682416,                 1744653114.5698068,               1744653114.569915 ,                   1744653114.5712376,              1744653114.5713081,             1744653114.5715117,           1744653114.5744884,         1744653114.5746205,                  0.009846210479736328 , 0.0004570484161376953           ,                  0.0039098262786865234,       0.014213085174560547 ,            0.003180265426635742 , 0.00013208389282226562    , -0.0031087398529052734          , 0.00020360946655273438,       0.01779651641845703
       198,                    1744653114.827209 ,                 1744653114.8334985,               1744653114.8339474,                   1744653114.8496492,              1744653114.850714 ,             1744653114.8573768,           1744653114.865262 ,         1744653114.865699 ,                  0.0040874481201171875, 0.00044417381286621094          ,                  0.013260364532470703 ,       0.0177919864654541   ,            0.014548063278198242 , 0.00043702125549316406    , -0.00832223892211914            , 0.006662845611572266  ,       0.020388126373291016
       200,                    1744653114.9213376,                 1744653114.926798 ,               1744653114.9269056,                   1744653114.9305532,              1744653114.9318907,             1744653114.9342034,           1744653114.9404767,         1744653114.9405801,                  0.005543708801269531 , 0.00012040138244628906          ,                  0.008829355239868164 ,       0.014493465423583984 ,            0.008585929870605469 , 0.00010347366333007812    , -0.006376743316650391           , 0.0023126602172851562 ,       0.02636885643005371
       201,                    1744653114.990891 ,                 1744653115.0003648,               1744653115.000472 ,                   1744653115.0096066,              1744653115.0115948,             1744653115.0154133,           1744653115.0194333,         1744653115.0195222,                  0.008865833282470703 , 0.0004668235778808594           ,                  0.018494367599487305 ,       0.027827024459838867 ,            0.00783848762512207  , 8.893013000488281e-05     , -0.004108905792236328           , 0.003818511962890625  ,       0.03474283218383789
       202,                    1744653115.0764265,                 1744653115.0832021,               1744653115.0832906,                   1744653115.1027904,              1744653115.1042006,             1744653115.1101243,           1744653115.115495 ,         1744653115.1156073,                  0.011789321899414062 , 0.0004620552062988281           ,                  0.0049152374267578125,       0.017166614532470703 ,            0.011294364929199219 , 0.00011229515075683594    , -0.005482912063598633           , 0.005923748016357422  ,       0.02543163299560547
       204,                    1744653115.1468806,                 1744653115.1567268,               1744653115.157184 ,                   1744653115.1610937,              1744653115.1621418,             1744653115.1646771,           1744653115.1693676,         1744653115.1697853,                  0.005267143249511719 , 0.0003898143768310547           ,                  0.0074884891510009766,       0.01314544677734375  ,            0.007225751876831055 , 0.0004177093505859375     , -0.0051081180572509766          , 0.0025353431701660156 ,       0.01771855354309082
       205,                    1744653115.3657053,                 1744653115.3697927,               1744653115.3702369,                   1744653115.3834972,              1744653115.3843937,             1744653115.3860934,           1744653115.3907042,         1744653115.3911574,                  0.008922100067138672 , 0.00012636184692382812          ,                  0.008909940719604492 ,       0.017958402633666992 ,            0.006310462951660156 , 0.0004532337188720703     , -0.0050640106201171875          , 0.001699686050415039  ,       0.026584625244140625
       207,                    1744653115.5349078,                 1744653115.5404515,               1744653115.540572 ,                   1744653115.5494013,              1744653115.5498838,             1744653115.5612767,           1744653115.5660253,         1744653115.566143 ,                  0.014265775680541992 , 0.0004901885986328125           ,                  0.010964155197143555 ,       0.02572011947631836  ,            0.016141414642333984 , 0.00011777877807617188    , -0.004866361618041992           , 0.011392831802368164  ,       0.03189444541931152
       208,                    1744653115.6338449,                 1744653115.6427107,               1744653115.6431775,                   1744653115.6616719,              1744653115.6621044,             1744653115.6685877,           1744653115.6823397,         1744653115.6828845,                  0.007122993469238281 , 0.00010275840759277344          ,                  0.010610103607177734 ,       0.01783585548400879  ,            0.020235300064086914 , 0.0005447864532470703     , -0.014296770095825195           , 0.006483316421508789  ,       0.025369882583618164
       210,                    1744653115.6736073,                 1744653115.6853967,               1744653115.6858587,                   1744653115.690774 ,              1744653115.6932602,             1744653115.699039 ,           1744653115.7028244,         1744653115.7032838,                  0.010174274444580078 , 9.72747802734375e-05            ,                  0.012264728546142578 ,       0.022536277770996094 ,            0.00956416130065918  , 0.00045943260192871094    , -0.004244804382324219           , 0.005778789520263672  ,       0.02829718589782715
       211,                    1744653115.7860825,                 1744653115.7913496,               1744653115.7917395,                   1744653115.799228 ,              1744653115.799898 ,             1744653115.803801 ,           1744653115.808515 ,         1744653115.808882 ,                  0.004287004470825195 , 0.00010013580322265625          ,                  0.006635189056396484 ,       0.011022329330444336 ,            0.008617162704467773 , 0.0003669261932373047     , -0.0050809383392333984          , 0.0039031505584716797 ,       0.0161895751953125
       212,                    1744653115.8395483,                 1744653115.8484704,               1744653115.8485968,                   1744653115.8575068,              1744653115.858453 ,             1744653115.866133 ,           1744653115.8693578,         1744653115.8694766,                  0.01740288734436035  , 0.00046944618225097656          ,                  0.007668256759643555 ,       0.025540590286254883 ,            0.010904788970947266 , 0.00011873245239257812    , -0.0033435821533203125          , 0.007679939270019531  ,       0.030462265014648438
       213,                    1744653115.8907685,                 1744653115.9050343,               1744653115.9055245,                   1744653115.9164886,              1744653115.9183147,             1744653115.922663 ,           1744653115.9266655,         1744653115.9271214,                  0.009114503860473633 , 9.322166442871094e-05           ,                  0.01016378402709961  ,       0.019371509552001953 ,            0.008350849151611328 , 0.0004558563232421875     , -0.004458427429199219           , 0.004348278045654297  ,       0.02345418930053711
       214,                    1744653115.9862227,                 1744653115.9933457,               1744653115.9934485,                   1744653116.0040586,              1744653116.0070877,             1744653116.0115926,           1744653116.0185862,         1744653116.0187562,                  0.004227638244628906 , 8.630752563476562e-05           ,                  0.007330417633056641 ,       0.011644363403320312 ,            0.011498451232910156 , 0.00016999244689941406    , -0.007163524627685547           , 0.0045049190521240234 ,       0.021098852157592773
       215,                    1744653116.0205448,                 1744653116.030719 ,               1744653116.0308163,                   1744653116.043081 ,              1744653116.0438535,             1744653116.048842 ,           1744653116.0531871,         1744653116.053367 ,                  0.01043701171875     , 0.0003676414489746094           ,                  0.027840375900268555 ,       0.038645029067993164 ,            0.009333610534667969 , 0.00017976760864257812    , -0.004524946212768555           , 0.004988431930541992  ,       0.041725873947143555
       216,                    1744653116.1092896,                 1744653116.1135767,               1744653116.1136768,                   1744653116.120312 ,              1744653116.1219566,             1744653116.1254792,           1744653116.1313665,         1744653116.131471 ,                  0.012212991714477539 , 0.0002453327178955078           ,                  0.016775131225585938 ,       0.029233455657958984 ,            0.009409904479980469 , 0.00010442733764648438    , -0.005991697311401367           , 0.003522634506225586  ,       0.03829646110534668
       217,                    1744653116.1353843,                 1744653116.1527872,               1744653116.1532567,                   1744653116.160925 ,              1744653116.1622572,             1744653116.1658466,           1744653116.1705167,         1744653116.1711123,                  0.019272327423095703 , 0.0004200935363769531           ,                  0.01417231559753418  ,       0.033864736557006836 ,            0.00825953483581543  , 0.0005955696105957031     , -0.005265712738037109           , 0.0035893917083740234 ,       0.039861202239990234
       218,                    1744653116.1767156,                 1744653116.18583  ,               1744653116.1859233,                   1744653116.1960871,              1744653116.196705 ,             1744653116.2001698,           1744653116.2035468,         1744653116.203685 ,                  0.010635852813720703 , 8.368492126464844e-05           ,                  0.016501426696777344 ,       0.027220964431762695 ,            0.0068416595458984375, 0.00013828277587890625    , -0.0035152435302734375          , 0.0034646987915039062 ,       0.030358076095581055
       219,                    1744653116.2074637,                 1744653116.2116914,               1744653116.2117777,                   1744653116.219108 ,              1744653116.2213728,             1744653116.2285626,           1744653116.239859 ,         1744653116.239965 ,                  0.006812334060668945 , 8.916854858398438e-05           ,                  0.011685609817504883 ,       0.018587112426757812 ,            0.01848626136779785  , 0.00010585784912109375    , -0.011402368545532227           , 0.007189750671386719  ,       0.01891636848449707
       220,                    1744653116.242098 ,                 1744653116.252535 ,               1744653116.2529027,                   1744653116.2807431,              1744653116.2809   ,             1744653116.283824 ,           1744653116.2915528,         1744653116.2919662,                  0.007199525833129883 , 0.00036644935607910156          ,                  0.0008275508880615234,       0.008393526077270508 ,            0.010652780532836914 , 0.0004134178161621094     , -0.008142232894897461           , 0.0029239654541015625 ,       0.008905649185180664
       221,                    1744653116.2699802,                 1744653116.2821932,               1744653116.2824385,                   1744653116.2992136,              1744653116.301195 ,             1744653116.3082767,           1744653116.3156466,         1744653116.3157506,                  0.0017330646514892578, 0.00012421607971191406          ,                  0.0012252330780029297,       0.0030825138092041016,            0.014451742172241211 , 0.00010395050048828125    , -0.007473945617675781           , 0.007081747055053711  ,       0.0043277740478515625
       222,                    1744653116.2929485,                 1744653116.3122208,               1744653116.312641 ,                   1744653116.3268132,              1744653116.3303604,             1744653116.3328097,           1744653116.338828 ,         1744653116.3392456,                  0.0020036697387695312, 0.00011658668518066406          ,                  0.0007338523864746094,       0.0028541088104248047,            0.008467674255371094 , 0.00041747093200683594    , -0.006435871124267578           , 0.0024492740631103516 ,       0.003297567367553711
       223,                    1744653116.3142636,                 1744653116.3248994,               1744653116.3249831,                   1744653116.3414845,              1744653116.3429632,             1744653116.3446217,           1744653116.3525882,         1744653116.3526864,                  0.004765033721923828 , 0.0005681514739990234           ,                  0.013022661209106445 ,       0.018355846405029297 ,            0.009624958038330078 , 9.822845458984375e-05     , -0.008064746856689453           , 0.0016584396362304688 ,       0.025864601135253906
       224,                    1744653116.335471 ,                 1744653116.3422832,               1744653116.3423724,                   1744653116.354058 ,              1744653116.3541439,             1744653116.3543873,           1744653116.3565104,         1744653116.3565962,                  0.009722232818603516 , 0.0005595684051513672           ,                  0.01721811294555664  ,       0.027499914169311523 ,            0.0023665428161621094, 8.58306884765625e-05      , -0.0022089481353759766          , 0.0002434253692626953 ,       0.03339743614196777
       225,                    1744653116.3474774,                 1744653116.354677 ,               1744653116.3550434,                   1744653116.355871 ,              1744653116.3559449,             1744653116.356383 ,           1744653116.3582978,         1744653116.3586967,                  0.010257959365844727 , 0.00023293495178222656          ,                  0.009285926818847656 ,       0.01977682113647461  ,            0.0023529529571533203, 0.00039887428283691406    , -0.0023136138916015625          , 0.0004382133483886719 ,       0.024666786193847656
       227,                    1744653116.388253 ,                 1744653116.389986 ,               1744653116.3901103,                   1744653116.3913355,              1744653116.3918836,             1744653116.3925807,           1744653116.3948233,         1744653116.3949585,                  0.005850315093994141 , 0.00011229515075683594          ,                  0.005417823791503906 ,       0.011380434036254883 ,            0.0029397010803222656, 0.00013518333435058594    , -0.002377748489379883           , 0.0006971359252929688 ,       0.017778873443603516
       228,                    1744653116.4868183,                 1744653116.488822 ,               1744653116.4889386,                   1744653116.4896724,              1744653116.489744 ,             1744653116.490116 ,           1744653116.491843 ,         1744653116.4919357,                  0.007306814193725586 , 8.58306884765625e-05            ,                  0.020177125930786133 ,       0.02756977081298828  ,            0.0020990371704101562, 9.274482727050781e-05     , -0.0018198490142822266          , 0.0003719329833984375 ,       0.03121805191040039
       229,                    1744653116.8334687,                 1744653116.8382337,               1744653116.8388019,                   1744653116.8518245,              1744653116.8524733,             1744653116.8593333,           1744653116.8744338,         1744653116.8750405,                  0.007609128952026367 , 0.00042247772216796875          ,                  0.01816534996032715  ,       0.026196956634521484 ,            0.02196049690246582  , 0.0006067752838134766     , -0.01570725440979004            , 0.006860017776489258  ,       0.02660536766052246
       230,                    1744653116.87509  ,                 1744653116.884812 ,               1744653116.8853717,                   1744653116.9025898,              1744653116.9043071,             1744653116.9084873,           1744653116.9253197,         1744653116.92584  ,                  0.002858400344848633 , 0.00015997886657714844          ,                  0.002166271209716797 ,       0.005184650421142578 ,            0.021012544631958008 , 0.0005202293395996094     , -0.017352581024169922           , 0.004180192947387695  ,       0.0055310726165771484
       232,                    1744653116.9157894,                 1744653116.9260473,               1744653116.9262803,                   1744653116.9355662,              1744653116.9376814,             1744653116.9404562,           1744653116.9442177,         1744653116.9443207,                  0.0032057762145996094, 0.0004322528839111328           ,                  0.0015528202056884766,       0.005190849304199219 ,            0.006536245346069336 , 0.000102996826171875      , -0.0038645267486572266          , 0.0027747154235839844 ,       0.0057773590087890625
       233,                    1744653116.9959304,                 1744653117.0017807,               1744653117.001893 ,                   1744653117.0073109,              1744653117.0098038,             1744653117.0137093,           1744653117.0267138,         1744653117.0268424,                  0.00512242317199707  , 0.00047206878662109375          ,                  0.0060138702392578125,       0.011608362197875977 ,            0.016910076141357422 , 0.0001285076141357422     , -0.013133049011230469           , 0.0039055347442626953 ,       0.014136791229248047
       234,                    1744653117.0204103,                 1744653117.027717 ,               1744653117.027803 ,                   1744653117.04798  ,              1744653117.0490696,             1744653117.0516284,           1744653117.0619051,         1744653117.0620277,                  0.0016829967498779297, 0.0004684925079345703           ,                  0.0007717609405517578,       0.002923250198364258 ,            0.012835502624511719 , 0.00012254714965820312    , -0.010399341583251953           , 0.0025587081909179688 ,       0.0033435821533203125
       236,                    1744653117.0844336,                 1744653117.0920427,               1744653117.0924652,                   1744653117.1106305,              1744653117.1107368,             1744653117.111039 ,           1744653117.115143 ,         1744653117.115518 ,                  0.0077648162841796875, 0.0004887580871582031           ,                  0.013703107833862305 ,       0.021956682205200195 ,            0.0044062137603759766, 0.0003750324249267578     , -0.004479169845581055           , 0.0003020763397216797 ,       0.027916908264160156
       242,                    1744653117.1477625,                 1744653117.150621 ,               1744653117.150781 ,                   1744653117.1529472,              1744653117.1530333,             1744653117.1532936,           1744653117.1551006,         1744653117.1551852,                  0.0016434192657470703, 0.0004279613494873047           ,                  0.0041544437408447266,       0.0062258243560791016,            0.0020673274993896484, 8.463859558105469e-05     , -0.0018916130065917969          , 0.00026035308837890625,       0.009882450103759766
       243,                    1744653117.2946773,                 1744653117.297883 ,               1744653117.2983153,                   1744653117.299868 ,              1744653117.300141 ,             1744653117.3004546,           1744653117.303097 ,         1744653117.3034997,                  0.004163980484008789 , 0.00046253204345703125          ,                  0.002835988998413086 ,       0.007462501525878906 ,            0.002955913543701172 , 0.00040268898010253906    , -0.0030450820922851562          , 0.0003135204315185547 ,       0.009485483169555664
       244,                    1744653117.4002938,                 1744653117.4054163,               1744653117.4058883,                   1744653117.4119022,              1744653117.4123917,             1744653117.4144306,           1744653117.4178426,         1744653117.4184082,                  0.005066633224487305 , 0.00013637542724609375          ,                  0.008455514907836914 ,       0.013658523559570312 ,            0.0054509639739990234, 0.0005655288696289062     , -0.003977537155151367           , 0.0020389556884765625 ,       0.016640186309814453
       245,                    1744653117.4505413,                 1744653117.4522243,               1744653117.4526927,                   1744653117.4534645,              1744653117.4535403,             1744653117.4538848,           1744653117.45551  ,         1744653117.4559777,                  0.008365154266357422 , 0.0005338191986083984           ,                  0.004971742630004883 ,       0.013870716094970703 ,            0.001969575881958008 , 0.0004677772521972656     , -0.0020928382873535156          , 0.0003445148468017578 ,       0.020133495330810547
       246,                    1744653117.5625765,                 1744653117.5703413,               1744653117.57083  ,                   1744653117.5845332,              1744653117.5857646,             1744653117.5904934,           1744653117.59389  ,         1744653117.5943928,                  0.004904508590698242 , 0.00044846534729003906          ,                  0.005146026611328125 ,       0.010499000549316406 ,            0.00812530517578125  , 0.0005028247833251953     , -0.0038993358612060547          , 0.004728794097900391  ,       0.016492605209350586
       248,                    1744653117.6059585,                 1744653117.607602 ,               1744653117.6080298,                   1744653117.6121843,              1744653117.613035 ,             1744653117.615841 ,           1744653117.61904  ,         1744653117.6194048,                  0.005871295928955078 , 0.00012421607971191406          ,                  0.005814790725708008 ,       0.011810302734375    ,            0.006005048751831055 , 0.0003647804260253906     , -0.0035638809204101562          , 0.002805948257446289  ,       0.019057512283325195
       249,                    1744653117.6585467,                 1744653117.6627107,               1744653117.6631732,                   1744653117.6660092,              1744653117.66698  ,             1744653117.6680322,           1744653117.6700308,         1744653117.6704633,                  0.005385398864746094 , 0.0001392364501953125           ,                  0.005998373031616211 ,       0.011523008346557617 ,            0.0030508041381835938, 0.0004324913024902344     , -0.002431154251098633           , 0.0010521411895751953 ,       0.014800786972045898
       250,                    1744653117.805747 ,                 1744653117.8108137,               1744653117.81095  ,                   1744653117.8194056,              1744653117.8204386,             1744653117.8223872,           1744653117.8271887,         1744653117.8273213,                  0.007180452346801758 , 0.0004937648773193359           ,                  0.007616281509399414 ,       0.015290498733520508 ,            0.0067501068115234375, 0.00013256072998046875    , -0.004934072494506836           , 0.0019485950469970703 ,       0.017713308334350586
       251,                    1744653117.9123592,                 1744653117.9207244,               1744653117.9212582,                   1744653117.92623  ,              1744653117.9272313,             1744653117.9324927,           1744653117.9388041,         1744653117.9393103,                  0.010201692581176758 , 0.0004849433898925781           ,                  0.005666494369506836 ,       0.016353130340576172 ,            0.011572837829589844 , 0.0005061626434326172     , -0.00681757926940918            , 0.005261421203613281  ,       0.022646665573120117
       252,                    1744653117.9738176,                 1744653117.978722 ,               1744653117.9791706,                   1744653117.9843166,              1744653117.985758 ,             1744653117.9903102,           1744653117.9935806,         1744653117.9940617,                  0.011327505111694336 , 0.00012063980102539062          ,                  0.008022785186767578 ,       0.019470930099487305 ,            0.007822513580322266 , 0.0004811286926269531     , -0.003751516342163086           , 0.004552125930786133  ,       0.023571014404296875
       253,                    1744653118.0133657,                 1744653118.019237 ,               1744653118.0193613,                   1744653118.025176 ,              1744653118.0275655,             1744653118.0324233,           1744653118.0385618,         1744653118.0387044,                  0.008515357971191406 , 0.00011086463928222656          ,                  0.005969524383544922 ,       0.014595746994018555 ,            0.010996341705322266 , 0.00014257431030273438    , -0.006281137466430664           , 0.004857778549194336  ,       0.0245058536529541
       254,                    1744653118.1593056,                 1744653118.164691 ,               1744653118.1648302,                   1744653118.1708286,              1744653118.1712039,             1744653118.1741064,           1744653118.1767206,         1744653118.1768396,                  0.005973100662231445 , 0.0004825592041015625           ,                  0.011008501052856445 ,       0.017464160919189453 ,            0.005516767501831055 , 0.00011897087097167969    , -0.0027332305908203125          , 0.002902507781982422  ,       0.0216825008392334
       255,                    1744653118.220614 ,                 1744653118.2277944,               1744653118.2282882,                   1744653118.2359045,              1744653118.2366512,             1744653118.2383273,           1744653118.244075 ,         1744653118.2445202,                  0.009785890579223633 , 9.584426879882812e-05           ,                  0.0055654048919677734,       0.015447139739990234 ,            0.007423877716064453 , 0.0004451274871826172     , -0.006192922592163086           , 0.0016760826110839844 ,       0.020130395889282227
       256,                    1744653118.2880998,                 1744653118.2983015,               1744653118.2987864,                   1744653118.304453 ,              1744653118.30621  ,             1744653118.3107464,           1744653118.313192 ,         1744653118.3136573,                  0.004229307174682617 , 0.00046133995056152344          ,                  0.008048295974731445 ,       0.012738943099975586 ,            0.006981849670410156 , 0.00046539306640625       , -0.0029108524322509766          , 0.00453639030456543   ,       0.018047094345092773
       257,                    1744653118.3494587,                 1744653118.3607862,               1744653118.3609068,                   1744653118.3689296,              1744653118.3704295,             1744653118.3730297,           1744653118.375612 ,         1744653118.3757188,                  0.010756254196166992 , 0.0004572868347167969           ,                  0.019502878189086914 ,       0.030716419219970703 ,            0.005182504653930664 , 0.0001068115234375        , -0.0026891231536865234          , 0.0026001930236816406 ,       0.03813934326171875
       258,                    1744653118.4209154,                 1744653118.4294307,               1744653118.4295416,                   1744653118.435511 ,              1744653118.4369156,             1744653118.4454212,           1744653118.4495947,         1744653118.4496758,                  0.008654594421386719 , 0.00041294097900390625          ,                  0.008871078491210938 ,       0.017938613891601562 ,            0.012679100036621094 , 8.106231689453125e-05     , -0.004254579544067383           , 0.008505582809448242  ,       0.020827054977416992
       259,                    1744653118.446625 ,                 1744653118.452598 ,               1744653118.4530807,                   1744653118.4640892,              1744653118.4655252,             1744653118.4683075,           1744653118.4742112,         1744653118.4747276,                  0.005673646926879883 , 0.0005466938018798828           ,                  0.003486156463623047 ,       0.009706497192382812 ,            0.008686065673828125 , 0.0005164146423339844     , -0.006420135498046875           , 0.0027823448181152344 ,       0.01058197021484375
       260,                    1744653118.4884388,                 1744653118.4982247,               1744653118.4983206,                   1744653118.503886 ,              1744653118.5047593,             1744653118.5085692,           1744653118.513405 ,         1744653118.5135047,                  0.005858421325683594 , 0.00012183189392089844          ,                  0.0016105175018310547,       0.007590770721435547 ,            0.008645772933959961 , 9.965896606445312e-05     , -0.004935503005981445           , 0.0038099288940429688 ,       0.009818792343139648
       261,                    1744653118.5150383,                 1744653118.5192676,               1744653118.519729 ,                   1744653118.5277772,              1744653118.53     ,             1744653118.5330853,           1744653118.537065 ,         1744653118.5375545,                  0.0053441524505615234, 9.5367431640625e-05             ,                  0.008989334106445312 ,       0.014428853988647461 ,            0.0070650577545166016, 0.0004894733428955078     , -0.004469156265258789           , 0.0030853748321533203 ,       0.0184938907623291
       262,                    1744653118.5433035,                 1744653118.5540597,               1744653118.554517 ,                   1744653118.57402  ,              1744653118.5759974,             1744653118.5814428,           1744653118.5857592,         1744653118.586215 ,                  0.005822420120239258 , 0.00010967254638671875          ,                  0.010060548782348633 ,       0.01599264144897461  ,            0.009761810302734375 , 0.0004558563232421875     , -0.004772186279296875           , 0.0054454803466796875 ,       0.020765304565429688
       264,                    1744653118.6576035,                 1744653118.666258 ,               1744653118.666671 ,                   1744653118.675542 ,              1744653118.676327 ,             1744653118.6784306,           1744653118.6830628,         1744653118.683455 ,                  0.00263214111328125  , 0.0004267692565917969           ,                  0.004956960678100586 ,       0.008015871047973633 ,            0.006735801696777344 , 0.0003921985626220703     , -0.005024433135986328           , 0.002103567123413086  ,       0.014553308486938477
       266,                    1744653118.7544532,                 1744653118.7601268,               1744653118.7606735,                   1744653118.7641597,              1744653118.7644546,             1744653118.7650352,           1744653118.7667692,         1744653118.7671573,                  0.0044689178466796875, 0.0004017353057861328           ,                  0.005806684494018555 ,       0.010677337646484375 ,            0.0023145675659179688, 0.00038814544677734375    , -0.002122163772583008           , 0.0005805492401123047 ,       0.018098831176757812
       267,                    1744653118.810885 ,                 1744653118.8167434,               1744653118.8168652,                   1744653118.8184757,              1744653118.8195047,             1744653118.8207037,           1744653118.8254113,         1744653118.825512 ,                  0.009911537170410156 , 0.00014972686767578125          ,                  0.014139413833618164 ,       0.0242006778717041   ,            0.005906581878662109 , 0.00010061264038085938    , -0.004808187484741211           , 0.0011990070343017578 ,       0.02934718132019043
       268,                    1744653118.8364503,                 1744653118.8417945,               1744653118.8418899,                   1744653118.8508792,              1744653118.8523116,             1744653118.8549442,           1744653118.8589272,         1744653118.8590271,                  0.007521390914916992 , 0.00012254714965820312          ,                  0.006951332092285156 ,       0.014595270156860352 ,            0.006615638732910156 , 9.989738464355469e-05     , -0.004082918167114258           , 0.002632617950439453  ,       0.022879600524902344
       269,                    1744653118.8708484,                 1744653118.8766708,               1744653118.8767805,                   1744653118.886841 ,              1744653118.8878176,             1744653118.8916137,           1744653118.8970509,         1744653118.8971524,                  0.003592967987060547 , 0.0005176067352294922           ,                  0.006394386291503906 ,       0.010504961013793945 ,            0.009233236312866211 , 0.00010156631469726562    , -0.0055387020111083984          , 0.003796100616455078  ,       0.0171358585357666
       270,                    1744653119.0174751,                 1744653119.0201073,               1744653119.020534 ,                   1744653119.025491 ,              1744653119.0281224,             1744653119.0320284,           1744653119.03514  ,         1744653119.0356407,                  0.003624439239501953 , 0.00038743019104003906          ,                  0.0008358955383300781,       0.00484776496887207  ,            0.007017612457275391 , 0.0005006790161132812     , -0.0036122798919677734          , 0.0039060115814208984 ,       0.0053369998931884766
       271,                    1744653119.0433362,                 1744653119.047805 ,               1744653119.0482068,                   1744653119.0540135,              1744653119.0552332,             1744653119.061435 ,           1744653119.0635798,         1744653119.0639336,                  0.0049016475677490234, 0.00012183189392089844          ,                  0.006371974945068359 ,       0.011395454406738281 ,            0.0083465576171875   , 0.00035381317138671875    , -0.002498626708984375           , 0.006201744079589844  ,       0.017261743545532227
       272,                    1744653119.2673666,                 1744653119.2772782,               1744653119.277428 ,                   1744653119.2915673,              1744653119.2932093,             1744653119.2967138,           1744653119.3066936,         1744653119.3068142,                  0.007163047790527344 , 0.0005338191986083984           ,                  0.004191398620605469 ,       0.011888265609741211 ,            0.01348423957824707  , 0.00012063980102539062    , -0.010100364685058594           , 0.003504514694213867  ,       0.018812894821166992
       273,                    1744653119.3621063,                 1744653119.3696277,               1744653119.3697503,                   1744653119.3767016,              1744653119.377366 ,             1744653119.384986 ,           1744653119.3909674,         1744653119.3910718,                  0.005942344665527344 , 0.0001704692840576172           ,                  0.00654149055480957  ,       0.012654304504394531 ,            0.013601303100585938 , 0.00010442733764648438    , -0.006085872650146484           , 0.0076198577880859375 ,       0.01816725730895996
       274,                    1744653119.4327283,                 1744653119.4363213,               1744653119.4368389,                   1744653119.4432333,              1744653119.444648 ,             1744653119.4498641,           1744653119.4526854,         1744653119.4532275,                  0.008100748062133789 , 0.00044608116149902344          ,                  0.01530003547668457  ,       0.023846864700317383 ,            0.008037328720092773 , 0.0005421638488769531     , -0.003363370895385742           , 0.005216121673583984  ,       0.029349088668823242
       275,                    1744653119.4581907,                 1744653119.461815 ,               1744653119.4622025,                   1744653119.4630384,              1744653119.4631155,             1744653119.4635277,           1744653119.4652297,         1744653119.4656181,                  0.012829780578613281 , 0.0003674030303955078           ,                  0.02153325080871582  ,       0.03473043441772461  ,            0.0021142959594726562, 0.0003883838653564453     , -0.0020904541015625             , 0.00041222572326660156,       0.039615631103515625
       276,                    1744653119.4924436,                 1744653119.4973452,               1744653119.497467 ,                   1744653119.503839 ,              1744653119.5050101,             1744653119.5097053,           1744653119.5125277,         1744653119.5126157,                  0.010678768157958984 , 0.00029754638671875             ,                  0.015937089920043945 ,       0.02691340446472168  ,            0.007517576217651367 , 8.797645568847656e-05     , -0.0029103755950927734          , 0.00469517707824707   ,       0.03240394592285156
       277,                    1744653119.7547631,                 1744653119.7619262,               1744653119.76246  ,                   1744653119.7666514,              1744653119.768614 ,             1744653119.773576 ,           1744653119.7773864,         1744653119.7778597,                  0.01790308952331543  , 0.0001266002655029297           ,                  0.014115333557128906 ,       0.032145023345947266 ,            0.00877237319946289  , 0.00047326087951660156    , -0.0042836666107177734          , 0.004961967468261719  ,       0.043609619140625
       278,                    1744653119.921658 ,                 1744653119.9276004,               1744653119.9277709,                   1744653119.9343123,              1744653119.93494  ,             1744653119.9398253,           1744653119.9447546,         1744653119.9448571,                  0.005958080291748047 , 9.34600830078125e-05            ,                  0.017451763153076172 ,       0.02350330352783203  ,            0.00981450080871582  , 0.00010251998901367188    , -0.0050318241119384766          , 0.004885196685791016  ,       0.027985095977783203
       279,                    1744653119.9550288,                 1744653119.9631295,               1744653119.9635756,                   1744653119.9788756,              1744653119.979519 ,             1744653119.9843779,           1744653119.9922574,         1744653119.9926116,                  0.005391597747802734 , 0.00033593177795410156          ,                  0.007643461227416992 ,       0.013370990753173828 ,            0.012738466262817383 , 0.0003542900085449219     , -0.008233785629272461           , 0.004858970642089844  ,       0.015697956085205078
       280,                    1744653120.0310616,                 1744653120.0438914,               1744653120.0442588,                   1744653120.065792 ,              1744653120.0670626,             1744653120.0706773,           1744653120.0739646,         1744653120.0743265,                  0.005028247833251953 , 0.00013756752014160156          ,                  0.003430604934692383 ,       0.008596420288085938 ,            0.006901979446411133 , 0.0003619194030761719     , -0.0036492347717285156          , 0.003614664077758789  ,       0.011474609375
       282,                    1744653120.135161 ,                 1744653120.1458397,               1744653120.1461372,                   1744653120.1620743,              1744653120.1645708,             1744653120.1675649,           1744653120.1773503,         1744653120.1774445,                  0.00392603874206543  , 0.00014734268188476562          ,                  0.0034770965576171875,       0.007550477981567383 ,            0.012779474258422852 , 9.417533874511719e-05     , -0.009879589080810547           , 0.002994060516357422  ,       0.01279449462890625
       283,                    1744653120.1565394,                 1744653120.1744425,               1744653120.1745691,                   1744653120.1886845,              1744653120.1906114,             1744653120.200149 ,           1744653120.2042415,         1744653120.204357 ,                  0.0039327144622802734, 0.0004925727844238281           ,                  0.0031595230102539062,       0.007584810256958008 ,            0.013630151748657227 , 0.00011539459228515625    , -0.0042078495025634766          , 0.009537696838378906  ,       0.015062570571899414
       284,                    1744653120.1824985,                 1744653120.1884565,               1744653120.18855  ,                   1744653120.2060018,              1744653120.2075632,             1744653120.2104836,           1744653120.2160356,         1744653120.2161317,                  0.012357950210571289 , 0.00019097328186035156          ,                  0.017711400985717773 ,       0.030260324478149414 ,            0.008472442626953125 , 9.608268737792969e-05     , -0.005648136138916016           , 0.002920389175415039  ,       0.03184008598327637
       286,                    1744653120.2825642,                 1744653120.2879558,               1744653120.2882917,                   1744653120.2959352,              1744653120.2968802,             1744653120.2982621,           1744653120.3011796,         1744653120.301499 ,                  0.003722667694091797 , 0.0004673004150390625           ,                  0.023410320281982422 ,       0.02760028839111328  ,            0.0042994022369384766, 0.0003192424774169922     , -0.0032367706298828125          , 0.0013818740844726562 ,       0.034770965576171875
       287,                    1744653120.4080312,                 1744653120.4130595,               1744653120.413197 ,                   1744653120.4166276,              1744653120.4170368,             1744653120.4195058,           1744653120.4221447,         1744653120.4222379,                  0.007173299789428711 , 7.772445678710938e-05           ,                  0.02533698081970215  ,       0.03258800506591797  ,            0.005107879638671875 , 9.322166442871094e-05     , -0.0027320384979248047          , 0.0024690628051757812 ,       0.03907370567321777
       288,                    1744653120.444144 ,                 1744653120.44807  ,               1744653120.4482174,                   1744653120.4516945,              1744653120.4528472,             1744653120.4569385,           1744653120.459955 ,         1744653120.4600496,                  0.021353721618652344 , 0.00164794921875                ,                  0.014894485473632812 ,       0.037896156311035156 ,            0.007107734680175781 , 9.465217590332031e-05     , -0.003111124038696289           , 0.0040912628173828125 ,       0.04018688201904297
       289,                    1744653120.7001445,                 1744653120.7040772,               1744653120.7045698,                   1744653120.7077293,              1744653120.7091773,             1744653120.715207 ,           1744653120.718073 ,         1744653120.718665 ,                  0.010796070098876953 , 0.0001354217529296875           ,                  0.01665019989013672  ,       0.02758169174194336  ,            0.008895635604858398 , 0.0005919933319091797     , -0.003457784652709961           , 0.006029844284057617  ,       0.03035283088684082
       290,                    1744653120.7226725,                 1744653120.7350304,               1744653120.7352214,                   1744653120.7529328,              1744653120.7535825,             1744653120.7545125,           1744653120.761471 ,         1744653120.7615924,                  0.011901378631591797 , 0.00011730194091796875          ,                  0.0042171478271484375,       0.016235828399658203 ,            0.007888555526733398 , 0.00012135505676269531    , -0.0070798397064208984          , 0.0009300708770751953 ,       0.02033853530883789
       292,                    1744653120.8671803,                 1744653120.870903 ,               1744653120.8713703,                   1744653120.8947806,              1744653120.8960886,             1744653120.9019513,           1744653120.912186 ,         1744653120.912638 ,                  0.0053555965423583984, 0.00046539306640625             ,                  0.007834434509277344 ,       0.013655424118041992 ,            0.016097307205200195 , 0.0004520416259765625     , -0.010686635971069336           , 0.005862712860107422  ,       0.02226543426513672
       294,                    1744653120.9165006,                 1744653120.9236739,               1744653120.9237516,                   1744653120.9490886,              1744653120.9510756,             1744653120.9555743,           1744653120.9641314,         1744653120.9642375,                  0.0051746368408203125, 8.153915405273438e-05           ,                  0.017203807830810547 ,       0.022459983825683594 ,            0.013055801391601562 , 0.00010609626770019531    , -0.008663177490234375           , 0.004498720169067383  ,       0.03065657615661621
       296,                    1744653120.9860446,                 1744653121.0073984,               1744653121.0090463,                   1744653121.0239408,              1744653121.0248592,             1744653121.0262315,           1744653121.0356472,         1744653121.0360453,                  0.005712985992431641 , 0.00018095970153808594          ,                  0.005967617034912109 ,       0.011861562728881836 ,            0.0107879638671875   , 0.0003981590270996094     , -0.009813785552978516           , 0.0013723373413085938 ,       0.01759052276611328
       297,                    1744653121.0005553,                 1744653121.0113513,               1744653121.0114868,                   1744653121.028137 ,              1744653121.0294068,             1744653121.030908 ,           1744653121.0374417,         1744653121.037535 ,                  0.0017511844635009766, 9.012222290039062e-05           ,                  0.0007016658782958984,       0.0025429725646972656,            0.008034944534301758 , 9.322166442871094e-05     , -0.00662684440612793            , 0.001501321792602539  ,       0.002935647964477539
       301,                    1744653121.2703645,                 1744653121.282266 ,               1744653121.2823832,                   1744653121.2866004,              1744653121.2871938,             1744653121.290703 ,           1744653121.2944593,         1744653121.2945697,                  0.010071992874145508 , 0.0008363723754882812           ,                  0.019440889358520508 ,       0.030349254608154297 ,            0.007265567779541016 , 0.00011038780212402344    , -0.0038666725158691406          , 0.0035092830657958984 ,       0.031436920166015625
       302,                    1744653121.336123 ,                 1744653121.3414786,               1744653121.341944 ,                   1744653121.3497784,              1744653121.351438 ,             1744653121.3583884,           1744653121.3657398,         1744653121.3663142,                  0.008892536163330078 , 0.0003337860107421875           ,                  0.0031387805938720703,       0.012365102767944336 ,            0.014301776885986328 , 0.0005743503570556641     , -0.007925748825073242           , 0.00695037841796875   ,       0.017167329788208008
       303,                    1744653121.368427 ,                 1744653121.3736017,               1744653121.3736832,                   1744653121.390887 ,              1744653121.3925638,             1744653121.3990836,           1744653121.404491 ,         1744653121.404595 ,                  0.007627248764038086 , 0.00037932395935058594          ,                  0.005430459976196289 ,       0.013437032699584961 ,            0.011927127838134766 , 0.00010395050048828125    , -0.005511283874511719           , 0.006519794464111328  ,       0.01595473289489746
       305,                    1744653121.4436336,                 1744653121.4493465,               1744653121.4495275,                   1744653121.455495 ,              1744653121.4563272,             1744653121.461224 ,           1744653121.4660633,         1744653121.4662626,                  0.0040128231048583984, 0.00039315223693847656          ,                  0.01721954345703125  ,       0.021625518798828125 ,            0.009736061096191406 , 0.00019931793212890625    , -0.00503849983215332            , 0.004896879196166992  ,       0.0325627326965332
       306,                    1744653121.4935284,                 1744653121.4952796,               1744653121.4953697,                   1744653121.4960713,              1744653121.4961467,             1744653121.496464 ,           1744653121.498079 ,         1744653121.498205 ,                  0.0054895877838134766, 0.0004506111145019531           ,                  0.003247499465942383 ,       0.009187698364257812 ,            0.001932382583618164 , 0.000125885009765625      , -0.0017409324645996094          , 0.0003173351287841797 ,       0.011386394500732422
       307,                    1744653121.6606917,                 1744653121.6707637,               1744653121.6716   ,                   1744653121.691041 ,              1744653121.691281 ,             1744653121.6921287,           1744653121.696943 ,         1744653121.697369 ,                  0.0032546520233154297, 0.0004336833953857422           ,                  0.0068111419677734375,       0.01049947738647461  ,            0.005661964416503906 , 0.0004260540008544922     , -0.005240440368652344           , 0.0008475780487060547 ,       0.015329599380493164
       309,                    1744653121.7179368,                 1744653121.7268293,               1744653121.727163 ,                   1744653121.7303019,              1744653121.7309551,             1744653121.735104 ,           1744653121.7385798,         1744653121.7389507,                  0.008338451385498047 , 0.00010752677917480469          ,                  0.006314754486083984 ,       0.014760732650756836 ,            0.007624626159667969 , 0.00037097930908203125    , -0.0038466453552246094          , 0.004148960113525391  ,       0.01984548568725586
       310,                    1744653121.772809 ,                 1744653121.7804363,               1744653121.7808156,                   1744653121.786246 ,              1744653121.7875793,             1744653121.7887638,           1744653121.7912421,         1744653121.791628 ,                  0.007207632064819336 , 8.654594421386719e-05           ,                  0.008959531784057617 ,       0.01625370979309082  ,            0.0036628246307373047, 0.0003857612609863281     , -0.0028641223907470703          , 0.0011844635009765625 ,       0.02127861976623535
       311,                    1744653121.8333359,                 1744653121.8373487,               1744653121.8377419,                   1744653121.8549614,              1744653121.859431 ,             1744653121.8658986,           1744653121.8715703,         1744653121.8719883,                  0.005948781967163086 , 0.0003829002380371094           ,                  0.004568338394165039 ,       0.010900020599365234 ,            0.012139320373535156 , 0.00041794776916503906    , -0.006089687347412109           , 0.006467580795288086  ,       0.015182971954345703
       313,                    1744653122.1348605,                 1744653122.14035  ,               1744653122.1408007,                   1744653122.1440482,              1744653122.1448998,             1744653122.146247 ,           1744653122.1494873,         1744653122.1498904,                  0.00394129753112793  , 8.58306884765625e-05            ,                  0.003763437271118164 ,       0.007790565490722656 ,            0.004587411880493164 , 0.0004031658172607422     , -0.003643512725830078           , 0.0013470649719238281 ,       0.01156473159790039
       314,                    1744653122.2045786,                 1744653122.2078333,               1744653122.208267 ,                   1744653122.215078 ,              1744653122.216516 ,             1744653122.2199082,           1744653122.2233238,         1744653122.223766 ,                  0.00990748405456543  , 0.00010991096496582031          ,                  0.00407862663269043  ,       0.01409602165222168  ,            0.006807804107666016 , 0.00044226646423339844    , -0.003857851028442383           , 0.0033922195434570312 ,       0.016762495040893555
       315,                    1744653122.2444034,                 1744653122.2527418,               1744653122.2528493,                   1744653122.259164 ,              1744653122.261052 ,             1744653122.2642488,           1744653122.2704222,         1744653122.270564 ,                  0.00461578369140625  , 0.0004820823669433594           ,                  0.009126424789428711 ,       0.01422429084777832  ,            0.00937032699584961  , 0.0001418590545654297     , -0.0063152313232421875          , 0.0031969547271728516 ,       0.025275468826293945
       316,                    1744653122.2705421,                 1744653122.2777498,               1744653122.2778363,                   1744653122.2867959,              1744653122.2875154,             1744653122.2918208,           1744653122.2941847,         1744653122.2942898,                  0.010686159133911133 , 0.00011324882507324219          ,                  0.014331579208374023 ,       0.0251309871673584   ,            0.006669282913208008 , 0.00010514259338378906    , -0.0024690628051757812          , 0.004305362701416016  ,       0.03000164031982422
       317,                    1744653122.4169428,                 1744653122.4228916,               1744653122.4232745,                   1744653122.4278429,              1744653122.4285724,             1744653122.4321258,           1744653122.4362862,         1744653122.43667  ,                  0.007387638092041016 , 0.00011420249938964844          ,                  0.003202199935913086 ,       0.01070404052734375  ,            0.007713794708251953 , 0.0003838539123535156     , -0.004544258117675781           , 0.0035533905029296875 ,       0.016858816146850586
       318,                    1744653122.4547749,                 1744653122.4587162,               1744653122.458802 ,                   1744653122.4625654,              1744653122.463609 ,             1744653122.4663396,           1744653122.4692235,         1744653122.4693437,                  0.0053293704986572266, 0.0004456043243408203           ,                  0.008224248886108398 ,       0.013999223709106445 ,            0.005614519119262695 , 0.0001201629638671875     , -0.0030040740966796875          , 0.0027306079864501953 ,       0.015513420104980469
       319,                    1744653122.6762645,                 1744653122.686172 ,               1744653122.686282 ,                   1744653122.6903605,              1744653122.690767 ,             1744653122.693027 ,           1744653122.698959 ,         1744653122.6990697,                  0.008717060089111328 , 0.00042057037353515625          ,                  0.004773378372192383 ,       0.013911008834838867 ,            0.008192062377929688 , 0.000110626220703125      , -0.0060427188873291016          , 0.002259969711303711  ,       0.017882108688354492
       320,                    1744653122.6960998,                 1744653122.7007155,               1744653122.7011976,                   1744653122.710324 ,              1744653122.7115183,             1744653122.7213752,           1744653122.732927 ,         1744653122.7334173,                  0.0067179203033447266, 0.00043010711669921875          ,                  0.009505033493041992 ,       0.016653060913085938 ,            0.021408796310424805 , 0.0004901885986328125     , -0.012042045593261719           , 0.009856939315795898  ,       0.02283930778503418
       321,                    1744653122.7240539,                 1744653122.73474  ,               1744653122.7348533,                   1744653122.7491848,              1744653122.751286 ,             1744653122.7540555,           1744653122.7566082,         1744653122.7567194,                  0.0039517879486083984, 0.0005431175231933594           ,                  0.0057353973388671875,       0.010230302810668945 ,            0.00532221794128418  , 0.00011110305786132812    , -0.002663850784301758           , 0.00276947021484375   ,       0.01731586456298828
       322,                    1744653122.844035 ,                 1744653122.8514225,               1744653122.8515368,                   1744653122.854739 ,              1744653122.8555505,             1744653122.8608937,           1744653122.8668628,         1744653122.867008 ,                  0.017651081085205078 , 0.00013494491577148438          ,                  0.029574871063232422 ,       0.047360897064208984 ,            0.011312246322631836 , 0.00014519691467285156    , -0.00611424446105957            , 0.005343198776245117  ,       0.05730772018432617
       323,                    1744653122.8620262,                 1744653122.8673556,               1744653122.8678012,                   1744653122.8760254,              1744653122.8763258,             1744653122.8775396,           1744653122.880334 ,         1744653122.880766 ,                  0.013521194458007812 , 8.463859558105469e-05           ,                  0.01824951171875     ,       0.03185534477233887  ,            0.004008054733276367 , 0.00043201446533203125    , -0.0032262802124023438          , 0.0012137889862060547 ,       0.03485107421875
       324,                    1744653122.9395244,                 1744653122.9482415,               1744653122.948662 ,                   1744653122.9534354,              1744653122.9541929,             1744653122.9574065,           1744653122.9617562,         1744653122.9621725,                  0.004956245422363281 , 0.0004394054412841797           ,                  0.006438732147216797 ,       0.011834383010864258 ,            0.007563352584838867 , 0.0004162788391113281     , -0.004765987396240234           , 0.003213644027709961  ,       0.020342350006103516
       325,                    1744653123.1029608,                 1744653123.1096787,               1744653123.1101089,                   1744653123.119614 ,              1744653123.1215463,             1744653123.1258001,           1744653123.1321015,         1744653123.132475 ,                  0.004304647445678711 , 0.0004260540008544922           ,                  0.005588054656982422 ,       0.010318756103515625 ,            0.010555267333984375 , 0.0003733634948730469     , -0.006674766540527344           , 0.004253864288330078  ,       0.015725135803222656
       326,                    1744653123.153653 ,                 1744653123.1576047,               1744653123.1581478,                   1744653123.1638832,              1744653123.1643205,             1744653123.1709688,           1744653123.1779869,         1744653123.1785543,                  0.005925893783569336 , 0.0005240440368652344           ,                  0.004869699478149414 ,       0.011319637298583984 ,            0.013666391372680664 , 0.0005674362182617188     , -0.0075855255126953125          , 0.00664830207824707   ,       0.01797628402709961
       327,                    1744653123.2010849,                 1744653123.218736 ,               1744653123.2188709,                   1744653123.2484457,              1744653123.25072  ,             1744653123.2583926,           1744653123.267773 ,         1744653123.267883 ,                  0.006151437759399414 , 8.20159912109375e-05            ,                  0.013443708419799805 ,       0.019677162170410156 ,            0.017052888870239258 , 0.00011014938354492188    , -0.009490489959716797           , 0.007672548294067383  ,       0.02382636070251465
       329,                    1744653123.289915 ,                 1744653123.3034363,               1744653123.303521 ,                   1744653123.3217704,              1744653123.3221626,             1744653123.3247662,           1744653123.329423 ,         1744653123.329521 ,                  0.0055272579193115234, 7.939338684082031e-05           ,                  0.012120246887207031 ,       0.017726898193359375 ,            0.007260322570800781 , 9.799003601074219e-05     , -0.004754781723022461           , 0.0026035308837890625 ,       0.020972013473510742
       331,                    1744653123.3662648,                 1744653123.371221 ,               1744653123.3716605,                   1744653123.3780992,              1744653123.3800292,             1744653123.3866072,           1744653123.3897345,         1744653123.3901699,                  0.009032487869262695 , 0.0003256797790527344           ,                  0.026549577713012695 ,       0.035907745361328125 ,            0.009705305099487305 , 0.0004353523254394531     , -0.0035626888275146484          , 0.006577968597412109  ,       0.042623043060302734
       332,                    1744653123.404627 ,                 1744653123.4089317,               1744653123.4093578,                   1744653123.4149458,              1744653123.4172542,             1744653123.4203522,           1744653123.4239702,         1744653123.4244645,                  0.006104469299316406 , 0.0005447864532470703           ,                  0.006903648376464844 ,       0.01355290412902832  ,            0.006716012954711914 , 0.0004942417144775391     , -0.00411224365234375            , 0.003098011016845703  ,       0.0185394287109375
       333,                    1744653123.4555974,                 1744653123.4615233,               1744653123.4620473,                   1744653123.466917 ,              1744653123.4672997,             1744653123.4735737,           1744653123.4837167,         1744653123.4842117,                  0.0018088817596435547, 0.0005166530609130859           ,                  0.0008642673492431641,       0.0031898021697998047,            0.01641702651977539  , 0.0004949569702148438     , -0.010637998580932617           , 0.006273984909057617  ,       0.0036096572875976562
       334,                    1744653123.4857116,                 1744653123.491863 ,               1744653123.491945 ,                   1744653123.5053887,              1744653123.5056381,             1744653123.509538 ,           1744653123.5129669,         1744653123.5130837,                  0.0046079158782958984, 0.0005114078521728516           ,                  0.0025224685668945312,       0.007641792297363281 ,            0.00732874870300293  , 0.00011682510375976562    , -0.0035457611083984375          , 0.003899812698364258  ,       0.009583473205566406
       336,                    1744653123.5680041,                 1744653123.5735314,               1744653123.5736108,                   1744653123.585731 ,              1744653123.587789 ,             1744653123.5889761,           1744653123.5932508,         1744653123.5933392,                  0.005059003829956055 , 0.00048470497131347656          ,                  0.011846065521240234 ,       0.017389774322509766 ,            0.005461692810058594 , 8.845329284667969e-05     , -0.004363059997558594           , 0.0011870861053466797 ,       0.0213162899017334
       338,                    1744653123.669571 ,                 1744653123.6786034,               1744653123.678929 ,                   1744653123.7054787,              1744653123.7073188,             1744653123.712194 ,           1744653123.721288 ,         1744653123.7216   ,                  0.0029036998748779297, 0.00043272972106933594          ,                  0.0008313655853271484,       0.004167795181274414 ,            0.013969182968139648 , 0.0003120899200439453     , -0.009406089782714844           , 0.00487518310546875   ,       0.004572153091430664
       340,                    1744653123.7158704,                 1744653123.7219748,               1744653123.7225196,                   1744653123.7294233,              1744653123.7302506,             1744653123.7344098,           1744653123.7378743,         1744653123.7382555,                  0.0020029544830322266, 0.00017404556274414062          ,                  0.0007407665252685547,       0.002917766571044922 ,            0.0076236724853515625, 0.00038123130798339844    , -0.003845691680908203           , 0.004159212112426758  ,       0.003306865692138672
       341,                    1744653123.7666314,                 1744653123.7684402,               1744653123.768957 ,                   1744653123.7698212,              1744653123.7699034,             1744653123.770241 ,           1744653123.7720196,         1744653123.7725275,                  0.00741267204284668  , 0.00043582916259765625          ,                  0.0009374618530273438,       0.00878596305847168  ,            0.0021162033081054688, 0.0005078315734863281     , -0.0022864341735839844          , 0.0003376007080078125 ,       0.009277820587158203
       342,                    1744653123.862924 ,                 1744653123.867532 ,               1744653123.8680434,                   1744653123.870566 ,              1744653123.8712125,             1744653123.8725076,           1744653123.8744519,         1744653123.875008 ,                  0.00512385368347168  , 0.00038743019104003906          ,                  0.002297639846801758 ,       0.0078089237213134766,            0.0032393932342529297, 0.0005562305450439453     , -0.0025005340576171875          , 0.0012950897216796875 ,       0.008960247039794922
       343,                    1744653123.8851328,                 1744653123.8901918,               1744653123.8906765,                   1744653123.9025226,              1744653123.9035525,             1744653123.906449 ,           1744653123.9099247,         1744653123.9103937,                  0.010358810424804688 , 0.0006003379821777344           ,                  0.034277915954589844 ,       0.045237064361572266 ,            0.006372213363647461 , 0.00046896934509277344    , -0.0039446353912353516          , 0.002896547317504883  ,       0.04741168022155762
       344,                    1744653124.0166204,                 1744653124.019524 ,               1744653124.0199568,                   1744653124.0207882,              1744653124.020865 ,             1744653124.0211926,           1744653124.0230076,         1744653124.0234146,                  0.006948709487915039 , 0.0002124309539794922           ,                  0.004724025726318359 ,       0.01188516616821289  ,            0.002142667770385742 , 0.0004069805145263672     , -0.0022220611572265625          , 0.0003275871276855469 ,       0.015966415405273438
       345,                    1744653124.1686008,                 1744653124.1706038,               1744653124.1707778,                   1744653124.1715186,              1744653124.1715894,             1744653124.1719077,           1744653124.1735702,         1744653124.1736832,                  0.005417823791503906 , 0.0001380443572998047           ,                  0.006333351135253906 ,       0.011889219284057617 ,            0.0019807815551757812, 0.00011301040649414062    , -0.001775503158569336           , 0.00031828880310058594,       0.017472267150878906
       346,                    1744653124.206382 ,                 1744653124.2137947,               1744653124.2142305,                   1744653124.215168 ,              1744653124.2152789,             1744653124.2156599,           1744653124.2173574,         1744653124.2177887,                  0.0037360191345214844, 0.0004489421844482422           ,                  0.04853081703186035  ,       0.05271577835083008  ,            0.002078533172607422 , 0.00043129920959472656    , -0.0021288394927978516          , 0.0003809928894042969 ,       0.06151628494262695
       347,                    1744653124.3090227,                 1744653124.3141465,               1744653124.314534 ,                   1744653124.3168316,              1744653124.3170903,             1744653124.317983 ,           1744653124.320418 ,         1744653124.3207192,                  0.017566204071044922 , 0.00021910667419433594          ,                  0.051223039627075195 ,       0.06900835037231445  ,            0.003327608108520508 , 0.000301361083984375      , -0.002736330032348633           , 0.00089263916015625   ,       0.07720375061035156
       348,                    1744653124.5608335,                 1744653124.5711923,               1744653124.5717926,                   1744653124.6060705,              1744653124.606403 ,             1744653124.6082451,           1744653124.6121867,         1744653124.6127512,                  0.055109262466430664 , 0.00038433074951171875          ,                  0.022557735443115234 ,       0.07805132865905762  ,            0.005783557891845703 , 0.0005645751953125        , -0.004506111145019531           , 0.0018420219421386719 ,       0.08642268180847168
       349,                    1744653124.7676585,                 1744653124.7746072,               1744653124.7748196,                   1744653124.7795436,              1744653124.7808828,             1744653124.783625 ,           1744653124.787631 ,         1744653124.7877913,                  0.005101919174194336 , 0.0006573200225830078           ,                  0.006540060043334961 ,       0.012299299240112305 ,            0.006748199462890625 , 0.00016021728515625       , -0.004166364669799805           , 0.0027420520782470703 ,       0.016481876373291016
       350,                    1744653124.8281536,                 1744653124.8335714,               1744653124.8337095,                   1744653124.8400428,              1744653124.8408697,             1744653124.8456259,           1744653124.8482182,         1744653124.848342 ,                  0.006340742111206055 , 0.0006520748138427734           ,                  0.015753507614135742 ,       0.02274632453918457  ,            0.007348537445068359 , 0.00012373924255371094    , -0.002716064453125              , 0.00475621223449707   ,       0.027040481567382812
       351,                    1744653124.8858342,                 1744653124.8895702,               1744653124.8900192,                   1744653124.93855  ,              1744653124.9405894,             1744653124.9473505,           1744653124.9537961,         1744653124.954133 ,                  0.010345220565795898 , 0.0005292892456054688           ,                  0.008922338485717773 ,       0.01979684829711914  ,            0.013206720352172852 , 0.0003368854522705078     , -0.00678253173828125            , 0.006761074066162109  ,       0.025584936141967773
       352,                    1744653124.9230702,                 1744653124.9406364,               1744653124.9408555,                   1744653124.9920785,              1744653124.9954607,             1744653125.000274 ,           1744653125.0188007,         1744653125.0188978,                  0.005623340606689453 , 0.00045299530029296875          ,                  0.006453990936279297 ,       0.012530326843261719 ,            0.02333998680114746  , 9.703636169433594e-05     , -0.018623828887939453           , 0.004813194274902344  ,       0.01773691177368164
       354,                    1744653124.9547765,                 1744653125.0098858,               1744653125.01027  ,                   1744653125.0328279,              1744653125.0352578,             1744653125.0411992,           1744653125.0488217,         1744653125.0492551,                  0.0018169879913330078, 0.00031304359436035156          ,                  0.0018630027770996094,       0.003993034362792969 ,            0.013563871383666992 , 0.0004334449768066406     , -0.008055925369262695           , 0.0059413909912109375 ,       0.004329204559326172
       359,                    1744653125.0869017,                 1744653125.0920036,               1744653125.092661 ,                   1744653125.099201 ,              1744653125.0997188,             1744653125.1033835,           1744653125.113983 ,         1744653125.1145954,                  0.004838705062866211 , 9.059906005859375e-05           ,                  0.002342700958251953 ,       0.007272005081176758 ,            0.014264106750488281 , 0.0006124973297119141     , -0.011211872100830078           , 0.003664731979370117  ,       0.007703304290771484
       360,                    1744653125.117902 ,                 1744653125.1242428,               1744653125.1248949,                   1744653125.1406484,              1744653125.1409075,             1744653125.1449425,           1744653125.1538477,         1744653125.1543252,                  0.009427785873413086 , 0.00015997886657714844          ,                  0.002348661422729492 ,       0.011936426162719727 ,            0.012940168380737305 , 0.0004775524139404297     , -0.00938272476196289            , 0.004034996032714844  ,       0.012461185455322266
       362,                    1744653125.1467373,                 1744653125.1570826,               1744653125.1576118,                   1744653125.1665342,              1744653125.167468 ,             1744653125.1723223,           1744653125.1751997,         1744653125.1757288,                  0.006372928619384766 , 0.0004918575286865234           ,                  0.006362199783325195 ,       0.013226985931396484 ,            0.00773167610168457  , 0.0005290508270263672     , -0.003406524658203125           , 0.0048542022705078125 ,       0.01875162124633789
       363,                    1744653125.1979134,                 1744653125.2035367,               1744653125.2039897,                   1744653125.2104437,              1744653125.2124207,             1744653125.2156503,           1744653125.2231095,         1744653125.2235386,                  0.00855708122253418  , 0.00010609626770019531          ,                  0.006749868392944336 ,       0.015413045883178711 ,            0.01068878173828125  , 0.0004291534423828125     , -0.007888317108154297           , 0.0032296180725097656 ,       0.0228424072265625
       364,                    1744653125.234867 ,                 1744653125.236684 ,               1744653125.2369971,                   1744653125.2388601,              1744653125.238954 ,             1744653125.2391963,           1744653125.2434716,         1744653125.243796 ,                  0.003548860549926758 , 0.00042438507080078125          ,                  0.005255460739135742 ,       0.009228706359863281 ,            0.004517555236816406 , 0.00032448768615722656    , -0.004599809646606445           , 0.0002422332763671875 ,       0.018613100051879883
       365,                    1744653125.2431083,                 1744653125.247947 ,               1744653125.2480376,                   1744653125.2503803,              1744653125.250542 ,             1744653125.2508116,           1744653125.2525415,         1744653125.2526367,                  0.006406545639038086 , 0.0005049705505371094           ,                  0.016774892807006836 ,       0.02368640899658203  ,            0.0019996166229248047, 9.512901306152344e-05     , -0.001825094223022461           , 0.0002696514129638672 ,       0.02953505516052246
       366,                    1744653125.3181503,                 1744653125.327578 ,               1744653125.327738 ,                   1744653125.3300867,              1744653125.330314 ,             1744653125.3306115,           1744653125.3323104,         1744653125.3324234,                  0.008073091506958008 , 0.0004286766052246094           ,                  0.02593088150024414  ,       0.03443264961242676  ,            0.0019965171813964844, 0.00011301040649414062    , -0.001811981201171875           , 0.00029754638671875   ,       0.042249202728271484
       367,                    1744653125.488608 ,                 1744653125.4949808,               1744653125.4954727,                   1744653125.5018349,              1744653125.5036077,             1744653125.5073595,           1744653125.5125408,         1744653125.5129752,                  0.014641046524047852 , 0.000591278076171875            ,                  0.013961076736450195 ,       0.029193401336669922 ,            0.008933067321777344 , 0.0004343986511230469     , -0.005615711212158203           , 0.0037517547607421875 ,       0.03981471061706543
       368,                    1744653125.6364744,                 1744653125.6450315,               1744653125.6451375,                   1744653125.6518874,              1744653125.652905 ,             1744653125.6593168,           1744653125.6646276,         1744653125.6647334,                  0.010998725891113281 , 0.00041866302490234375          ,                  0.015882253646850586 ,       0.02729964256286621  ,            0.011722564697265625 , 0.00010585784912109375    , -0.0054166316986083984          , 0.00641179084777832   ,       0.03755760192871094
       369,                    1744653125.7899103,                 1744653125.7934592,               1744653125.7938836,                   1744653125.799139 ,              1744653125.8011649,             1744653125.8085234,           1744653125.811762 ,         1744653125.8121734,                  0.005559206008911133 , 0.00024628639221191406          ,                  0.012005805969238281 ,       0.017811298370361328 ,            0.01059722900390625  , 0.0004112720489501953     , -0.0036499500274658203          , 0.007358551025390625  ,       0.027015209197998047
       370,                    1744653125.9600625,                 1744653125.966469 ,               1744653125.966974 ,                   1744653125.983749 ,              1744653125.9860823,             1744653125.9895976,           1744653125.9933102,         1744653125.9937496,                  0.008384466171264648 , 0.0001010894775390625           ,                  0.02582550048828125  ,       0.03431105613708496  ,            0.007227897644042969 , 0.0004394054412841797     , -0.004152059555053711           , 0.0035152435302734375 ,       0.04200100898742676
       371,                    1744653126.0344274,                 1744653126.0425005,               1744653126.0429292,                   1744653126.06886  ,              1744653126.071441 ,             1744653126.0766766,           1744653126.0815744,         1744653126.0819767,                  0.005198478698730469 , 0.0001437664031982422           ,                  0.005064725875854492 ,       0.010406970977783203 ,            0.010133504867553711 , 0.00040221214294433594    , -0.005300045013427734           , 0.0052356719970703125 ,       0.01470637321472168
       373,                    1744653126.1256516,                 1744653126.1402926,               1744653126.140884 ,                   1744653126.154845 ,              1744653126.1554294,             1744653126.1654663,           1744653126.1718037,         1744653126.1721885,                  0.0032281875610351562, 0.00016832351684570312          ,                  0.0036644935607910156,       0.007061004638671875 ,            0.01637434959411621  , 0.0003848075866699219     , -0.006722211837768555           , 0.010036945343017578  ,       0.010874271392822266
       376,                    1744653126.2425723,                 1744653126.253571 ,               1744653126.2539897,                   1744653126.269872 ,              1744653126.271629 ,             1744653126.28013  ,           1744653126.2889366,         1744653126.2894862,                  0.0060579776763916016, 0.0004067420959472656           ,                  0.005934953689575195 ,       0.012399673461914062 ,            0.017307519912719727 , 0.0005495548248291016     , -0.009356260299682617           , 0.008500814437866211  ,       0.01282358169555664
       378,                    1744653126.284202 ,                 1744653126.2897613,               1744653126.2900076,                   1744653126.3020134,              1744653126.3039684,             1744653126.3112173,           1744653126.3161852,         1744653126.3163466,                  0.009689569473266602 , 0.00045013427734375             ,                  0.0014955997467041016,       0.011635303497314453 ,            0.012216806411743164 , 0.0001614093780517578     , -0.005129337310791016           , 0.007248878479003906  ,       0.012349367141723633
       379,                    1744653126.3365884,                 1744653126.3449728,               1744653126.345074 ,                   1744653126.3708994,              1744653126.3720303,             1744653126.3785894,           1744653126.3820088,         1744653126.382166 ,                  0.004683256149291992 , 0.0005795955657958984           ,                  0.000865936279296875 ,       0.006128787994384766 ,            0.009978532791137695 , 0.0001571178436279297     , -0.003576517105102539           , 0.006559133529663086  ,       0.006407976150512695
       381,                                      ,                                   ,                                 ,                                     ,              1744653126.3959928,             1744653126.4019651,           1744653126.4053888,         1744653126.405547 ,                  0.008846044540405273 , 0.00012111663818359375          ,                  0.009452342987060547 ,       0.018419504165649414 ,            0.009396076202392578 , 0.00015807151794433594    , -0.0035817623138427734          , 0.005972385406494141  ,       0.02499675750732422
       382,                                      ,                                   ,                                 ,                                     ,              1744653126.4239767,             1744653126.4282238,           1744653126.4311233,         1744653126.4312515,                  0.004211902618408203 , 0.0001404285430908203           ,                  0.00331878662109375  ,       0.0076711177825927734,            0.007146596908569336 , 0.00012826919555664062    , -0.003027677536010742           , 0.004247188568115234  ,       0.0171658992767334
       383,                                      ,                                   ,                                 ,                                     ,              1744653126.4430845,             1744653126.446209 ,           1744653126.4560702,         1744653126.4562027,                  0.004300832748413086 , 0.00010895729064941406          ,                  0.0007297992706298828,       0.005139589309692383 ,            0.012985706329345703 , 0.00013256072998046875    , -0.009993791580200195           , 0.0031244754791259766 ,       0.0055332183837890625
       384,                                      ,                                   ,                                 ,                                     ,              1744653126.4482768,             1744653126.4513223,           1744653126.466293 ,         1744653126.4664695,                  0.00380706787109375  , 0.0003726482391357422           ,                  0.0027832984924316406,       0.006963014602661133 ,            0.018016338348388672 , 0.00017642974853515625    , -0.015147209167480469           , 0.0030455589294433594 ,       0.010710477828979492
       385,                                      ,                                   ,                                 ,                                     ,              1744653126.4535248,             1744653126.4633079,           1744653126.4682732,         1744653126.468392 ,                  0.01038813591003418  , 0.0006184577941894531           ,                  0.0025606155395507812,       0.013567209243774414 ,            0.014748334884643555 , 0.00011873245239257812    , -0.005084037780761719           , 0.009783029556274414  ,       0.018076658248901367
       386,                    1744653126.6717765,                 1744653126.676975 ,               1744653126.6771188,                   1744653126.6821835,              1744653126.683581 ,             1744653126.686483 ,           1744653126.6920626,         1744653126.6921873,                  0.006539821624755859 , 0.0002033710479736328           ,                  0.02001500129699707  ,       0.026758193969726562 ,            0.008481502532958984 , 0.0001246929168701172     , -0.005704402923583984           , 0.002901792526245117  ,       0.028618812561035156
       387,                    1744653126.7240267,                 1744653126.7272549,               1744653126.7274232,                   1744653126.7310877,              1744653126.731845 ,             1744653126.734901 ,           1744653126.7372987,         1744653126.7374034,                  0.007245302200317383 , 0.0005590915679931641           ,                  0.00594019889831543  ,       0.013744592666625977 ,            0.005453824996948242 , 0.00010466575622558594    , -0.00250244140625               , 0.003056049346923828  ,       0.01735544204711914
       388,                    1744653126.7845035,                 1744653126.7905614,               1744653126.7909682,                   1744653126.7969031,              1744653126.7969987,             1744653126.797327 ,           1744653126.7994912,         1744653126.7999783,                  0.010943412780761719 , 8.869171142578125e-05           ,                  0.03829360008239746  ,       0.04932570457458496  ,            0.0024924278259277344, 0.0004870891571044922     , -0.002651214599609375           , 0.00032830238342285156,       0.055834054946899414
       389,                    1744653126.8116753,                 1744653126.8213649,               1744653126.821815 ,                   1744653126.8233106,              1744653126.8235717,             1744653126.8240247,           1744653126.8260124,         1744653126.8264189,                  0.01604008674621582  , 0.0004508495330810547           ,                  0.021793127059936523 ,       0.0382840633392334   ,            0.0024406909942626953, 0.00040650367736816406    , -0.0023941993713378906          , 0.00045299530029296875,       0.04196643829345703
       390,                    1744653126.9405677,                 1744653126.945251 ,               1744653126.9458306,                   1744653126.9466965,              1744653126.9467733,             1744653126.9469757,           1744653126.948911 ,         1744653126.9493804,                  0.009586095809936523 , 0.00011491775512695312          ,                  0.024988651275634766 ,       0.03468966484069824  ,            0.0021376609802246094, 0.00046944618225097656    , -0.0024046897888183594          , 0.00020241737365722656,       0.037792205810546875
       391,                    1744653127.173009 ,                 1744653127.181855 ,               1744653127.181976 ,                   1744653127.1914284,              1744653127.194089 ,             1744653127.1980057,           1744653127.201358 ,         1744653127.2014644,                  0.006661653518676758 , 0.000446319580078125            ,                  0.0032134056091308594,       0.010321378707885742 ,            0.007269144058227539 , 0.00010633468627929688    , -0.003458738327026367           , 0.003916740417480469  ,       0.01635909080505371
       392,                    1744653127.2996378,                 1744653127.3038497,               1744653127.3039901,                   1744653127.307309 ,              1744653127.3099704,             1744653127.3168037,           1744653127.3211362,         1744653127.3212755,                  0.005847454071044922 , 0.0005195140838623047           ,                  0.005436420440673828 ,       0.011803388595581055 ,            0.011165857315063477 , 0.0001392364501953125     , -0.004471778869628906           , 0.006833314895629883  ,       0.021772146224975586
       393,                    1744653127.3464806,                 1744653127.3507814,               1744653127.3508904,                   1744653127.3516202,              1744653127.3516939,             1744653127.3520138,           1744653127.3537993,         1744653127.3538935,                  0.007169246673583984 , 0.0005624294281005859           ,                  0.0048046112060546875,       0.012536287307739258 ,            0.0021054744720458984, 9.417533874511719e-05     , -0.0018796920776367188          , 0.0003199577331542969 ,       0.019225120544433594
       394,                    1744653127.4278793,                 1744653127.4316864,               1744653127.432059 ,                   1744653127.4348423,              1744653127.4354413,             1744653127.4385898,           1744653127.4409447,         1744653127.4412673,                  0.007771015167236328 , 0.0004096031188964844           ,                  0.012562990188598633 ,       0.020743608474731445 ,            0.005503416061401367 , 0.00032258033752441406    , -0.002677440643310547           , 0.0031485557556152344 ,       0.025634050369262695
       395,                    1744653127.4672897,                 1744653127.4776778,               1744653127.4782963,                   1744653127.480857 ,              1744653127.4819736,             1744653127.4853663,           1744653127.489284 ,         1744653127.489843 ,                  0.011043310165405273 , 0.00042629241943359375          ,                  0.01576852798461914  ,       0.027238130569458008 ,            0.007310390472412109 , 0.0005588531494140625     , -0.0044765472412109375          , 0.0033926963806152344 ,       0.030262231826782227
       396,                    1744653127.6207075,                 1744653127.6272473,               1744653127.6274507,                   1744653127.6474657,              1744653127.64803  ,             1744653127.6493263,           1744653127.6576865,         1744653127.6578426,                  0.011337518692016602 , 0.00010776519775390625          ,                  0.01660633087158203  ,       0.02805161476135254  ,            0.009656429290771484 , 0.00015616416931152344    , -0.008516311645507812           , 0.0012962818145751953 ,       0.032364845275878906
       398,                    1744653127.7237446,                 1744653127.73099  ,               1744653127.731549 ,                   1744653127.7374892,              1744653127.7384493,             1744653127.7411   ,           1744653127.7458434,         1744653127.7463448,                  0.006921052932739258 , 0.00011229515075683594          ,                  0.014459609985351562 ,       0.021492958068847656 ,            0.007394075393676758 , 0.0005013942718505859     , -0.005244731903076172           , 0.002650737762451172  ,       0.02759575843811035
       399,                    1744653127.7999582,                 1744653127.8109016,               1744653127.8109903,                   1744653127.849284 ,              1744653127.849843 ,             1744653127.8557923,           1744653127.86593  ,         1744653127.8660603,                  0.00785374641418457  , 0.0001742839813232422           ,                  0.006563901901245117 ,       0.01459193229675293  ,            0.016087055206298828 , 0.00013017654418945312    , -0.010267972946166992           , 0.005949258804321289  ,       0.02095341682434082
       401,                    1744653127.8438153,                 1744653127.8598554,               1744653127.8603063,                   1744653127.8820994,              1744653127.8830106,             1744653127.8857818,           1744653127.9018614,         1744653127.9023206,                  0.0030596256256103516, 0.00010752677917480469          ,                  0.0048694610595703125,       0.008036613464355469 ,            0.01885080337524414  , 0.0004591941833496094     , -0.01653885841369629            , 0.002771139144897461  ,       0.010640382766723633
       403,                    1744653127.9035976,                 1744653127.9131837,               1744653127.9132986,                   1744653127.9382873,              1744653127.938711 ,             1744653127.9413898,           1744653127.946155 ,         1744653127.9463186,                  0.004723787307739258 , 0.0004858970642089844           ,                  0.005972385406494141 ,       0.011182069778442383 ,            0.007444143295288086 , 0.00016355514526367188    , -0.0049288272857666016          , 0.0026788711547851562 ,       0.014188528060913086
       405,                    1744653127.9775376,                 1744653127.9841993,               1744653127.9846456,                   1744653127.987859 ,              1744653127.9882345,             1744653127.9938967,           1744653127.9990313,         1744653127.9994917,                  0.006020307540893555 , 0.0004360675811767578           ,                  0.0047299861907958984,       0.011186361312866211 ,            0.010796785354614258 , 0.0004603862762451172     , -0.005594968795776367           , 0.005662202835083008  ,       0.01707172393798828
       406,                    1744653128.0215666,                 1744653128.027414 ,               1744653128.0279336,                   1744653128.03337  ,              1744653128.0348508,             1744653128.0433388,           1744653128.0461495,         1744653128.0467181,                  0.007500410079956055 , 0.0005946159362792969           ,                  0.005267620086669922 ,       0.013362646102905273 ,            0.011298656463623047 , 0.0005686283111572266     , -0.003379344940185547           , 0.008487939834594727  ,       0.02079010009765625
       407,                    1744653128.0765858,                 1744653128.083755 ,               1744653128.0843174,                   1744653128.089122 ,              1744653128.091687 ,             1744653128.095811 ,           1744653128.1046243,         1744653128.105032 ,                  0.0017948150634765625, 0.00041747093200683594          ,                  0.0026917457580566406,       0.004904031753540039 ,            0.012937307357788086 , 0.0004076957702636719     , -0.009221076965332031           , 0.0041239261627197266 ,       0.008130550384521484
       408,                    1744653128.0974343,                 1744653128.1052053,               1744653128.105615 ,                   1744653128.118178 ,              1744653128.1189542,             1744653128.1230683,           1744653128.1262643,         1744653128.1269023,                  0.0027778148651123047, 0.00043392181396484375          ,                  0.0037789344787597656,       0.006990671157836914 ,            0.007310152053833008 , 0.0006380081176757812     , -0.0038340091705322266          , 0.0041141510009765625 ,       0.014663457870483398
       409,                    1744653128.359819 ,                 1744653128.3708622,               1744653128.3712885,                   1744653128.387057 ,              1744653128.3876088,             1744653128.3900812,           1744653128.3940833,         1744653128.3944879,                  0.008541584014892578 , 0.0004496574401855469           ,                  0.006986379623413086 ,       0.01597762107849121  ,            0.006474494934082031 , 0.00040459632873535156    , -0.00440669059753418            , 0.002472400665283203  ,       0.019282817840576172
       410,                    1744653128.433452 ,                 1744653128.4447894,               1744653128.4448972,                   1744653128.4615035,              1744653128.462291 ,             1744653128.4658167,           1744653128.4723873,         1744653128.4724874,                  0.022799015045166016 , 0.00036835670471191406          ,                  0.013471126556396484 ,       0.036638498306274414 ,            0.010096311569213867 , 0.00010013580322265625    , -0.006670713424682617           , 0.0035257339477539062 ,       0.04306364059448242
       411,                    1744653128.5025387,                 1744653128.5094597,               1744653128.509572 ,                   1744653128.5240316,              1744653128.5248318,             1744653128.5301344,           1744653128.540537 ,         1744653128.540665 ,                  0.007607460021972656 , 0.00011467933654785156          ,                  0.005700588226318359 ,       0.013422727584838867 ,            0.015705347061157227 , 0.0001277923583984375     , -0.010530471801757812           , 0.0053026676177978516 ,       0.01884603500366211
       412,                    1744653128.5330403,                 1744653128.540894 ,               1744653128.5410683,                   1744653128.5476322,              1744653128.548321 ,             1744653128.5539937,           1744653128.5588782,         1744653128.5589707,                  0.0064449310302734375, 0.0002837181091308594           ,                  0.033690690994262695 ,       0.04041934013366699  ,            0.010557174682617188 , 9.250640869140625e-05     , -0.004976987838745117           , 0.0056726932525634766 ,       0.04837203025817871
       413,                    1744653128.633667 ,                 1744653128.6367266,               1744653128.6368341,                   1744653128.6417036,              1744653128.6421044,             1744653128.6443074,           1744653128.648075 ,         1744653128.6481807,                  0.027900218963623047 , 0.0006310939788818359           ,                  0.025815248489379883 ,       0.054346561431884766 ,            0.00597071647644043  , 0.00010561943054199219    , -0.0038733482360839844          , 0.0022029876708984375 ,       0.05966901779174805
       414,                    1744653128.6720822,                 1744653128.676806 ,               1744653128.6772919,                   1744653128.6832643,              1744653128.6841416,             1744653128.6862707,           1744653128.691595 ,         1744653128.6920753,                  0.017599821090698242 , 0.0004680156707763672           ,                  0.03599357604980469  ,       0.0540614128112793   ,            0.007453441619873047 , 0.0004801750183105469     , -0.005804538726806641           , 0.002129077911376953  ,       0.06259036064147949
       415,                    1744653128.7172024,                 1744653128.7232227,               1744653128.7236588,                   1744653128.7283888,              1744653128.72931  ,             1744653128.7342741,           1744653128.7374525,         1744653128.7379062,                  0.005484580993652344 , 0.00011301040649414062          ,                  0.006511211395263672 ,       0.012108802795410156 ,            0.008142471313476562 , 0.00045371055603027344    , -0.003632068634033203           , 0.004964113235473633  ,       0.014441728591918945
       416,                    1744653128.7368197,                 1744653128.7443202,               1744653128.7449148,                   1744653128.7501824,              1744653128.7511058,             1744653128.7576098,           1744653128.7605555,         1744653128.7610426,                  0.007894515991210938 , 0.0005037784576416016           ,                  0.0076177120208740234,       0.016016006469726562 ,            0.00944972038269043  , 0.0004870891571044922     , -0.003432750701904297           , 0.006504058837890625  ,       0.024855852127075195
       417,                    1744653128.7805264,                 1744653128.7823212,               1744653128.7827387,                   1744653128.7854304,              1744653128.7858114,             1744653128.788657 ,           1744653128.7914016,         1744653128.7918358,                  0.0076808929443359375, 0.00046443939208984375          ,                  0.0022182464599609375,       0.010363578796386719 ,            0.005590200424194336 , 0.0004341602325439453     , -0.003178834915161133           , 0.0028455257415771484 ,       0.014404535293579102
       418,                    1744653128.8272195,                 1744653128.8299973,               1744653128.8304312,                   1744653128.8342102,              1744653128.8346314,             1744653128.841883 ,           1744653128.8456943,         1744653128.8461158,                  0.003977775573730469 , 0.0003867149353027344           ,                  0.007517337799072266 ,       0.011881828308105469 ,            0.011062860488891602 , 0.0004215240478515625     , -0.004232883453369141           , 0.0072515010833740234 ,       0.017296791076660156
       419,                    1744653128.8620663,                 1744653128.8706079,               1744653128.8710575,                   1744653128.878044 ,              1744653128.8795714,             1744653128.881349 ,           1744653128.8847196,         1744653128.8851182,                  0.008341073989868164 , 0.0006563663482666016           ,                  0.005137205123901367 ,       0.014134645462036133 ,            0.005148172378540039 , 0.0003986358642578125     , -0.0037691593170166016          , 0.00177764892578125   ,       0.025125503540039062
       420,                    1744653128.9887464,                 1744653129.0115454,               1744653129.0119138,                   1744653129.025385 ,              1744653129.026515 ,             1744653129.03181  ,           1744653129.0365884,         1744653129.036995 ,                  0.0059926509857177734, 0.00011444091796875             ,                  0.006718158721923828 ,       0.012825250625610352 ,            0.010073423385620117 , 0.00040650367736816406    , -0.00518488883972168            , 0.0052950382232666016 ,       0.015079259872436523
       422,                    1744653129.08173  ,                 1744653129.0893373,               1744653129.089452 ,                   1744653129.0951526,              1744653129.0959487,             1744653129.100576 ,           1744653129.1046183,         1744653129.1047103,                  0.008931159973144531 , 0.00046944618225097656          ,                  0.007318735122680664 ,       0.016719341278076172 ,            0.008669614791870117 , 9.202957153320312e-05     , -0.004134416580200195           , 0.004627227783203125  ,       0.01982402801513672
       423,                    1744653129.1407092,                 1744653129.147154 ,               1744653129.1474378,                   1744653129.1811285,              1744653129.1846561,             1744653129.1890812,           1744653129.2017362,         1744653129.2018745,                  0.00945281982421875  , 0.0004379749298095703           ,                  0.0036478042602539062,       0.013538599014282227 ,            0.017080068588256836 , 0.00013828277587890625    , -0.012793302536010742           , 0.004425048828125     ,       0.018614530563354492
       426,                    1744653129.2276387,                 1744653129.255539 ,               1744653129.25617  ,                   1744653129.2819853,              1744653129.283331 ,             1744653129.2873077,           1744653129.3108447,         1744653129.3112462,                  0.0055730342864990234, 0.0005326271057128906           ,                  0.02817392349243164  ,       0.034279584884643555 ,            0.027513742446899414 , 0.00040149688720703125    , -0.023938417434692383           , 0.0039768218994140625 ,       0.041848182678222656
       427,                    1744653129.2429802,                 1744653129.26058  ,               1744653129.261048 ,                   1744653129.2970417,              1744653129.2980192,             1744653129.3055706,           1744653129.314236 ,         1744653129.314598 ,                  0.005309343338012695 , 0.0004191398620605469           ,                  0.0068628787994384766,       0.012591361999511719 ,            0.016216754913330078 , 0.00036215782165527344    , -0.009027481079101562           , 0.007551431655883789  ,       0.022177457809448242
       431,                    1744653129.347814 ,                 1744653129.3532987,               1744653129.3534117,                   1744653129.359923 ,              1744653129.360145 ,             1744653129.3622558,           1744653129.3648264,         1744653129.364943 ,                  0.009699821472167969 , 0.0004291534423828125           ,                  0.007005929946899414 ,       0.017134904861450195 ,            0.00468134880065918  , 0.00011658668518066406    , -0.002687215805053711           , 0.002110719680786133  ,       0.020572185516357422
       432,                    1744653129.516454 ,                 1744653129.5243485,               1744653129.5248523,                   1744653129.53247  ,              1744653129.534777 ,             1744653129.5413098,           1744653129.5443149,         1744653129.5447578,                  0.01180124282836914  , 0.00038361549377441406          ,                  0.013993263244628906 ,       0.02617812156677246  ,            0.009537935256958008 , 0.0004429817199707031     , -0.003448009490966797           , 0.006532907485961914  ,       0.035858869552612305
       433,                    1744653129.5497332,                 1744653129.557414 ,               1744653129.5578785,                   1744653129.5600967,              1744653129.5612633,             1744653129.5641377,           1744653129.5739732,         1744653129.5746238,                  0.013673543930053711 , 0.0003845691680908203           ,                  0.008594512939453125 ,       0.022652626037597656 ,            0.012709856033325195 , 0.0006506443023681641     , -0.010486125946044922           , 0.0028743743896484375 ,       0.02914261817932129
       434,                    1744653129.6012163,                 1744653129.605194 ,               1744653129.6055808,                   1744653129.6130981,              1744653129.6150408,             1744653129.618513 ,           1744653129.622171 ,         1744653129.6225452,                  0.020563125610351562 , 9.417533874511719e-05           ,                  0.02544403076171875  ,       0.04610133171081543  ,            0.007130146026611328 , 0.0003743171691894531     , -0.004032135009765625           , 0.0034723281860351562 ,       0.05009722709655762
       435,                    1744653129.6402018,                 1744653129.648543 ,               1744653129.6491992,                   1744653129.6543365,              1744653129.655673 ,             1744653129.6653273,           1744653129.6712012,         1744653129.6716206,                  0.006226062774658203 , 0.0006546974182128906           ,                  0.017496824264526367 ,       0.02437758445739746  ,            0.015528202056884766 , 0.00041937828063964844    , -0.006293296813964844           , 0.00965428352355957   ,       0.03442740440368652
       436,                    1744653129.7991958,                 1744653129.8051884,               1744653129.8053029,                   1744653129.812021 ,              1744653129.8126044,             1744653129.814275 ,           1744653129.8173625,         1744653129.8175104,                  0.01203465461730957  , 0.00041866302490234375          ,                  0.006457805633544922 ,       0.018911123275756836 ,            0.004758119583129883 , 0.00014781951904296875    , -0.003235340118408203           , 0.0016705989837646484 ,       0.02261519432067871
       437,                    1744653130.034904 ,                 1744653130.0438352,               1744653130.0443046,                   1744653130.0516233,              1744653130.0522373,             1744653130.054728 ,           1744653130.0628073,         1744653130.0632887,                  0.004876136779785156 , 0.00010323524475097656          ,                  0.02368330955505371  ,       0.028662681579589844 ,            0.010570049285888672 , 0.0004813671112060547     , -0.008560657501220703           , 0.0024907588958740234 ,       0.04184603691101074
       438,                    1744653130.1269765,                 1744653130.1364293,               1744653130.1368673,                   1744653130.140515 ,              1744653130.141752 ,             1744653130.145591 ,           1744653130.148541 ,         1744653130.1489604,                  0.009499311447143555 , 0.000396728515625               ,                  0.003612995147705078 ,       0.013509035110473633 ,            0.006788969039916992 , 0.00041937828063964844    , -0.0033693313598632812          , 0.0038390159606933594 ,       0.021486997604370117
       439,                    1744653130.191337 ,                 1744653130.1969101,               1744653130.1974428,                   1744653130.2256167,              1744653130.2261274,             1744653130.2331853,           1744653130.2385442,         1744653130.239158 ,                  0.006275177001953125 , 0.00019788742065429688          ,                  0.00887751579284668  ,       0.015350580215454102 ,            0.012416839599609375 , 0.0006136894226074219     , -0.005972623825073242           , 0.007057905197143555  ,       0.018579483032226562
       442,                    1744653130.2624183,                 1744653130.2677276,               1744653130.2681468,                   1744653130.2750096,              1744653130.2797399,             1744653130.2845957,           1744653130.288309 ,         1744653130.2889042,                  0.004292726516723633 , 0.0004138946533203125           ,                  0.016229867935180664 ,       0.02093648910522461  ,            0.00856924057006836  , 0.0005950927734375        , -0.004308462142944336           , 0.0048558712005615234 ,       0.02514028549194336
       443,                    1744653130.3292403,                 1744653130.3389401,               1744653130.3393693,                   1744653130.3463752,              1744653130.3474069,             1744653130.3498125,           1744653130.3533323,         1744653130.3537357,                  0.0064280033111572266, 0.00011610984802246094          ,                  0.003778696060180664 ,       0.010322809219360352 ,            0.005925416946411133 , 0.00040340423583984375    , -0.003923177719116211           , 0.0024056434631347656 ,       0.014901399612426758
       444,                    1744653130.3789132,                 1744653130.3907144,               1744653130.391098 ,                   1744653130.4050913,              1744653130.406588 ,             1744653130.414772 ,           1744653130.422494 ,         1744653130.422946 ,                  0.009881973266601562 , 0.0004322528839111328           ,                  0.00948023796081543  ,       0.019794464111328125 ,            0.01590585708618164  , 0.0004520416259765625     , -0.008173942565917969           , 0.008183956146240234  ,       0.02433943748474121
       446,                    1744653130.424122 ,                 1744653130.4377956,               1744653130.4381802,                   1744653130.4467747,              1744653130.448569 ,             1744653130.4532647,           1744653130.4563448,         1744653130.456817 ,                  0.011298179626464844 , 0.0005700588226318359           ,                  0.00801992416381836  ,       0.01988816261291504  ,            0.007775783538818359 , 0.00047206878662109375    , -0.0035521984100341797          , 0.0046956539154052734 ,       0.026245832443237305
       447,                    1744653130.503057 ,                 1744653130.5236201,               1744653130.5237143,                   1744653130.5491583,              1744653130.550059 ,             1744653130.5531542,           1744653130.5575874,         1744653130.5576997,                  0.005565166473388672 , 0.00013208389282226562          ,                  0.005529642105102539 ,       0.011226892471313477 ,            0.0075283050537109375, 0.00011229515075683594    , -0.004545450210571289           , 0.0030951499938964844 ,       0.015032291412353516
       450,                    1744653130.582968 ,                 1744653130.589194 ,               1744653130.5898488,                   1744653130.6073456,              1744653130.609915 ,             1744653130.6173954,           1744653130.6286802,         1744653130.6291945,                  0.009055852890014648 , 0.00048279762268066406          ,                  0.013171672821044922 ,       0.022710323333740234 ,            0.01876521110534668  , 0.0005142688751220703     , -0.011799097061157227           , 0.0074803829193115234 ,       0.031044721603393555
       452,                    1744653130.6212208,                 1744653130.6332555,               1744653130.6336741,                   1744653130.640132 ,              1744653130.6413252,             1744653130.643836 ,           1744653130.6476958,         1744653130.6481674,                  0.005651235580444336 , 0.00011324882507324219          ,                  0.0034029483795166016,       0.00916743278503418  ,            0.00637054443359375  , 0.0004715919494628906     , -0.004331350326538086           , 0.0025107860565185547 ,       0.013240337371826172
       453,                    1744653130.6675396,                 1744653130.6724157,               1744653130.672519 ,                   1744653130.6962023,              1744653130.6982882,             1744653130.7093856,           1744653130.7162755,         1744653130.7164135,                  0.0032165050506591797, 0.0003981590270996094           ,                  0.004354953765869141 ,       0.00796961784362793  ,            0.01798725128173828  , 0.0001380443572998047     , -0.007027864456176758           , 0.011097431182861328  ,       0.016102075576782227
       455,                    1744653130.7256315,                 1744653130.7351308,               1744653130.7355275,                   1744653130.7391405,              1744653130.7398124,             1744653130.7471185,           1744653130.7535164,         1744653130.7539287,                  0.009161710739135742 , 0.00010156631469726562          ,                  0.007458925247192383 ,       0.01672220230102539  ,            0.013704061508178711 , 0.00041222572326660156    , -0.006810188293457031           , 0.007306098937988281  ,       0.021752357482910156
       456,                    1744653130.7486618,                 1744653130.754937 ,               1744653130.7551348,                   1744653130.7640123,              1744653130.7643144,             1744653130.7672412,           1744653130.7783716,         1744653130.7785144,                  0.006727933883666992 , 0.00042366981506347656          ,                  0.00487971305847168  ,       0.012031316757202148 ,            0.014057159423828125 , 0.00014281272888183594    , -0.01127314567565918            , 0.0029268264770507812 ,       0.015228986740112305
       457,                    1744653130.7870784,                 1744653130.791371 ,               1744653130.791785 ,                   1744653130.8080149,              1744653130.8085895,             1744653130.8122187,           1744653130.8172977,         1744653130.8176944,                  0.008773326873779297 , 0.00045871734619140625          ,                  0.00932002067565918  ,       0.018552064895629883 ,            0.00870823860168457  , 0.000396728515625         , -0.005475759506225586           , 0.0036292076110839844 ,       0.02675652503967285
       459,                    1744653130.9138923,                 1744653130.9203203,               1744653130.9204364,                   1744653130.924215 ,              1744653130.9252577,             1744653130.9287937,           1744653130.9337354,         1744653130.9338782,                  0.005630970001220703 , 0.0005412101745605469           ,                  0.005388021469116211 ,       0.011560201644897461 ,            0.00847768783569336  , 0.00014281272888183594    , -0.005084514617919922           , 0.0035359859466552734 ,       0.017479419708251953
       460,                    1744653131.0909808,                 1744653131.1008627,               1744653131.101295 ,                   1744653131.1107752,              1744653131.111152 ,             1744653131.1153202,           1744653131.1282115,         1744653131.128642 ,                  0.013668537139892578 , 0.0004115104675292969           ,                  0.008916854858398438 ,       0.022996902465820312 ,            0.0170595645904541   , 0.0004305839538574219     , -0.013321876525878906           , 0.004168272018432617  ,       0.02683234214782715
       461,                    1744653131.1175864,                 1744653131.1288846,               1744653131.1294546,                   1744653131.1374745,              1744653131.13826  ,             1744653131.1438322,           1744653131.1473367,         1744653131.1477947,                  0.014585733413696289 , 0.0004265308380126953           ,                  0.011756181716918945 ,       0.02676844596862793  ,            0.009076833724975586 , 0.00045800209045410156    , -0.003962516784667969           , 0.005572319030761719  ,       0.03270983695983887
       462,                    1744653131.197646 ,                 1744653131.203211 ,               1744653131.2033432,                   1744653131.2088728,              1744653131.2096803,             1744653131.2126782,           1744653131.2179387,         1744653131.218052 ,                  0.006559848785400391 , 8.296966552734375e-05           ,                  0.0040853023529052734,       0.010728120803833008 ,            0.008258342742919922 , 0.00011324882507324219    , -0.005373716354370117           , 0.002997875213623047  ,       0.014722824096679688
       463,                    1744653131.217516 ,                 1744653131.2265718,               1744653131.2270546,                   1744653131.2402263,              1744653131.2407987,             1744653131.2485607,           1744653131.252412 ,         1744653131.25288  ,                  0.0077495574951171875, 0.00011229515075683594          ,                  0.00455784797668457  ,       0.012419700622558594 ,            0.01161336898803711  , 0.0004680156707763672     , -0.004319429397583008           , 0.007761955261230469  ,       0.02251434326171875
       464,                    1744653131.2617786,                 1744653131.2674298,               1744653131.267543 ,                   1744653131.270946 ,              1744653131.2724044,             1744653131.275019 ,           1744653131.2781045,         1744653131.2782352,                  0.009391069412231445 , 0.0004305839538574219           ,                  0.002148866653442383 ,       0.01197052001953125  ,            0.005700111389160156 , 0.00013065338134765625    , -0.003216266632080078           , 0.0026144981384277344 ,       0.01643967628479004
       465,                    1744653131.3539371,                 1744653131.3571537,               1744653131.3575518,                   1744653131.3619068,              1744653131.3641992,             1744653131.3700392,           1744653131.381801 ,         1744653131.3822289,                  0.00667262077331543  , 0.00036525726318359375          ,                  0.017596721649169922 ,       0.024634599685668945 ,            0.017601728439331055 , 0.0004279613494873047     , -0.012189626693725586           , 0.0058400630950927734 ,       0.02813124656677246
       466,                    1744653131.3732436,                 1744653131.3824053,               1744653131.3825068,                   1744653131.3899658,              1744653131.390225 ,             1744653131.394996 ,           1744653131.4034033,         1744653131.4034958,                  0.0060880184173583984, 0.0004677772521972656           ,                  0.008849859237670898 ,       0.015405654907226562 ,            0.013178348541259766 , 9.250640869140625e-05     , -0.008499860763549805           , 0.004770994186401367  ,       0.024071931838989258
       467,                    1744653131.398034 ,                 1744653131.404762 ,               1744653131.4051857,                   1744653131.4100654,              1744653131.4115312,             1744653131.413263 ,           1744653131.4170418,         1744653131.4174569,                  0.008176326751708984 , 0.00010752677917480469          ,                  0.011432886123657227 ,       0.019716739654541016 ,            0.005510568618774414 , 0.0004150867462158203     , -0.004193782806396484           , 0.00173187255859375   ,       0.02346062660217285
       468,                    1744653131.6823416,                 1744653131.691115 ,               1744653131.6915736,                   1744653131.7008936,              1744653131.70257  ,             1744653131.709098 ,           1744653131.712958 ,         1744653131.7134256,                  0.005741596221923828 , 0.0004856586456298828           ,                  0.004073619842529297 ,       0.010300874710083008 ,            0.01038813591003418  , 0.00046753883361816406    , -0.004327535629272461           , 0.006528139114379883  ,       0.012935400009155273
       469,                    1744653131.7496197,                 1744653131.7552507,               1744653131.755792 ,                   1744653131.76118  ,              1744653131.7630134,             1744653131.7670991,           1744653131.7707434,         1744653131.7712524,                  0.006385087966918945 , 9.131431579589844e-05           ,                  0.017521142959594727 ,       0.02399754524230957  ,            0.007730007171630859 , 0.0005090236663818359     , -0.004153251647949219           , 0.0040857791900634766 ,       0.026771068572998047
       470,                    1744653131.8077958,                 1744653131.8214643,               1744653131.8218758,                   1744653131.8307927,              1744653131.832503 ,             1744653131.834628 ,           1744653131.8436723,         1744653131.84412  ,                  0.00752711296081543  , 0.0004038810729980469           ,                  0.005494117736816406 ,       0.013425111770629883 ,            0.011169195175170898 , 0.0004477500915527344     , -0.009491920471191406           , 0.0021250247955322266 ,       0.017267704010009766
       471,                    1744653131.8425941,                 1744653131.8571799,               1744653131.8576064,                   1744653131.8693626,              1744653131.8705232,             1744653131.875304 ,           1744653131.8795118,         1744653131.8798962,                  0.006693601608276367 , 9.202957153320312e-05           ,                  0.0051496028900146484,       0.011935234069824219 ,            0.008988618850708008 , 0.00038433074951171875    , -0.004592180252075195           , 0.004780769348144531  ,       0.01519155502319336
       472,                    1744653131.894243 ,                 1744653131.9008029,               1744653131.9008858,                   1744653131.9049711,              1744653131.9056942,             1744653131.9089658,           1744653131.9120066,         1744653131.9120944,                  0.00437617301940918  , 9.703636169433594e-05           ,                  0.0022475719451904297,       0.006720781326293945 ,            0.006312370300292969 , 8.7738037109375e-05       , -0.003128528594970703           , 0.0032715797424316406 ,       0.012031078338623047
       473,                    1744653131.9300013,                 1744653131.9377508,               1744653131.937863 ,                   1744653131.942421 ,              1744653131.9437659,             1744653131.9525156,           1744653131.9556682,         1744653131.9557643,                  0.004077434539794922 , 0.0006716251373291016           ,                  0.003118276596069336 ,       0.00786733627319336  ,            0.011902332305908203 , 9.608268737792969e-05     , -0.0032486915588378906          , 0.008749723434448242  ,       0.013781070709228516
       474,                    1744653131.9809797,                 1744653131.9903708,               1744653131.9908013,                   1744653131.9929502,              1744653131.9939013,             1744653131.9974194,           1744653132.0035386,         1744653132.003934 ,                  0.005695819854736328 , 0.0004527568817138672           ,                  0.006467342376708984 ,       0.01261591911315918  ,            0.00963735580444336  , 0.0003952980041503906     , -0.006514549255371094           , 0.0035181045532226562 ,       0.017000675201416016
       475,                    1744653132.044259 ,                 1744653132.0509317,               1744653132.051297 ,                   1744653132.0688937,              1744653132.0691845,             1744653132.0723903,           1744653132.0759828,         1744653132.0763557,                  0.007070064544677734 , 0.0001323223114013672           ,                  0.013140439987182617 ,       0.02034282684326172  ,            0.006798267364501953 , 0.00037288665771484375    , -0.0039653778076171875          , 0.0032057762145996094 ,       0.02783823013305664
       477,                    1744653132.0852673,                 1744653132.0913553,               1744653132.091823 ,                   1744653132.100673 ,              1744653132.1026812,             1744653132.1093392,           1744653132.114181 ,         1744653132.1146743,                  0.004856586456298828 , 0.0004947185516357422           ,                  0.006685495376586914 ,       0.012036800384521484 ,            0.011499881744384766 , 0.0004932880401611328     , -0.005335092544555664           , 0.006658077239990234  ,       0.01676321029663086
       478,                    1744653132.1478686,                 1744653132.156045 ,               1744653132.1561525,                   1744653132.1675854,              1744653132.1691718,             1744653132.1713293,           1744653132.1770184,         1744653132.1771243,                  0.004966259002685547 , 0.0005848407745361328           ,                  0.00479888916015625  ,       0.01034998893737793  ,            0.007846593856811523 , 0.00010585784912109375    , -0.005795001983642578           , 0.002157449722290039  ,       0.016339778900146484
       480,                    1744653132.230273 ,                 1744653132.2360146,               1744653132.2365003,                   1744653132.240574 ,              1744653132.2416093,             1744653132.2432084,           1744653132.2493002,         1744653132.2497783,                  0.005116939544677734 , 0.0005290508270263672           ,                  0.01509547233581543  ,       0.02074146270751953  ,            0.007690906524658203 , 0.0004780292510986328     , -0.006569862365722656           , 0.0015990734100341797 ,       0.027731895446777344
       481,                    1744653132.2704904,                 1744653132.2768755,               1744653132.2769668,                   1744653132.294488 ,              1744653132.2949235,             1744653132.2972615,           1744653132.304178 ,         1744653132.3042948,                  0.009257316589355469 , 0.0001780986785888672           ,                  0.008755683898925781 ,       0.018191099166870117 ,            0.00925445556640625  , 0.00011682510375976562    , -0.007033348083496094           , 0.002337932586669922  ,       0.025510311126708984
       483,                    1744653132.3197217,                 1744653132.3272488,               1744653132.3276527,                   1744653132.3331468,              1744653132.334837 ,             1744653132.3369894,           1744653132.3403065,         1744653132.340698 ,                  0.005754232406616211 , 0.0005371570587158203           ,                  0.013037919998168945 ,       0.019329309463500977 ,            0.005469560623168945 , 0.0003914833068847656     , -0.0037086009979248047          , 0.0021524429321289062 ,       0.029807329177856445
       484,                    1744653132.3657906,                 1744653132.3724842,               1744653132.3725762,                   1744653132.3777258,              1744653132.378882 ,             1744653132.3809822,           1744653132.38571  ,         1744653132.3857949,                  0.0072934627532958984, 0.0004184246063232422           ,                  0.008588790893554688 ,       0.016300678253173828 ,            0.0068280696868896484, 8.487701416015625e-05     , -0.004812717437744141           , 0.002100229263305664  ,       0.022322416305541992
       485,                    1744653132.42011  ,                 1744653132.4244862,               1744653132.4245832,                   1744653132.4268308,              1744653132.4276936,             1744653132.432141 ,           1744653132.4348512,         1744653132.4349494,                  0.007748126983642578 , 0.00042724609375                ,                  0.004906892776489258 ,       0.013082265853881836 ,            0.007157564163208008 , 9.822845458984375e-05     , -0.0028083324432373047          , 0.004447460174560547  ,       0.0191805362701416
       486,                    1744653132.5314424,                 1744653132.5355198,               1744653132.5361915,                   1744653132.5393097,              1744653132.5402741,             1744653132.5452235,           1744653132.5474923,         1744653132.5479343,                  0.006662130355834961 , 9.822845458984375e-05           ,                  0.013986587524414062 ,       0.020746946334838867 ,            0.007218122482299805 , 0.0004420280456542969     , -0.0027108192443847656          , 0.004949331283569336  ,       0.027230262756347656
       487,                    1744653132.5478575,                 1744653132.5535533,               1744653132.554006 ,                   1744653132.5604734,              1744653132.5613391,             1744653132.5648582,           1744653132.5675526,         1744653132.5680056,                  0.004935503005981445 , 0.0004951953887939453           ,                  0.015302896499633789 ,       0.02073359489440918  ,            0.00621342658996582  , 0.00045299530029296875    , -0.0031473636627197266          , 0.0035190582275390625 ,       0.0289151668548584
       488,                    1744653132.7290099,                 1744653132.73608  ,               1744653132.7362123,                   1744653132.7493527,              1744653132.7503731,             1744653132.756848 ,           1744653132.763235 ,         1744653132.763365 ,                  0.006202220916748047 , 0.00015020370483398438          ,                  0.00750732421875     ,       0.013859748840332031 ,            0.012861967086791992 , 0.00012993812561035156    , -0.006516933441162109           , 0.006474971771240234  ,       0.016967058181762695
       489,                    1744653132.873861 ,                 1744653132.8787177,               1744653132.8792124,                   1744653132.8858979,              1744653132.8873496,             1744653132.8906243,           1744653132.8934178,         1744653132.893813 ,                  0.00651240348815918  , 0.0003666877746582031           ,                  0.003968954086303711 ,       0.010848045349121094 ,            0.006068229675292969 , 0.00039505958557128906    , -0.003188610076904297           , 0.003274679183959961  ,       0.015675783157348633
       490,                    1744653132.9388826,                 1744653132.9438488,               1744653132.9444337,                   1744653132.9492326,              1744653132.9495227,             1744653132.9552224,           1744653132.9588149,         1744653132.9593189,                  0.010364294052124023 , 0.00038504600524902344          ,                  0.015810251235961914 ,       0.02655959129333496  ,            0.009292125701904297 , 0.0005040168762207031     , -0.004096508026123047           , 0.005699634552001953  ,       0.02801203727722168
       491,                    1744653132.9955544,                 1744653133.0006714,               1744653133.0012004,                   1744653133.016296 ,              1744653133.018686 ,             1744653133.0232863,           1744653133.0318918,         1744653133.0324945,                  0.0033788681030273438, 0.0003848075866699219           ,                  0.001882791519165039 ,       0.005646467208862305 ,            0.013205766677856445 , 0.00060272216796875       , -0.009208202362060547           , 0.0046002864837646484 ,       0.009133338928222656
       493,                    1744653133.0573533,                 1744653133.0666106,               1744653133.0667887,                   1744653133.0755444,              1744653133.0766945,             1744653133.0828636,           1744653133.0885444,         1744653133.0886502,                  0.006922245025634766 , 0.00023293495178222656          ,                  0.017887353897094727 ,       0.02504253387451172  ,            0.01184988021850586  , 0.00010585784912109375    , -0.0057866573333740234          , 0.00616908073425293   ,       0.02999567985534668
       494,                    1744653133.1271439,                 1744653133.132898 ,               1744653133.1334352,                   1744653133.1464732,              1744653133.148157 ,             1744653133.1569512,           1744653133.1600182,         1744653133.1605296,                  0.006810426712036133 , 0.0001232624053955078           ,                  0.0026934146881103516,       0.009627103805541992 ,            0.011861324310302734 , 0.0005114078521728516     , -0.0035784244537353516          , 0.008794307708740234  ,       0.018610715866088867
       495,                    1744653133.1600595,                 1744653133.167353 ,               1744653133.1677713,                   1744653133.1763601,              1744653133.177852 ,             1744653133.1823819,           1744653133.1855223,         1744653133.185956 ,                  0.004630327224731445 , 0.00012135505676269531          ,                  0.004287004470825195 ,       0.009038686752319336 ,            0.007670402526855469 , 0.0004336833953857422     , -0.0035741329193115234          , 0.0045299530029296875 ,       0.013549566268920898
       496,                    1744653133.2580452,                 1744653133.2657933,               1744653133.2662206,                   1744653133.2711275,              1744653133.2725198,             1744653133.2772257,           1744653133.2799113,         1744653133.2803257,                  0.006545066833496094 , 0.0003771781921386719           ,                  0.009400367736816406 ,       0.016322612762451172 ,            0.007391452789306641 , 0.0004143714904785156     , -0.0030999183654785156          , 0.004705905914306641  ,       0.023411035537719727
       497,                    1744653133.289021 ,                 1744653133.2956831,               1744653133.2957814,                   1744653133.309768 ,              1744653133.3107133,             1744653133.3162513,           1744653133.3284314,         1744653133.3285747,                  0.00803685188293457  , 0.0005342960357666016           ,                  0.004393339157104492 ,       0.012964487075805664 ,            0.017718076705932617 , 0.00014328956604003906    , -0.012323379516601562           , 0.005537986755371094  ,       0.016074180603027344
       499,                    1744653133.3298678,                 1744653133.3348033,               1744653133.3352985,                   1744653133.3506014,              1744653133.3517497,             1744653133.358783 ,           1744653133.364633 ,         1744653133.3650084,                  0.005544424057006836 , 0.00042891502380371094          ,                  0.01066899299621582  ,       0.016642332077026367 ,            0.012883424758911133 , 0.0003752708435058594     , -0.0062253475189208984          , 0.007033348083496094  ,       0.020166635513305664
       501,                    1744653133.4211106,                 1744653133.4273129,               1744653133.427463 ,                   1744653133.4349704,              1744653133.435336 ,             1744653133.4380777,           1744653133.4412303,         1744653133.441338 ,                  0.007044792175292969 , 0.000446319580078125            ,                  0.0030922889709472656,       0.01058340072631836  ,            0.005894184112548828 , 0.00010776519775390625    , -0.003260374069213867           , 0.002741575241088867  ,       0.01404881477355957
       502,                    1744653133.4580142,                 1744653133.4645267,               1744653133.4648933,                   1744653133.4688623,              1744653133.4690173,             1744653133.47369  ,           1744653133.4901347,         1744653133.490765 ,                  0.001997232437133789 , 0.00043702125549316406          ,                  0.0009052753448486328,       0.003339529037475586 ,            0.021117448806762695 , 0.0006303787231445312     , -0.017075061798095703           , 0.0046727657318115234 ,       0.003853321075439453
       503,                    1744653133.4814243,                 1744653133.4917886,               1744653133.4921737,                   1744653133.507984 ,              1744653133.5083222,             1744653133.5094364,           1744653133.513846 ,         1744653133.5144527,                  0.015663862228393555 , 0.0004296302795410156           ,                  0.01828765869140625  ,       0.03438115119934082  ,            0.005523681640625    , 0.0006067752838134766     , -0.005016326904296875           , 0.0011141300201416016 ,       0.0377960205078125
       505,                    1744653133.662282 ,                 1744653133.6656609,               1744653133.6660457,                   1744653133.6679285,              1744653133.668416 ,             1744653133.6714153,           1744653133.6748106,         1744653133.6751952,                  0.011531352996826172 , 0.0004925727844238281           ,                  0.0073909759521484375,       0.019414901733398438 ,            0.006394624710083008 , 0.0003845691680908203     , -0.003779888153076172           , 0.0029993057250976562 ,       0.024047136306762695
       506,                    1744653133.7225635,                 1744653133.7294858,               1744653133.7297187,                   1744653133.747606 ,              1744653133.7480886,             1744653133.7525592,           1744653133.7568238,         1744653133.7570667,                  0.009660720825195312 , 0.00010776519775390625          ,                  0.016875028610229492 ,       0.02664351463317871  ,            0.008735179901123047 , 0.0002429485321044922     , -0.004507541656494141           , 0.0044705867767333984 ,       0.03408455848693848
       508,                    1744653133.8300364,                 1744653133.8368468,               1744653133.83697  ,                   1744653133.8396635,              1744653133.8407393,             1744653133.848647 ,           1744653133.8546765,         1744653133.854795 ,                  0.22207236289978027  , 0.00011801719665527344          ,                  0.02762746810913086  ,       0.2498178482055664   ,            0.013937234878540039 , 0.00011849403381347656    , -0.006147861480712891           , 0.007907867431640625  ,       0.25675034523010254
       509,                    1744653133.9061167,                 1744653133.910747 ,               1744653133.9108684,                   1744653133.9151554,              1744653133.9156632,             1744653133.9196663,           1744653133.9288912,         1744653133.929048 ,                  0.0068399906158447266, 0.000194549560546875            ,                  0.020929813385009766 ,       0.027964353561401367 ,            0.01322793960571289  , 0.00015687942504882812    , -0.009381771087646484           , 0.004003047943115234  ,       0.031281232833862305
       510,                    1744653133.9305303,                 1744653133.9370754,               1744653133.9374526,                   1744653133.946853 ,              1744653133.948903 ,             1744653133.9539413,           1744653133.9572663,         1744653133.9576504,                  0.00921010971069336  , 0.0007708072662353516           ,                  0.035472869873046875 ,       0.045453786849975586 ,            0.00836324691772461  , 0.0003840923309326172     , -0.003709077835083008           , 0.005038261413574219  ,       0.050345420837402344
       511,                    1744653134.0396757,                 1744653134.0477126,               1744653134.0482469,                   1744653134.0526402,              1744653134.053368 ,             1744653134.05575  ,           1744653134.0596616,         1744653134.0601315,                  0.011041402816772461 , 0.0003952980041503906           ,                  0.006387233734130859 ,       0.01782393455505371  ,            0.006293535232543945 , 0.0004699230194091797     , -0.004381656646728516           , 0.0023818016052246094 ,       0.024471521377563477
       512,                    1744653134.0741708,                 1744653134.0797153,               1744653134.0801442,                   1744653134.0908132,              1744653134.0915737,             1744653134.0943375,           1744653134.0971634,         1744653134.097613 ,                  0.005526065826416016 , 0.00043129920959472656          ,                  0.005082845687866211 ,       0.011040210723876953 ,            0.005589723587036133 , 0.0004496574401855469     , -0.003275632858276367           , 0.0027637481689453125 ,       0.01656961441040039
       513,                    1744653134.099193 ,                 1744653134.106238 ,               1744653134.1066842,                   1744653134.1097765,              1744653134.1103342,             1744653134.113242 ,           1744653134.1162446,         1744653134.116642 ,                  0.0073699951171875   , 0.00031185150146484375          ,                  0.032134056091308594 ,       0.03981590270996094  ,            0.005910396575927734 , 0.0003974437713623047     , -0.003400087356567383           , 0.0029077529907226562 ,       0.04307079315185547
       514,                    1744653134.159821 ,                 1744653134.1618183,               1744653134.1622553,                   1744653134.1631606,              1744653134.1633122,             1744653134.1636744,           1744653134.165787 ,         1744653134.1662798,                  0.00862431526184082  , 0.0002760887145996094           ,                  0.014306068420410156 ,       0.023206472396850586 ,            0.0024747848510742188, 0.0004928112030029297     , -0.002605438232421875           , 0.00036215782165527344,       0.030826330184936523
       515,                    1744653134.271109 ,                 1744653134.286773 ,               1744653134.2872026,                   1744653134.3054903,              1744653134.3067217,             1744653134.3089051,           1744653134.319772 ,         1744653134.320196 ,                  0.014673948287963867 , 0.0006515979766845703           ,                  0.00632166862487793  ,       0.021647214889526367 ,            0.013050317764282227 , 0.0004239082336425781     , -0.011290788650512695           , 0.0021834373474121094 ,       0.033771514892578125
       517,                    1744653134.310198 ,                 1744653134.3217294,               1744653134.322222 ,                   1744653134.329613 ,              1744653134.3309672,             1744653134.3342452,           1744653134.3405676,         1744653134.3410356,                  0.0034160614013671875, 0.00012183189392089844          ,                  0.008892536163330078 ,       0.012430429458618164 ,            0.009600400924682617 , 0.0004680156707763672     , -0.0067903995513916016          , 0.003278017044067383  ,       0.01897144317626953
       518,                    1744653134.4192736,                 1744653134.4289343,               1744653134.429042 ,                   1744653134.4459171,              1744653134.4462776,             1744653134.4533582,           1744653134.4580138,         1744653134.4581275,                  0.011000871658325195 , 0.0005042552947998047           ,                  0.004869937896728516 ,       0.016375064849853516 ,            0.011736154556274414 , 0.00011372566223144531    , -0.004769325256347656           , 0.007080554962158203  ,       0.022356748580932617
       520,                    1744653134.48134  ,                 1744653134.7034123,               1744653134.7035303,                   1744653134.7311578,              1744653134.7325609,             1744653134.7380903,           1744653134.7436836,         1744653134.743806 ,                  0.0052640438079833984, 0.0004737377166748047           ,                  0.02133464813232422  ,       0.027072429656982422 ,            0.011122703552246094 , 0.00012230873107910156    , -0.005715608596801758           , 0.0055294036865234375 ,       0.032393693923950195
       521,                    1744653134.90378  ,                 1744653134.91062  ,               1744653134.9108145,                   1744653134.9317443,              1744653134.9323962,             1744653134.9350612,           1744653134.9385443,         1744653134.9386773,                  0.006707668304443359 , 0.0004799365997314453           ,                  0.014868736267089844 ,       0.02205634117126465  ,            0.006148099899291992 , 0.00013303756713867188    , -0.0036160945892333984          , 0.0026650428771972656 ,       0.02752995491027832
       523,                    1744653134.9796839,                 1744653134.988894 ,               1744653134.9896648,                   1744653135.0251377,              1744653135.0270956,             1744653135.0300293,           1744653135.0455492,         1744653135.0459473,                  0.005314350128173828 , 0.0008132457733154297           ,                  0.012129545211791992 ,       0.01825714111328125  ,            0.018453598022460938 , 0.0003981590270996094     , -0.01591801643371582            , 0.0029337406158447266 ,       0.027533292770385742
       527,                    1744653135.0370064,                 1744653135.0480478,               1744653135.048443 ,                   1744653135.0548303,              1744653135.056613 ,             1744653135.061478 ,           1744653135.065583 ,         1744653135.0660157,                  0.010768413543701172 , 0.0005176067352294922           ,                  0.007062673568725586 ,       0.01834869384765625  ,            0.008970022201538086 , 0.00043272972106933594    , -0.004537820816040039           , 0.004864931106567383  ,       0.025330781936645508
       528,                    1744653135.1711419,                 1744653135.176668 ,               1744653135.1770992,                   1744653135.182182 ,              1744653135.182615 ,             1744653135.1877115,           1744653135.197231 ,         1744653135.1977756,                  0.005542278289794922 , 0.0004177093505859375           ,                  0.00831294059753418  ,       0.014272928237915039 ,            0.014616012573242188 , 0.0005445480346679688     , -0.010064125061035156           , 0.005096435546875     ,       0.020401477813720703
       529,                    1744653135.1941903,                 1744653135.2015603,               1744653135.201872 ,                   1744653135.2340062,              1744653135.234859 ,             1744653135.237261 ,           1744653135.2451248,         1744653135.2452743,                  0.0019497871398925781, 0.0001437664031982422           ,                  0.0070188045501708984,       0.009112358093261719 ,            0.010265827178955078 , 0.0001494884490966797     , -0.008013248443603516           , 0.002402067184448242  ,       0.010783910751342773
       530,                    1744653135.2269554,                 1744653135.2355797,               1744653135.2358558,                   1744653135.250162 ,              1744653135.2517521,             1744653135.2577817,           1744653135.261134 ,         1744653135.2612484,                  0.0064885616302490234, 0.0005011558532714844           ,                  0.017925739288330078 ,       0.024915456771850586 ,            0.009381771087646484 , 0.00011444091796875       , -0.0034666061401367188          , 0.006029605865478516  ,       0.029378175735473633
       532,                    1744653135.285807 ,                 1744653135.3004808,               1744653135.3011324,                   1744653135.307454 ,              1744653135.309231 ,             1744653135.3195784,           1744653135.3222215,         1744653135.3229177,                  0.002398252487182617 , 0.0004425048828125              ,                  0.001201629638671875 ,       0.004042387008666992 ,            0.012990474700927734 , 0.0006961822509765625     , -0.0033392906188964844          , 0.010347366333007812  ,       0.005258083343505859
       533,                    1744653135.3513732,                 1744653135.3547893,               1744653135.354911 ,                   1744653135.3638036,              1744653135.3652968,             1744653135.3703446,           1744653135.3752832,         1744653135.375412 ,                  0.006008148193359375 , 0.00015306472778320312          ,                  0.004667520523071289 ,       0.010828733444213867 ,            0.009986400604248047 , 0.00012874603271484375    , -0.005067348480224609           , 0.005047798156738281  ,       0.02182912826538086
       534,                    1744653135.3828661,                 1744653135.393867 ,               1744653135.3943713,                   1744653135.3992412,              1744653135.3997009,             1744653135.405223 ,           1744653135.4149048,         1744653135.4155293,                  0.00789022445678711  , 0.0004971027374267578           ,                  0.007409572601318359 ,       0.015796899795532227 ,            0.01520395278930664  , 0.0006244182586669922     , -0.010306358337402344           , 0.005522012710571289  ,       0.027476072311401367
       535,                    1744653135.4183872,                 1744653135.4236512,               1744653135.424125 ,                   1744653135.4454596,              1744653135.4465077,             1744653135.4507809,           1744653135.4588916,         1744653135.459246 ,                  0.0063326358795166016, 0.0005085468292236328           ,                  0.028460264205932617 ,       0.03530144691467285  ,            0.01238393783569336  , 0.0003542900085449219     , -0.008465051651000977           , 0.004273176193237305  ,       0.04001617431640625
       536,                    1744653135.438019 ,                 1744653135.4447267,               1744653135.4452066,                   1744653135.4600754,              1744653135.4605918,             1744653135.465549 ,           1744653135.4722085,         1744653135.472638 ,                  0.01961541175842285  , 0.00010943412780761719          ,                  0.03693342208862305  ,       0.056658267974853516 ,            0.011616706848144531 , 0.00042939186096191406    , -0.007088899612426758           , 0.0049571990966796875 ,       0.06476473808288574
       537,                    1744653135.4546616,                 1744653135.459976 ,               1744653135.4607892,                   1744653135.4729187,              1744653135.4750617,             1744653135.482195 ,           1744653135.4856613,         1744653135.486136 ,                  0.01458287239074707  , 0.00067138671875                ,                  0.025713205337524414 ,       0.040967464447021484 ,            0.010599613189697266 , 0.00047469139099121094    , -0.003941059112548828           , 0.0071332454681396484 ,       0.043994903564453125
       539,                    1744653135.5227427,                 1744653135.5335112,               1744653135.5340288,                   1744653135.5410914,              1744653135.542059 ,             1744653135.5480735,           1744653135.5506182,         1744653135.5511177,                  0.021472692489624023 , 0.00031757354736328125          ,                  0.013891220092773438 ,       0.03568148612976074  ,            0.008559226989746094 , 0.0004994869232177734     , -0.00304412841796875            , 0.006014585494995117  ,       0.04618406295776367
       540,                    1744653135.5752025,                 1744653135.5807447,               1744653135.5811625,                   1744653135.5894754,              1744653135.5902672,             1744653135.595604 ,           1744653135.6015444,         1744653135.6019735,                  0.008474111557006836 , 0.0005249977111816406           ,                  0.0309603214263916   ,       0.03995943069458008  ,            0.011277198791503906 , 0.0004291534423828125     , -0.006369590759277344           , 0.005336761474609375  ,       0.04557299613952637
       541,                    1744653135.623537 ,                 1744653135.6254869,               1744653135.6256306,                   1744653135.6326494,              1744653135.633194 ,             1744653135.634321 ,           1744653135.638414 ,         1744653135.638516 ,                  0.013171911239624023 , 0.0004589557647705078           ,                  0.011403799057006836 ,       0.025034666061401367 ,            0.005219936370849609 , 0.00010204315185546875    , -0.004194974899291992           , 0.001127004623413086  ,       0.030876874923706055
       542,                    1744653135.688857 ,                 1744653135.6953456,               1744653135.6958468,                   1744653135.7137725,              1744653135.7145905,             1744653135.7182353,           1744653135.721841 ,         1744653135.7222981,                  0.009811878204345703 , 0.0006456375122070312           ,                  0.029013633728027344 ,       0.03947114944458008  ,            0.007250547409057617 , 0.0004570484161376953     , -0.0040628910064697266          , 0.003644704818725586  ,       0.0469822883605957
       544,                    1744653135.735251 ,                 1744653135.7376492,               1744653135.7380917,                   1744653135.7392933,              1744653135.739567 ,             1744653135.740509 ,           1744653135.7429523,         1744653135.743494 ,                  0.028201818466186523 , 0.00010967254638671875          ,                  0.011965751647949219 ,       0.04027724266052246  ,            0.003385305404663086 , 0.00054168701171875       , -0.0029850006103515625          , 0.0009419918060302734 ,       0.043057918548583984
       545,                    1744653135.9304616,                 1744653135.9364698,               1744653135.9366229,                   1744653135.9412904,              1744653135.9433672,             1744653135.9522908,           1744653135.9593205,         1744653135.9594438,                  0.014706850051879883 , 0.0004482269287109375           ,                  0.014372587203979492 ,       0.029527664184570312 ,            0.01595330238342285  , 0.0001232624053955078     , -0.007153034210205078           , 0.008923530578613281  ,       0.03436136245727539
       546,                    1744653136.128664 ,                 1744653136.1365542,               1744653136.1370513,                   1744653136.144461 ,              1744653136.1463044,             1744653136.15614  ,           1744653136.1615505,         1744653136.162054 ,                  0.00764775276184082  , 0.00012159347534179688          ,                  0.006960868835449219 ,       0.014730215072631836 ,            0.015246152877807617 , 0.0005035400390625        , -0.005913972854614258           , 0.00983572006225586   ,       0.023487567901611328
       547,                    1744653136.1897562,                 1744653136.1960888,               1744653136.1965973,                   1744653136.2250576,              1744653136.2263215,             1744653136.2297723,           1744653136.2348511,         1744653136.2353375,                  0.012600183486938477 , 0.0004787445068359375           ,                  0.015208244323730469 ,       0.028287172317504883 ,            0.0085296630859375   , 0.0004863739013671875     , -0.005565166473388672           , 0.0034508705139160156 ,       0.033777713775634766
       548,                    1744653136.3098383,                 1744653136.3294537,               1744653136.3295631,                   1744653136.3664966,              1744653136.3695812,             1744653136.374603 ,           1744653136.3789968,         1744653136.3791099,                  0.012747049331665039 , 0.0006580352783203125           ,                  0.0281369686126709   ,       0.04154205322265625  ,            0.009415626525878906 , 0.00011301040649414062    , -0.004506826400756836           , 0.005021810531616211  ,       0.04502511024475098
       550,                    1744653136.3447063,                 1744653136.3592892,               1744653136.3599606,                   1744653136.3856738,              1744653136.3863227,             1744653136.3887012,           1744653136.4055479,         1744653136.406033 ,                  0.004431486129760742 , 0.0005109310150146484           ,                  0.002969503402709961 ,       0.007911920547485352 ,            0.019225120544433594 , 0.0004851818084716797     , -0.017331838607788086           , 0.0023784637451171875 ,       0.013106107711791992
       551,                    1744653136.3801115,                 1744653136.4015841,               1744653136.4019017,                   1744653136.415793 ,              1744653136.416501 ,             1744653136.4262955,           1744653136.4406803,         1744653136.4409862,                  0.004893302917480469 , 0.0005002021789550781           ,                  0.009599924087524414 ,       0.014993429183959961 ,            0.02417922019958496  , 0.0003058910369873047     , -0.014690637588500977           , 0.009794473648071289  ,       0.020725488662719727
       552,                    1744653136.4000056,                 1744653136.4084797,               1744653136.4090047,                   1744653136.439965 ,              1744653136.4416296,             1744653136.4455786,           1744653136.4530807,         1744653136.4533832,                  0.006505489349365234 , 0.0005390644073486328           ,                  0.012357950210571289 ,       0.019402503967285156 ,            0.011451005935668945 , 0.0003025531768798828     , -0.0078046321868896484          , 0.00394892692565918   ,       0.02309417724609375
       555,                    1744653136.4998536,                 1744653136.5130255,               1744653136.5134845,                   1744653136.5248883,              1744653136.5255182,             1744653136.5307305,           1744653136.5373776,         1744653136.537793 ,                  0.0056378841400146484, 0.00042939186096191406          ,                  0.010970592498779297 ,       0.01703786849975586  ,            0.011859416961669922 , 0.0004153251647949219     , -0.007062435150146484           , 0.005212306976318359  ,       0.022944211959838867
       556,                    1744653136.5500877,                 1744653136.5598996,               1744653136.5605452,                   1744653136.5895588,              1744653136.5915768,             1744653136.59707  ,           1744653136.6141772,         1744653136.6145794,                  0.008324623107910156 , 0.0005078315734863281           ,                  0.006751298904418945 ,       0.01558375358581543  ,            0.022600412368774414 , 0.00040221214294433594    , -0.01750946044921875            , 0.0054931640625       ,       0.021810293197631836
       558,                    1744653136.5797024,                 1744653136.6079042,               1744653136.6080139,                   1744653136.6199796,              1744653136.6210644,             1744653136.6227603,           1744653136.628317 ,         1744653136.6284473,                  0.007204532623291016 , 0.0005054473876953125           ,                  0.00543665885925293  ,       0.013146638870239258 ,            0.007252693176269531 , 0.00013017654418945312    , -0.00568699836730957            , 0.001695871353149414  ,       0.01798224449157715
       559,                    1744653136.6001403,                 1744653136.6148472,               1744653136.6152954,                   1744653136.629668 ,              1744653136.6302917,             1744653136.6345017,           1744653136.640827 ,         1744653136.6412132,                  0.009370088577270508 , 0.00013899803161621094          ,                  0.006720066070556641 ,       0.01622915267944336  ,            0.010535240173339844 , 0.00038623809814453125    , -0.006711483001708984           , 0.004209995269775391  ,       0.01883697509765625
       561,                    1744653136.7340348,                 1744653136.7416825,               1744653136.7418041,                   1744653136.748765 ,              1744653136.7515433,             1744653136.7575223,           1744653136.774173 ,         1744653136.7743032,                  0.00580596923828125  , 0.0005199909210205078           ,                  0.007565498352050781 ,       0.013891458511352539 ,            0.022629737854003906 , 0.00013017654418945312    , -0.016780853271484375           , 0.005979061126708984  ,       0.020305395126342773
       562,                    1744653136.762001 ,                 1744653136.7746012,               1744653136.77508  ,                   1744653136.7902882,              1744653136.7922592,             1744653136.7957788,           1744653136.8016632,         1744653136.8021991,                  0.005204200744628906 , 0.00041937828063964844          ,                  0.0036835670471191406,       0.009307146072387695 ,            0.00940394401550293  , 0.0005359649658203125     , -0.0064203739166259766          , 0.0035195350646972656 ,       0.01669788360595703
       563,                    1744653136.8209777,                 1744653136.8337247,               1744653136.8343828,                   1744653136.8625197,              1744653136.8637533,             1744653136.8660028,           1744653136.8733568,         1744653136.8738546,                  0.0066928863525390625, 0.0005757808685302734           ,                  0.006322383880615234 ,       0.01359105110168457  ,            0.009603500366210938 , 0.0004978179931640625     , -0.007851839065551758           , 0.002249479293823242  ,       0.01951289176940918
       566,                    1744653136.8801312,                 1744653136.8845627,               1744653136.8850737,                   1744653136.8880432,              1744653136.8885007,             1744653136.8932374,           1744653136.8994875,         1744653136.8999152,                  0.011357545852661133 , 8.988380432128906e-05           ,                  0.018469572067260742 ,       0.029917001724243164 ,            0.010986804962158203 , 0.0004277229309082031     , -0.006677865982055664           , 0.004736661911010742  ,       0.032544612884521484
       567,                    1744653136.9073486,                 1744653136.912242 ,               1744653136.9127421,                   1744653136.922342 ,              1744653136.9234583,             1744653136.9280741,           1744653136.9315507,         1744653136.93203  ,                  0.008997917175292969 , 0.0005400180816650391           ,                  0.003919124603271484 ,       0.013457059860229492 ,            0.008092403411865234 , 0.0004792213439941406     , -0.003955841064453125           , 0.00461578369140625   ,       0.025559186935424805
       568,                    1744653136.9664993,                 1744653136.9730048,               1744653136.973544 ,                   1744653136.9859018,              1744653136.9868119,             1744653136.9895935,           1744653136.9931674,         1744653136.9935596,                  0.015073776245117188 , 0.0001327991485595703           ,                  0.005902767181396484 ,       0.021109342575073242 ,            0.0063555240631103516, 0.0003921985626220703     , -0.003966093063354492           , 0.0027816295623779297 ,       0.02548837661743164
       569,                    1744653137.0540895,                 1744653137.0597274,               1744653137.0601568,                   1744653137.0711274,              1744653137.0715704,             1744653137.0770338,           1744653137.0813916,         1744653137.0818243,                  0.005716562271118164 , 0.0005598068237304688           ,                  0.013219833374023438 ,       0.01949620246887207  ,            0.009821176528930664 , 0.00043272972106933594    , -0.004790544509887695           , 0.005463361740112305  ,       0.025699377059936523
       570,                    1744653137.2077932,                 1744653137.2161179,               1744653137.2166257,                   1744653137.223377 ,              1744653137.2249038,             1744653137.2296035,           1744653137.2327313,         1744653137.2333288,                  0.003835439682006836 , 0.00048422813415527344          ,                  0.008203506469726562 ,       0.012523174285888672 ,            0.007827520370483398 , 0.0005974769592285156     , -0.003725290298461914           , 0.00469970703125      ,       0.015530824661254883
       571,                    1744653137.3457527,                 1744653137.3529572,               1744653137.3534627,                   1744653137.3588994,              1744653137.3605933,             1744653137.363735 ,           1744653137.3694923,         1744653137.3700166,                  0.003928661346435547 , 0.0003731250762939453           ,                  0.006765842437744141 ,       0.011067628860473633 ,            0.00889897346496582  , 0.0005242824554443359     , -0.006281614303588867           , 0.003141641616821289  ,       0.017621755599975586
       572,                    1744653137.4757   ,                 1744653137.48507  ,               1744653137.485209 ,                   1744653137.491929 ,              1744653137.4928727,             1744653137.4945369,           1744653137.499931 ,         1744653137.5000613,                  0.008025646209716797 , 0.0004608631134033203           ,                  0.006989479064941406 ,       0.015475988388061523 ,            0.007058382034301758 , 0.00013017654418945312    , -0.005524396896362305           , 0.0016641616821289062 ,       0.02057194709777832
       573,                    1744653137.5207   ,                 1744653137.526506 ,               1744653137.527026 ,                   1744653137.5345914,              1744653137.5356536,             1744653137.5410054,           1744653137.5438356,         1744653137.544512 ,                  0.010388612747192383 , 0.0005543231964111328           ,                  0.011437654495239258 ,       0.022380590438842773 ,            0.008182048797607422 , 0.0006763935089111328     , -0.0035066604614257812          , 0.0053517818450927734 ,       0.025152921676635742
       574,                    1744653137.5447443,                 1744653137.5499485,               1744653137.5503678,                   1744653137.5540514,              1744653137.5550876,             1744653137.5614421,           1744653137.5650878,         1744653137.5656953,                  0.009291648864746094 , 0.0004930496215820312           ,                  0.02987074851989746  ,       0.039655447006225586 ,            0.010000228881835938 , 0.0006074905395507812     , -0.0042531490325927734          , 0.006354570388793945  ,       0.04435324668884277
       575,                    1744653137.5871804,                 1744653137.5938733,               1744653137.594449 ,                   1744653137.6007714,              1744653137.6022484,             1744653137.6066933,           1744653137.6128318,         1744653137.6132534,                  0.006379604339599609 , 0.00044608116149902344          ,                  0.0054895877838134766,       0.01231527328491211  ,            0.01058340072631836  , 0.0004215240478515625     , -0.006560087203979492           , 0.00444483757019043   ,       0.017167329788208008
       576,                    1744653137.65149  ,                 1744653137.6628475,               1744653137.6629374,                   1744653137.681407 ,              1744653137.6818295,             1744653137.6840346,           1744653137.6887083,         1744653137.6888082,                  0.00556635856628418  , 0.0004699230194091797           ,                  0.010022640228271484 ,       0.016058921813964844 ,            0.006878852844238281 , 9.989738464355469e-05     , -0.004773616790771484           , 0.0022051334381103516 ,       0.024401187896728516
       578,                    1744653137.7003384,                 1744653137.7093363,               1744653137.7098763,                   1744653137.7137954,              1744653137.7153008,             1744653137.7258976,           1744653137.7329538,         1744653137.7334523,                  0.007349252700805664 , 0.00034928321838378906          ,                  0.007182121276855469 ,       0.014880657196044922 ,            0.01765298843383789  , 0.0004985332489013672     , -0.007554769515991211           , 0.010596752166748047  ,       0.02138662338256836
       579,                    1744653137.7345154,                 1744653137.7495892,               1744653137.749722 ,                   1744653137.7556248,              1744653137.7564712,             1744653137.7600038,           1744653137.7640758,         1744653137.7642205,                  0.006071567535400391 , 0.0001049041748046875           ,                  0.009558916091918945 ,       0.015735387802124023 ,            0.0076045989990234375, 0.00014472007751464844    , -0.004216670989990234           , 0.0035326480865478516 ,       0.01929330825805664
       580,                    1744653137.8076575,                 1744653137.813374 ,               1744653137.8139338,                   1744653137.8271537,              1744653137.8292065,             1744653137.8333569,           1744653137.8364232,         1744653137.836993 ,                  0.004700899124145508 , 0.00010466575622558594          ,                  0.010591268539428711 ,       0.015396833419799805 ,            0.007216691970825195 , 0.0005698204040527344     , -0.0036361217498779297          , 0.004150390625        ,       0.02266550064086914
       581,                    1744653137.858384 ,                 1744653137.8622193,               1744653137.8627036,                   1744653137.870907 ,              1744653137.8713543,             1744653137.8739147,           1744653137.8795419,         1744653137.8800142,                  0.006973981857299805 , 0.0004303455352783203           ,                  0.010148286819458008 ,       0.017552614212036133 ,            0.008187532424926758 , 0.0004723072052001953     , -0.0060994625091552734          , 0.0025603771209716797 ,       0.021223783493041992
       582,                    1744653137.8924954,                 1744653137.896424 ,               1744653137.8967972,                   1744653137.903563 ,              1744653137.9054773,             1744653137.9101171,           1744653137.9143305,         1744653137.9147556,                  0.00840616226196289  , 0.0001239776611328125           ,                  0.004918098449707031 ,       0.013448238372802734 ,            0.00885319709777832  , 0.00042510032653808594    , -0.0046384334564208984          , 0.004639863967895508  ,       0.021387100219726562
       583,                    1744653137.9224482,                 1744653137.9304738,               1744653137.9309347,                   1744653137.9379241,              1744653137.9401627,             1744653137.94302  ,           1744653137.9473774,         1744653137.9477715,                  0.0062198638916015625, 0.00048160552978515625          ,                  0.0051534175872802734,       0.011854887008666992 ,            0.007214784622192383 , 0.0003941059112548828     , -0.004751443862915039           , 0.0028574466705322266 ,       0.01904439926147461
       584,                    1744653137.9731135,                 1744653137.9835021,               1744653137.9840565,                   1744653137.9954941,              1744653137.996187 ,             1744653137.9982665,           1744653138.0049162,         1744653138.0054045,                  0.004975795745849609 , 0.0004649162292480469           ,                  0.006397724151611328 ,       0.011838436126708984 ,            0.008729219436645508 , 0.00048828125             , -0.00713801383972168            , 0.002079486846923828  ,       0.01677250862121582
       585,                    1744653138.2087843,                 1744653138.218076 ,               1744653138.218569 ,                   1744653138.2484398,              1744653138.250339 ,             1744653138.2531376,           1744653138.262779 ,         1744653138.2633474,                  0.005803823471069336 , 0.0004591941833496094           ,                  0.0036356449127197266,       0.009898662567138672 ,            0.012439966201782227 , 0.000568389892578125      , -0.010209798812866211           , 0.0027985572814941406 ,       0.016759634017944336
       588,                    1744653138.2925792,                 1744653138.2989588,               1744653138.2994049,                   1744653138.3048944,              1744653138.306106 ,             1744653138.3097465,           1744653138.3139467,         1744653138.3143811,                  0.011590003967285156 , 0.0005202293395996094           ,                  0.004643678665161133 ,       0.0167539119720459   ,            0.007840633392333984 , 0.0004343986511230469     , -0.0046346187591552734          , 0.003640413284301758  ,       0.02175426483154297
       589,                    1744653138.3256135,                 1744653138.3311799,               1744653138.3316498,                   1744653138.3416724,              1744653138.343049 ,             1744653138.3500147,           1744653138.361621 ,         1744653138.3621054,                  0.0056955814361572266, 0.0003540515899658203           ,                  0.020583152770996094 ,       0.02663278579711914  ,            0.018571853637695312 , 0.000484466552734375      , -0.012090682983398438           , 0.00696563720703125   ,       0.02991318702697754
       590,                    1744653138.373391 ,                 1744653138.3807402,               1744653138.3810894,                   1744653138.3882716,              1744653138.3902004,             1744653138.3947775,           1744653138.3980968,         1744653138.3984067,                  0.006958723068237305 , 0.0005586147308349609           ,                  0.005337715148925781 ,       0.012855052947998047 ,            0.00789642333984375  , 0.00030994415283203125    , -0.0036292076110839844          , 0.004577159881591797  ,       0.016509294509887695
       591,                    1744653138.4260871,                 1744653138.4321587,               1744653138.4322636,                   1744653138.4418225,              1744653138.4424493,             1744653138.4453804,           1744653138.4490352,         1744653138.4491305,                  0.005343914031982422 , 0.0004754066467285156           ,                  0.00924372673034668  ,       0.015063047409057617 ,            0.006585836410522461 , 9.5367431640625e-05       , -0.0037500858306884766          , 0.0029311180114746094 ,       0.019455671310424805
       592,                    1744653138.495408 ,                 1744653138.500109 ,               1744653138.5002136,                   1744653138.510805 ,              1744653138.5114944,             1744653138.5180736,           1744653138.5244315,         1744653138.524527 ,                  0.012666702270507812 , 0.00010466575622558594          ,                  0.011014699935913086 ,       0.023786067962646484 ,            0.012937068939208984 , 9.560585021972656e-05     , -0.006453514099121094           , 0.006579160690307617  ,       0.030139923095703125
       593,                    1744653138.558921 ,                 1744653138.565895 ,               1744653138.5663254,                   1744653138.5764737,              1744653138.5776002,             1744653138.580145 ,           1744653138.5829437,         1744653138.5834777,                  0.0046062469482421875, 0.0005114078521728516           ,                  0.009807348251342773 ,       0.014925003051757812 ,            0.005343437194824219 , 0.0005340576171875        , -0.003332853317260742           , 0.0025446414947509766 ,       0.022530794143676758
       594,                    1744653138.5998144,                 1744653138.6082206,               1744653138.6083446,                   1744653138.6132627,              1744653138.617794 ,             1744653138.6212015,           1744653138.624695 ,         1744653138.6248126,                  0.009476184844970703 , 0.0003921985626220703           ,                  0.010667085647583008 ,       0.02053546905517578  ,            0.0069010257720947266, 0.00011754035949707031    , -0.0036110877990722656          , 0.0034074783325195312 ,       0.025609493255615234
       595,                    1744653138.6285217,                 1744653138.6347415,               1744653138.6352232,                   1744653138.6403766,              1744653138.6415298,             1744653138.647566 ,           1744653138.6513028,         1744653138.6518106,                  0.003464937210083008 , 0.000423431396484375            ,                  0.015100717544555664 ,       0.018989086151123047 ,            0.009773015975952148 , 0.0005078315734863281     , -0.004244565963745117           , 0.006036281585693359  ,       0.02616286277770996
       596,                    1744653138.6742728,                 1744653138.6792486,               1744653138.6797135,                   1744653138.6861112,              1744653138.6870406,             1744653138.6910453,           1744653138.695629 ,         1744653138.6961083,                  0.012273073196411133 , 0.0005133152008056641           ,                  0.03922700881958008  ,       0.052013397216796875 ,            0.008588314056396484 , 0.0004794597625732422     , -0.005063056945800781           , 0.004004716873168945  ,       0.0625007152557373
       597,                    1744653138.731454 ,                 1744653138.7372577,               1744653138.737717 ,                   1744653138.7413526,              1744653138.7419991,             1744653138.7482135,           1744653138.7632003,         1744653138.7636034,                  0.006559133529663086 , 0.0005955696105957031           ,                  0.0139007568359375   ,       0.02105545997619629  ,            0.021201133728027344 , 0.0004031658172607422     , -0.01538991928100586            , 0.0062143802642822266 ,       0.029165983200073242
       598,                    1744653138.7531536,                 1744653138.7647436,               1744653138.7652638,                   1744653138.7699075,              1744653138.7709816,             1744653138.7749078,           1744653138.7793367,         1744653138.7796361,                  0.009407520294189453 , 0.00046896934509277344          ,                  0.013302803039550781 ,       0.023179292678833008 ,            0.008355140686035156 , 0.0002994537353515625     , -0.0047283172607421875          , 0.003926277160644531  ,       0.031926631927490234
       599,                    1744653138.8969579,                 1744653138.9026535,               1744653138.9030075,                   1744653138.9235907,              1744653138.9244254,             1744653138.926871 ,           1744653138.9385278,         1744653138.9390302,                  0.012815713882446289 , 0.0006427764892578125           ,                  0.006385087966918945 ,       0.019843578338623047 ,            0.014102458953857422 , 0.0005023479461669922     , -0.012159109115600586           , 0.002445697784423828  ,       0.03141593933105469
       601,                    1744653139.0091121,                 1744653139.0160708,               1744653139.0166295,                   1744653139.0219672,              1744653139.0234644,             1744653139.0256214,           1744653139.0334704,         1744653139.0340526,                  0.012282848358154297 , 0.0005452632904052734           ,                  0.01336979866027832  ,       0.02619791030883789  ,            0.010005950927734375 , 0.0005822181701660156     , -0.008431196212768555           , 0.002156972885131836  ,       0.0316929817199707
       602,                    1744653139.0990994,                 1744653139.1044433,               1744653139.1049187,                   1744653139.1141624,              1744653139.1157901,             1744653139.118555 ,           1744653139.1217752,         1744653139.122207 ,                  0.002087116241455078 , 0.00039315223693847656          ,                  0.001852273941040039 ,       0.004332542419433594 ,            0.0059850215911865234, 0.0004317760467529297     , -0.003651857376098633           , 0.0027649402618408203 ,       0.00476527214050293
       603,                    1744653139.1389084,                 1744653139.151575 ,               1744653139.1516798,                   1744653139.1626945,              1744653139.1646905,             1744653139.1690483,           1744653139.1744876,         1744653139.174603 ,                  0.004386425018310547 , 0.0001461505889892578           ,                  0.002409696578979492 ,       0.006942272186279297 ,            0.009797096252441406 , 0.00011539459228515625    , -0.005554676055908203           , 0.004357814788818359  ,       0.010188102722167969
       604,                    1744653139.2106307,                 1744653139.215237 ,               1744653139.2157483,                   1744653139.2255557,              1744653139.2265747,             1744653139.2331614,           1744653139.2454262,         1744653139.2459288,                  0.0052661895751953125, 0.00010657310485839844          ,                  0.012479305267333984 ,       0.017852067947387695 ,            0.018851518630981445 , 0.0005025863647460938     , -0.012767314910888672           , 0.006586790084838867  ,       0.024013996124267578
       605,                    1744653139.2367516,                 1744653139.2462277,               1744653139.24662  ,                   1744653139.257287 ,              1744653139.258181 ,             1744653139.262361 ,           1744653139.2662203,         1744653139.2665665,                  0.0033922195434570312, 9.942054748535156e-05           ,                  0.010640621185302734 ,       0.014132261276245117 ,            0.008039236068725586 , 0.00034618377685546875    , -0.004205465316772461           , 0.004179954528808594  ,       0.018549680709838867
       606,                    1744653139.296567 ,                 1744653139.300032 ,               1744653139.3004553,                   1744653139.315556 ,              1744653139.317187 ,             1744653139.3227298,           1744653139.329191 ,         1744653139.3296285,                  0.006622314453125    , 0.0005831718444824219           ,                  0.005357265472412109 ,       0.012562751770019531 ,            0.012003898620605469 , 0.0004374980926513672     , -0.006898641586303711           , 0.005542755126953125  ,       0.021342992782592773
       608,                    1744653139.3650808,                 1744653139.377354 ,               1744653139.3778672,                   1744653139.4170942,              1744653139.4206464,             1744653139.4275815,           1744653139.4334536,         1744653139.433974 ,                  0.01141214370727539  , 0.00044155120849609375          ,                  0.008390188217163086 ,       0.02024388313293457  ,            0.012807130813598633 , 0.0005204677581787109     , -0.006392478942871094           , 0.00693511962890625   ,       0.026865243911743164
       611,                    1744653139.477871 ,                 1744653139.48443  ,               1744653139.4850256,                   1744653139.4989264,              1744653139.5014908,             1744653139.507037 ,           1744653139.5124514,         1744653139.5128803,                  0.009026050567626953 , 0.00033974647521972656          ,                  0.010272741317749023 ,       0.019638538360595703 ,            0.010960578918457031 , 0.00042891502380371094    , -0.005843400955200195           , 0.005546092987060547  ,       0.023084163665771484
       612,                    1744653139.5283973,                 1744653139.5378048,               1744653139.5382738,                   1744653139.5515766,              1744653139.5531218,             1744653139.560324 ,           1744653139.570142 ,         1744653139.5706167,                  0.014198064804077148 , 0.0004699230194091797           ,                  0.015337228775024414 ,       0.030005216598510742 ,            0.017020225524902344 , 0.00047469139099121094    , -0.010292768478393555           , 0.0072021484375       ,       0.037503957748413086
       613,                    1744653139.586747 ,                 1744653139.5995626,               1744653139.6002054,                   1744653139.6065905,              1744653139.6100383,             1744653139.6181629,           1744653139.6311421,         1744653139.6320443,                  0.005852699279785156 , 0.00042247772216796875          ,                  0.00403594970703125  ,       0.010311126708984375 ,            0.021103858947753906 , 0.0009021759033203125     , -0.013881444931030273           , 0.008124589920043945  ,       0.014049768447875977
       615,                    1744653139.6204154,                 1744653139.6326983,               1744653139.6332436,                   1744653139.6466134,              1744653139.6475856,             1744653139.6521084,           1744653139.6676936,         1744653139.6681812,                  0.005113840103149414 , 0.00047278404235839844          ,                  0.00494694709777832  ,       0.010533571243286133 ,            0.02010798454284668  , 0.0004875659942626953     , -0.016072750091552734           , 0.004522800445556641  ,       0.020398855209350586
       617,                                      ,                                   ,                                 ,                                     ,              1744653139.6559994,             1744653139.6583126,           1744653139.6684728,         1744653139.6689718,                  0.011780738830566406 , 0.0001842975616455078           ,                  0.005562305450439453 ,       0.017527341842651367 ,            0.012473344802856445 , 0.0004990100860595703     , -0.010659217834472656           , 0.0023131370544433594 ,       0.022621631622314453
       618,                    1744653139.7747145,                 1744653139.7768016,               1744653139.7771947,                   1744653139.779047 ,              1744653139.7791755,             1744653139.7794797,           1744653139.7810757,         1744653139.7814279,                  0.005905628204345703 , 0.00011086463928222656          ,                  0.007595539093017578 ,       0.013612031936645508 ,            0.0019001960754394531, 0.0003521442413330078     , -0.0019481182098388672          , 0.00030422210693359375,       0.022867679595947266
       619,                    1744653139.8241346,                 1744653139.828521 ,               1744653139.8286672,                   1744653139.8310769,              1744653139.8330197,             1744653139.8343227,           1744653139.841311 ,         1744653139.8414314,                  0.008737564086914062 , 0.0003895759582519531           ,                  0.016959667205810547 ,       0.026086807250976562 ,            0.008291244506835938 , 0.00012040138244628906    , -0.0071086883544921875          , 0.001302957534790039  ,       0.03213667869567871
       620,                    1744653139.8476167,                 1744653139.8528829,               1744653139.8529894,                   1744653139.8654687,              1744653139.8681774,             1744653139.8716307,           1744653139.874406 ,         1744653139.874509 ,                  0.008515596389770508 , 0.0004944801330566406           ,                  0.004895687103271484 ,       0.013905763626098633 ,            0.00622868537902832  , 0.000102996826171875      , -0.002878427505493164           , 0.0034532546997070312 ,       0.019909381866455078
       621,                    1744653139.8989804,                 1744653139.9023726,               1744653139.902472 ,                   1744653139.9131126,              1744653139.913819 ,             1744653139.91753  ,           1744653139.9201162,         1744653139.9202302,                  0.008846521377563477 , 0.00014448165893554688          ,                  0.012147903442382812 ,       0.021138906478881836 ,            0.006297111511230469 , 0.00011396408081054688    , -0.0027000904083251953          , 0.0037109851837158203 ,       0.02793717384338379
       622,                    1744653139.9302208,                 1744653139.9368432,               1744653139.9374263,                   1744653139.9427836,              1744653139.94495  ,             1744653139.9515638,           1744653139.9562993,         1744653139.9568279,                  0.006866931915283203 , 0.00047206878662109375          ,                  0.0027735233306884766,       0.010112524032592773 ,            0.011349201202392578 , 0.0005285739898681641     , -0.0052640438079833984          , 0.006613731384277344  ,       0.015531778335571289
       623,                    1744653140.0339031,                 1744653140.0453153,               1744653140.0457568,                   1744653140.054147 ,              1744653140.0558398,             1744653140.0607684,           1744653140.0660527,         1744653140.0664265,                  0.007530689239501953 , 0.00011610984802246094          ,                  0.024790048599243164 ,       0.03243684768676758  ,            0.010212898254394531 , 0.00037384033203125       , -0.005658149719238281           , 0.0049285888671875    ,       0.0381169319152832
       624,                    1744653140.082369 ,                 1744653140.0913951,               1744653140.091735 ,                   1744653140.1020076,              1744653140.1023355,             1744653140.1054533,           1744653140.1080666,         1744653140.1084263,                  0.007109642028808594 , 0.00035953521728515625          ,                  0.02796769142150879  ,       0.03543686866760254  ,            0.005731105804443359 , 0.0003597736358642578     , -0.0029730796813964844          , 0.003117799758911133  ,       0.03821754455566406
       625,                    1744653140.2704108,                 1744653140.2846088,               1744653140.2850788,                   1744653140.300416 ,              1744653140.301261 ,             1744653140.3079147,           1744653140.3128893,         1744653140.3133419,                  0.008402585983276367 , 0.0004146099090576172           ,                  0.016526222229003906 ,       0.02534341812133789  ,            0.011628389358520508 , 0.0004525184631347656     , -0.005427122116088867           , 0.006653785705566406  ,       0.033684492111206055
       626,                    1744653140.3580997,                 1744653140.3639524,               1744653140.3643749,                   1744653140.3684108,              1744653140.369354 ,             1744653140.3721495,           1744653140.3751273,         1744653140.3755908,                  0.006072282791137695 , 0.0004267692565917969           ,                  0.0022978782653808594,       0.008796930313110352 ,            0.005773305892944336 , 0.0004634857177734375     , -0.003441333770751953           , 0.0027954578399658203 ,       0.010058164596557617
       627,                    1744653140.4258785,                 1744653140.4309924,               1744653140.4314651,                   1744653140.436412 ,              1744653140.4408908,             1744653140.4462774,           1744653140.4597266,         1744653140.4601285,                  0.009817123413085938 , 0.00012373924255371094          ,                  0.006394624710083008 ,       0.016335487365722656 ,            0.018835783004760742 , 0.0004019737243652344     , -0.013851165771484375           , 0.0053865909576416016 ,       0.021677017211914062
       628,                    1744653140.448654 ,                 1744653140.4604347,               1744653140.460619 ,                   1744653140.4661813,              1744653140.467607 ,             1744653140.4712756,           1744653140.4766684,         1744653140.4767861,                  0.004967689514160156 , 0.0001304149627685547           ,                  0.005681753158569336 ,       0.010779857635498047 ,            0.009061336517333984 , 0.00011777877807617188    , -0.005510568618774414           , 0.003668546676635742  ,       0.01603102684020996
       629,                    1744653140.5728693,                 1744653140.578775 ,               1744653140.5788858,                   1744653140.5864813,              1744653140.5875103,             1744653140.595737 ,           1744653140.6039662,         1744653140.6040578,                  0.00507354736328125  , 0.0005218982696533203           ,                  0.008237123489379883 ,       0.013832569122314453 ,            0.016455888748168945 , 9.1552734375e-05          , -0.008320808410644531           , 0.008226633071899414  ,       0.017968177795410156
       630,                    1744653140.6035893,                 1744653140.6123269,               1744653140.6127164,                   1744653140.629676 ,              1744653140.6309812,             1744653140.635726 ,           1744653140.6398346,         1744653140.6402707,                  0.0052661895751953125, 0.0001327991485595703           ,                  0.005419015884399414 ,       0.010818004608154297 ,            0.008853435516357422 , 0.0004360675811767578     , -0.004544734954833984           , 0.004744768142700195  ,       0.01587367057800293
       632,                    1744653140.6822865,                 1744653140.690802 ,               1744653140.6912966,                   1744653140.6961923,              1744653140.6971486,             1744653140.702196 ,           1744653140.7081342,         1744653140.7085726,                  0.005197048187255859 , 0.00015544891357421875          ,                  0.00858306884765625  ,       0.013935565948486328 ,            0.010985612869262695 , 0.00043845176696777344    , -0.006376743316650391           , 0.005047321319580078  ,       0.01865696907043457
       633,                    1744653140.8969612,                 1744653140.9058077,               1744653140.9059522,                   1744653140.9181   ,              1744653140.920023 ,             1744653140.9248984,           1744653140.929299 ,         1744653140.929437 ,                  0.0031316280364990234, 0.0005371570587158203           ,                  0.0014317035675048828,       0.0051004886627197266,            0.009276151657104492 , 0.00013780593872070312    , -0.004538536071777344           , 0.0048754215240478516 ,       0.0075893402099609375
       634,                    1744653140.9581676,                 1744653140.9650345,               1744653140.9655066,                   1744653140.96828  ,              1744653140.9694645,             1744653140.9736993,           1744653140.9783134,         1744653140.9787345,                  0.013929128646850586 , 0.0003707408905029297           ,                  0.00981593132019043  ,       0.024115800857543945 ,            0.008848905563354492 , 0.0004210472106933594     , -0.0050351619720458984          , 0.004234790802001953  ,       0.03850245475769043
       635,                    1744653141.0067182,                 1744653141.0142488,               1744653141.014365 ,                   1744653141.039155 ,              1744653141.0400698,             1744653141.044835 ,           1744653141.048599 ,         1744653141.048693 ,                  0.005858898162841797 , 0.00044465065002441406          ,                  0.010018348693847656 ,       0.016321897506713867 ,            0.008529186248779297 , 9.393692016601562e-05     , -0.003857851028442383           , 0.00476527214050293   ,       0.021394729614257812
       637,                    1744653141.0641937,                 1744653141.0713034,               1744653141.071663 ,                   1744653141.0996306,              1744653141.1000366,             1744653141.1024113,           1744653141.1080222,         1744653141.1084058,                  0.010049104690551758 , 0.0004582405090332031           ,                  0.007675647735595703 ,       0.018182992935180664 ,            0.007985591888427734 , 0.00038361549377441406    , -0.005994558334350586           , 0.0023746490478515625 ,       0.023067474365234375
       638,                    1744653141.0903854,                 1744653141.098788 ,               1744653141.0992026,                   1744653141.1157289,              1744653141.1180522,             1744653141.12407  ,           1744653141.1327155,         1744653141.1331828,                  0.008936643600463867 , 0.0003399848937988281           ,                  0.006112337112426758 ,       0.015388965606689453 ,            0.014663219451904297 , 0.0004673004150390625     , -0.009112834930419922           , 0.0060176849365234375 ,       0.021030664443969727
       640,                    1744653141.183166 ,                 1744653141.1892383,               1744653141.189665 ,                   1744653141.191963 ,              1744653141.192368 ,             1744653141.1932242,           1744653141.1962802,         1744653141.1967053,                  0.011421442031860352 , 0.000171661376953125            ,                  0.019247055053710938 ,       0.030840158462524414 ,            0.003912210464477539 , 0.00042510032653808594    , -0.003481149673461914           , 0.0008561611175537109 ,       0.04129648208618164
       641,                    1744653141.3762312,                 1744653141.3860483,               1744653141.386172 ,                   1744653141.3925667,              1744653141.3943782,             1744653141.3979082,           1744653141.4011645,         1744653141.401275 ,                  0.009355545043945312 , 0.0004448890686035156           ,                  0.006835460662841797 ,       0.016635894775390625 ,            0.006786346435546875 , 0.00011038780212402344    , -0.003366708755493164           , 0.0035300254821777344 ,       0.01944589614868164
       642,                    1744653141.5159054,                 1744653141.520873 ,               1744653141.5210035,                   1744653141.5266852,              1744653141.5276709,             1744653141.5319364,           1744653141.5339303,         1744653141.5340252,                  0.008234500885009766 , 0.00046634674072265625          ,                  0.03636646270751953  ,       0.04506731033325195  ,            0.006259441375732422 , 9.489059448242188e-05     , -0.002088785171508789           , 0.004265546798706055  ,       0.05041956901550293
       643,                    1744653141.5612423,                 1744653141.566316 ,               1744653141.5668378,                   1744653141.575075 ,              1744653141.5772462,             1744653141.5792105,           1744653141.5828106,         1744653141.583236 ,                  0.010149717330932617 , 0.0003161430358886719           ,                  0.019951343536376953 ,       0.030417203903198242 ,            0.005564451217651367 , 0.0004253387451171875     , -0.004025459289550781           , 0.0019643306732177734 ,       0.03969454765319824
       644,                    1744653141.6130803,                 1744653141.6183465,               1744653141.6184793,                   1744653141.6238983,              1744653141.6257946,             1744653141.628954 ,           1744653141.6325972,         1744653141.632751 ,                  0.005322456359863281 , 0.00012731552124023438          ,                  0.007645368576049805 ,       0.01309514045715332  ,            0.006802558898925781 , 0.0001537799835205078     , -0.0037970542907714844          , 0.0031592845916748047 ,       0.02039813995361328
       645,                    1744653141.7395594,                 1744653141.7447565,               1744653141.744912 ,                   1744653141.753495 ,              1744653141.754323 ,             1744653141.7582164,           1744653141.7606256,         1744653141.7607396,                  0.022623300552368164 , 0.00043201446533203125          ,                  0.020750999450683594 ,       0.04380631446838379  ,            0.006302595138549805 , 0.00011396408081054688    , -0.002523183822631836           , 0.0038933753967285156 ,       0.04957222938537598
       646,                    1744653141.8767354,                 1744653141.879867 ,               1744653141.8804042,                   1744653141.881836 ,              1744653141.8819373,             1744653141.8843248,           1744653141.8882527,         1744653141.8887217,                  0.012598514556884766 , 0.0004699230194091797           ,                  0.03375077247619629  ,       0.046819210052490234 ,            0.006315469741821289 , 0.00046896934509277344    , -0.004396915435791016           , 0.002387523651123047  ,       0.055208683013916016
       647,                    1744653141.9332843,                 1744653141.9472134,               1744653141.9475842,                   1744653141.9574   ,              1744653141.9608288,             1744653141.9717867,           1744653141.9818537,         1744653141.9822345,                  0.010852575302124023 , 0.0004601478576660156           ,                  0.046525001525878906 ,       0.057837724685668945 ,            0.02102494239807129  , 0.0003807544708251953     , -0.01044774055480957            , 0.010957956314086914  ,       0.06962037086486816
       648,                    1744653141.976592 ,                 1744653141.982451 ,               1744653141.9828956,                   1744653141.992914 ,              1744653141.9938014,             1744653141.9979868,           1744653142.003013 ,         1744653142.0034645,                  0.007044792175292969 , 0.00035452842712402344          ,                  0.009882926940917969 ,       0.01728224754333496  ,            0.009211540222167969 , 0.0004515647888183594     , -0.0054776668548583984          , 0.00418543815612793   ,       0.02109217643737793
       649,                    1744653142.1108756,                 1744653142.1209247,               1744653142.121383 ,                   1744653142.1290586,              1744653142.1304553,             1744653142.133943 ,           1744653142.1430764,         1744653142.1434765,                  0.010436296463012695 , 0.00036406517028808594          ,                  0.009974956512451172 ,       0.020775318145751953 ,            0.012621164321899414 , 0.0004000663757324219     , -0.009533405303955078           , 0.003487825393676758  ,       0.028348445892333984
       650,                    1744653142.2172863,                 1744653142.226223 ,               1744653142.226563 ,                   1744653142.2326753,              1744653142.234597 ,             1744653142.238317 ,           1744653142.2461097,         1744653142.2464614,                  0.010162115097045898 , 0.0003933906555175781           ,                  0.004806995391845703 ,       0.01536250114440918  ,            0.01151275634765625  , 0.0003516674041748047     , -0.008144378662109375           , 0.0037200450897216797 ,       0.021930217742919922
       651,                    1744653142.2921968,                 1744653142.3036182,               1744653142.3037899,                   1744653142.323037 ,              1744653142.324817 ,             1744653142.3334932,           1744653142.3403783,         1744653142.3405995,                  0.007973432540893555 , 0.00012040138244628906          ,                  0.012076854705810547 ,       0.02017068862915039  ,            0.015561342239379883 , 0.00022125244140625       , -0.007106304168701172           , 0.008676290512084961  ,       0.026856184005737305
       653,                    1744653142.340369 ,                 1744653142.3497245,               1744653142.3501694,                   1744653142.357005 ,              1744653142.3573742,             1744653142.359815 ,           1744653142.3629308,         1744653142.363438 ,                  0.004026651382446289 , 0.0004925727844238281           ,                  0.012791633605957031 ,       0.01731085777282715  ,            0.005556583404541016 , 0.0005071163177490234     , -0.0036230087280273438          , 0.0024406909942626953 ,       0.02767491340637207
       654,                    1744653142.397766 ,                 1744653142.4060006,               1744653142.406467 ,                   1744653142.4428334,              1744653142.4441147,             1744653142.4481857,           1744653142.4550767,         1744653142.4555461,                  0.007004737854003906 , 0.00039505958557128906          ,                  0.005437374114990234 ,       0.01283717155456543  ,            0.01096200942993164  , 0.00046944618225097656    , -0.0073604583740234375          , 0.00407099723815918   ,       0.01703619956970215
       655,                    1744653142.4314582,                 1744653142.441608 ,               1744653142.441924 ,                   1744653142.4618754,              1744653142.4632416,             1744653142.4711528,           1744653142.4764352,         1744653142.4767778,                  0.006520271301269531 , 0.0006849765777587891           ,                  0.011671304702758789 ,       0.01887655258178711  ,            0.013193607330322266 , 0.0003426074981689453     , -0.005625009536743164           , 0.007911205291748047  ,       0.024531841278076172
       657,                    1744653142.6358669,                 1744653142.6411893,               1744653142.6413167,                   1744653142.648962 ,              1744653142.6506264,             1744653142.656265 ,           1744653142.6616442,         1744653142.661749 ,                  0.008468866348266602 , 0.0002903938293457031           ,                  0.03205418586730957  ,       0.040813446044921875 ,            0.011017799377441406 , 0.00010466575622558594    , -0.005483865737915039           , 0.005638599395751953  ,       0.046964406967163086
       658,                    1744653142.786092 ,                 1744653142.8087153,               1744653142.8091474,                   1744653142.8298984,              1744653142.8314288,             1744653142.8356643,           1744653142.8457203,         1744653142.8461637,                  0.009665966033935547 , 0.00043702125549316406          ,                  0.02189350128173828  ,       0.03199648857116699  ,            0.014291524887084961 , 0.00044345855712890625    , -0.01049947738647461            , 0.004235506057739258  ,       0.0340423583984375
       659,                    1744653142.801383 ,                 1744653142.8139815,               1744653142.8144515,                   1744653142.8482022,              1744653142.8490133,             1744653142.8565917,           1744653142.8640633,         1744653142.8645077,                  0.008498907089233398 , 0.0005247592926025391           ,                  0.016692638397216797 ,       0.025716304779052734 ,            0.015049934387207031 , 0.0004444122314453125     , -0.007915973663330078           , 0.007578372955322266  ,       0.033171653747558594
       661,                    1744653142.9023342,                 1744653142.9131868,               1744653142.913647 ,                   1744653142.960172 ,              1744653142.963788 ,             1744653142.9719546,           1744653142.9780276,         1744653142.9785082,                  0.00623631477355957  , 0.00011515617370605469          ,                  0.00876927375793457  ,       0.015120744705200195 ,            0.01423954963684082  , 0.00048065185546875       , -0.00655364990234375            , 0.00816655158996582   ,       0.017083406448364258
       664,                    1744653142.9740987,                 1744653142.9811435,               1744653142.981498 ,                   1744653142.991381 ,              1744653142.9925869,             1744653142.9951909,           1744653142.9997306,         1744653143.0001633,                  0.006600379943847656 , 0.0004169940948486328           ,                  0.007302045822143555 ,       0.014319419860839844 ,            0.007143735885620117 , 0.00043272972106933594    , -0.0049724578857421875          , 0.0026040077209472656 ,       0.02131962776184082
       665,                    1744653143.0204158,                 1744653143.030852 ,               1744653143.0312161,                   1744653143.041191 ,              1744653143.0450015,             1744653143.0487642,           1744653143.058997 ,         1744653143.0593605,                  0.00875091552734375  , 0.0004143714904785156           ,                  0.011297464370727539 ,       0.020462751388549805 ,            0.01399540901184082  , 0.0003635883331298828     , -0.010596275329589844           , 0.0037627220153808594 ,       0.025556564331054688
       666,                    1744653143.0767393,                 1744653143.0869014,               1744653143.0872948,                   1744653143.0921018,              1744653143.0935562,             1744653143.0986695,           1744653143.1055694,         1744653143.1059632,                  0.006408214569091797 , 0.00011777877807617188          ,                  0.00802302360534668  ,       0.014549016952514648 ,            0.01201319694519043  , 0.00039386749267578125    , -0.007293701171875              , 0.005113363265991211  ,       0.019756317138671875
       667,                    1744653143.1630373,                 1744653143.1710107,               1744653143.1711311,                   1744653143.183208 ,              1744653143.1851194,             1744653143.1898935,           1744653143.1931264,         1744653143.1932373,                  0.00359344482421875  , 0.00042939186096191406          ,                  0.003201007843017578 ,       0.007223844528198242 ,            0.008007049560546875 , 0.00011086463928222656    , -0.003343820571899414           , 0.0047740936279296875 ,       0.011195659637451172
       668,                    1744653143.2390852,                 1744653143.2431118,               1744653143.2436044,                   1744653143.256396 ,              1744653143.2573047,             1744653143.26676  ,           1744653143.2734046,         1744653143.2739303,                  0.009629011154174805 , 0.0005121231079101562           ,                  0.009935855865478516 ,       0.020076990127563477 ,            0.016099929809570312 , 0.0005257129669189453     , -0.007170200347900391           , 0.009455442428588867  ,       0.02717280387878418
       669,                    1744653143.2689497,                 1744653143.2759545,               1744653143.2763495,                   1744653143.281787 ,              1744653143.283027 ,             1744653143.285986 ,           1744653143.2886574,         1744653143.2891169,                  0.008672952651977539 , 0.0005006790161132812           ,                  0.007117033004760742 ,       0.016290664672851562 ,            0.0056304931640625   , 0.00045943260192871094    , -0.0031309127807617188          , 0.002959012985229492  ,       0.022452116012573242
       670,                    1744653143.3192132,                 1744653143.3257334,               1744653143.3264184,                   1744653143.3380897,              1744653143.3385696,             1744653143.343745 ,           1744653143.3547552,         1744653143.3558826,                  0.0053403377532958984, 0.00013327598571777344          ,                  0.0073087215423583984,       0.01278233528137207  ,            0.016185522079467773 , 0.001127481460571289      , -0.012137651443481445           , 0.005175352096557617  ,       0.016777515411376953
       672,                    1744653143.3595216,                 1744653143.3679905,               1744653143.368281 ,                   1744653143.400335 ,              1744653143.4022014,             1744653143.406486 ,           1744653143.4156978,         1744653143.415986 ,                  0.007118940353393555 , 0.00032901763916015625          ,                  0.022986412048339844 ,       0.030434370040893555 ,            0.01349639892578125  , 0.00028824806213378906    , -0.00950002670288086            , 0.00428462028503418   ,       0.03562664985656738
       673,                    1744653143.391599 ,                 1744653143.401265 ,               1744653143.401702 ,                   1744653143.4235954,              1744653143.423899 ,             1744653143.4256413,           1744653143.436459 ,         1744653143.4369278,                  0.014405488967895508 , 0.0005030632019042969           ,                  0.009181022644042969 ,       0.024089574813842773 ,            0.012560129165649414 , 0.0004687309265136719     , -0.011286497116088867           , 0.0017423629760742188 ,       0.0334780216217041
       675,                    1744653143.4568863,                 1744653143.4653852,               1744653143.46591  ,                   1744653143.4826026,              1744653143.4845488,             1744653143.490058 ,           1744653143.496126 ,         1744653143.4966936,                  0.005757808685302734 , 0.0006015300750732422           ,                  0.0024623870849609375,       0.008821725845336914 ,            0.011577129364013672 , 0.0005676746368408203     , -0.0066356658935546875          , 0.005509138107299805  ,       0.014746427536010742
       677,                    1744653143.516681 ,                 1744653143.5229173,               1744653143.5230324,                   1744653143.5318017,              1744653143.5325384,             1744653143.5337644,           1744653143.537463 ,         1744653143.5375695,                  0.0055828094482421875, 0.0003390312194824219           ,                  0.005155324935913086 ,       0.011077165603637695 ,            0.0049245357513427734, 0.00010657310485839844    , -0.0038051605224609375          , 0.0012259483337402344 ,       0.016338109970092773
       678,                    1744653143.5521119,                 1744653143.5587122,               1744653143.5591292,                   1744653143.5664313,              1744653143.5669105,             1744653143.5734315,           1744653143.5826194,         1744653143.5830703,                  0.006554126739501953 , 0.0005850791931152344           ,                  0.009327173233032227 ,       0.016466379165649414 ,            0.01570892333984375  , 0.0004508495330810547     , -0.009638786315917969           , 0.006520986557006836  ,       0.0177304744720459
       679,                    1744653143.5771554,                 1744653143.5859063,               1744653143.5863206,                   1744653143.597618 ,              1744653143.5995874,             1744653143.602712 ,           1744653143.605582 ,         1744653143.6059937,                  0.004177093505859375 , 0.0004799365997314453           ,                  0.0025663375854492188,       0.007223367691040039 ,            0.005994558334350586 , 0.00041174888610839844    , -0.003281831741333008           , 0.0031244754791259766 ,       0.01573324203491211
       680,                    1744653143.6706278,                 1744653143.677036 ,               1744653143.6771538,                   1744653143.6851768,              1744653143.6864648,             1744653143.6903841,           1744653143.6940334,         1744653143.6941454,                  0.005520343780517578 , 0.00040078163146972656          ,                  0.023595809936523438 ,       0.029516935348510742 ,            0.0075685977935791016, 0.00011205673217773438    , -0.00376129150390625            , 0.003919363021850586  ,       0.033649444580078125
       681,                    1744653143.7425478,                 1744653143.7461412,               1744653143.7465706,                   1744653143.7497716,              1744653143.7507243,             1744653143.7537434,           1744653143.761575 ,         1744653143.7620215,                  0.007233142852783203 , 0.00041985511779785156          ,                  0.051904916763305664 ,       0.05955791473388672  ,            0.010850667953491211 , 0.00044655799865722656    , -0.008278131484985352           , 0.003019094467163086  ,       0.06390595436096191
       682,                    1744653143.7551503,                 1744653143.7647793,               1744653143.7652915,                   1744653143.7752273,              1744653143.7773492,             1744653143.7823231,           1744653143.787407 ,         1744653143.787833 ,                  0.02841782569885254  , 0.0005917549133300781           ,                  0.03576040267944336  ,       0.06476998329162598  ,            0.010057687759399414 , 0.0004260540008544922     , -0.005509853363037109           , 0.004973888397216797  ,       0.06976485252380371
       683,                    1744653144.0353003,                 1744653144.0439732,               1744653144.044474 ,                   1744653144.051591 ,              1744653144.0537665,             1744653144.0577524,           1744653144.0618246,         1744653144.062345 ,                  0.009326934814453125 , 0.0005297660827636719           ,                  0.018606185913085938 ,       0.028462886810302734 ,            0.00805807113647461  , 0.0005204677581787109     , -0.0045926570892333984          , 0.003985881805419922  ,       0.03336477279663086
       684,                    1744653144.1522675,                 1744653144.1576078,               1744653144.157741 ,                   1744653144.1650498,              1744653144.1664925,             1744653144.169045 ,           1744653144.1725357,         1744653144.1726863,                  0.010024309158325195 , 0.00042891502380371094          ,                  0.005833864212036133 ,       0.01628708839416504  ,            0.006043195724487305 , 0.0001506805419921875     , -0.003641366958618164           , 0.002552509307861328  ,       0.02423691749572754
       685,                    1744653144.2978423,                 1744653144.3049612,               1744653144.3052902,                   1744653144.3282766,              1744653144.3300698,             1744653144.333469 ,           1744653144.3496215,         1744653144.3497984,                  0.009286880493164062 , 0.0003750324249267578           ,                  0.009009599685668945 ,       0.018671512603759766 ,            0.019551753997802734 , 0.00017690658569335938    , -0.016329526901245117           , 0.0033991336822509766 ,       0.025043487548828125
       687,                    1744653144.3357208,                 1744653144.3501263,               1744653144.3506293,                   1744653144.3598104,              1744653144.3616195,             1744653144.3691988,           1744653144.374438 ,         1744653144.3748999,                  0.014406919479370117 , 0.0003533363342285156           ,                  0.026111841201782227 ,       0.04087209701538086  ,            0.012818574905395508 , 0.00046181678771972656    , -0.0057010650634765625          , 0.007579326629638672  ,       0.0446934700012207
       688,                    1744653144.42482  ,                 1744653144.4305778,               1744653144.4311793,                   1744653144.4336417,              1744653144.436462 ,             1744653144.4395664,           1744653144.443064 ,         1744653144.443534 ,                  0.011178016662597656 , 0.0005497932434082031           ,                  0.006718873977661133 ,       0.018446683883666992 ,            0.006602048873901367 , 0.0004699230194091797     , -0.0039675235748291016          , 0.0031044483184814453 ,       0.025069236755371094
       689,                    1744653144.448097 ,                 1744653144.4536798,               1744653144.4540188,                   1744653144.4591742,              1744653144.4598315,             1744653144.464435 ,           1744653144.4730964,         1744653144.473463 ,                  0.005579710006713867 , 0.00038433074951171875          ,                  0.0069217681884765625,       0.012885808944702148 ,            0.013264894485473633 , 0.0003666877746582031     , -0.009027957916259766           , 0.00460362434387207   ,       0.018361568450927734
       690,                    1744653144.468042 ,                 1744653144.474596 ,               1744653144.475181 ,                   1744653144.4845083,              1744653144.4849062,             1744653144.4857724,           1744653144.4889317,         1744653144.4893074,                  0.011211633682250977 , 0.0003376007080078125           ,                  0.02411031723022461  ,       0.0356595516204834   ,            0.004025459289550781 , 0.0003757476806640625     , -0.003535032272338867           , 0.0008661746978759766 ,       0.04200291633605957
       691,                    1744653144.6911666,                 1744653144.6953437,               1744653144.6958237,                   1744653144.69839  ,              1744653144.7001388,             1744653144.7069   ,           1744653144.7157743,         1744653144.7162051,                  0.006185770034790039 , 0.00046062469482421875          ,                  0.005280256271362305 ,       0.011926651000976562 ,            0.01563549041748047  , 0.00043082237243652344    , -0.009305238723754883           , 0.006761074066162109  ,       0.019335508346557617
       692,                    1744653144.7166364,                 1744653144.7221568,               1744653144.7225575,                   1744653144.7461534,              1744653144.7471945,             1744653144.7502859,           1744653144.7591367,         1744653144.7596176,                  0.003391265869140625 , 0.0003948211669921875           ,                  0.006187915802001953 ,       0.009974002838134766 ,            0.011942148208618164 , 0.00048089027404785156    , -0.009331703186035156           , 0.0030913352966308594 ,       0.022124767303466797
       694,                    1744653145.0743525,                 1744653145.0815856,               1744653145.0820055,                   1744653145.1339104,              1744653145.1362255,             1744653145.1382585,           1744653145.150193 ,         1744653145.1506207,                  0.01170659065246582  , 0.00044274330139160156          ,                  0.028270244598388672 ,       0.040419578552246094 ,            0.013967514038085938 , 0.0004277229309082031     , -0.012362241744995117           , 0.0020329952239990234 ,       0.0446162223815918
       695,                    1744653145.094309 ,                 1744653145.122727 ,               1744653145.1233187,                   1744653145.159079 ,              1744653145.1597056,             1744653145.164074 ,           1744653145.1691759,         1744653145.1696253,                  0.006278514862060547 , 0.0004515647888183594           ,                  0.008773326873779297 ,       0.015503406524658203 ,            0.009470224380493164 , 0.0004494190216064453     , -0.005551338195800781           , 0.004368305206298828  ,       0.02071094512939453
       697,                    1744653145.2401748,                 1744653145.2495017,               1744653145.2500315,                   1744653145.2686377,              1744653145.270074 ,             1744653145.2735395,           1744653145.2846997,         1744653145.2851722,                  0.011703729629516602 , 0.00032591819763183594          ,                  0.02138209342956543  ,       0.03341174125671387  ,            0.014625787734985352 , 0.0004725456237792969     , -0.011632680892944336           , 0.0034656524658203125 ,       0.040967702865600586
       699,                    1744653145.275316 ,                 1744653145.2853403,               1744653145.2857692,                   1744653145.291603 ,              1744653145.2926087,             1744653145.299553 ,           1744653145.3037283,         1744653145.3041663,                  0.013885498046875    , 0.0001285076141357422           ,                  0.018840312957763672 ,       0.032854318618774414 ,            0.011119604110717773 , 0.0004379749298095703     , -0.004613399505615234           , 0.006944179534912109  ,       0.036240577697753906
       700,                    1744653145.3233   ,                 1744653145.3325868,               1744653145.3329618,                   1744653145.3419714,              1744653145.3426538,             1744653145.3483434,           1744653145.3688862,         1744653145.3694243,                  0.007357120513916016 , 0.0001289844512939453           ,                  0.005040407180786133 ,       0.012526512145996094 ,            0.026232481002807617 , 0.0005381107330322266     , -0.021080970764160156           , 0.0056896209716796875 ,       0.019448518753051758
       701,                    1744653145.3767638,                 1744653145.3911707,               1744653145.391524 ,                   1744653145.417636 ,              1744653145.4189239,             1744653145.4214573,           1744653145.4304433,         1744653145.4309013,                  0.004628419876098633 , 0.0005023479461669922           ,                  0.00812673568725586  ,       0.013257503509521484 ,            0.011519432067871094 , 0.00045800209045410156    , -0.009443998336791992           , 0.002533435821533203  ,       0.01688098907470703
       704,                    1744653145.4656174,                 1744653145.4767954,               1744653145.4773452,                   1744653145.484064 ,              1744653145.484988 ,             1744653145.4906867,           1744653145.4946108,         1744653145.4951527,                  0.0048007965087890625, 0.0006322860717773438           ,                  0.00968790054321289  ,       0.015120983123779297 ,            0.009622812271118164 , 0.0005419254302978516     , -0.004466056823730469           , 0.005698680877685547  ,       0.022818326950073242
       705,                    1744653145.516427 ,                 1744653145.5220068,               1744653145.522391 ,                   1744653145.5293128,              1744653145.5297623,             1744653145.5347886,           1744653145.545086 ,         1744653145.5455232,                  0.005803585052490234 , 0.0005822181701660156           ,                  0.01132059097290039  ,       0.01770639419555664  ,            0.015323638916015625 , 0.0004372596740722656     , -0.01073455810546875            , 0.005026340484619141  ,       0.026468753814697266
       706,                    1744653145.5419896,                 1744653145.5532012,               1744653145.5535388,                   1744653145.577649 ,              1744653145.5786092,             1744653145.5839925,           1744653145.591331 ,         1744653145.591464 ,                  0.009402751922607422 , 0.00013971328735351562          ,                  0.004949092864990234 ,       0.014491558074951172 ,            0.012721776962280273 , 0.00013303756713867188    , -0.007471561431884766           , 0.00538325309753418   ,       0.01985764503479004
       708,                    1744653145.5957866,                 1744653145.6019723,               1744653145.602433 ,                   1744653145.6077132,              1744653145.6083446,             1744653145.615122 ,           1744653145.6185935,         1744653145.619072 ,                  0.008140087127685547 , 0.0003840923309326172           ,                  0.02673482894897461  ,       0.03525900840759277  ,            0.010248899459838867 , 0.00047850608825683594    , -0.003949880599975586           , 0.006777524948120117  ,       0.041483402252197266
       709,                    1744653145.6216302,                 1744653145.6250215,               1744653145.6254163,                   1744653145.6316042,              1744653145.633361 ,             1744653145.643755 ,           1744653145.6553319,         1744653145.655744 ,                  0.005356788635253906 , 0.0003829002380371094           ,                  0.01763010025024414  ,       0.023369789123535156 ,            0.021970748901367188 , 0.00041222572326660156    , -0.011989116668701172           , 0.010393857955932617  ,       0.033396005630493164
       710,                    1744653145.655029 ,                 1744653145.6667356,               1744653145.6671784,                   1744653145.6954486,              1744653145.6970434,             1744653145.6996453,           1744653145.7063448,         1744653145.7068818,                  0.011791229248046875 , 0.0005195140838623047           ,                  0.04250764846801758  ,       0.05481839179992676  ,            0.009301424026489258 , 0.0005369186401367188     , -0.007236480712890625           , 0.0026018619537353516 ,       0.06113314628601074
       713,                    1744653145.7089481,                 1744653145.7152267,               1744653145.7156782,                   1744653145.7244515,              1744653145.7257075,             1744653145.729659 ,           1744653145.7355678,         1744653145.7361412,                  0.030188560485839844 , 0.0004551410675048828           ,                  0.025170087814331055 ,       0.05581378936767578  ,            0.00986027717590332  , 0.0005733966827392578     , -0.006482124328613281           , 0.003951549530029297  ,       0.0621795654296875
       714,                    1744653145.7562644,                 1744653145.7679682,               1744653145.768294 ,                   1744653145.7896762,              1744653145.7921233,             1744653145.7972322,           1744653145.8057883,         1744653145.8061395,                  0.014723062515258789 , 0.0004825592041015625           ,                  0.034060001373291016 ,       0.04926562309265137  ,            0.013664960861206055 , 0.00035119056701660156    , -0.008907318115234375           , 0.005108833312988281  ,       0.05652809143066406
       716,                    1744653145.8062468,                 1744653145.8201323,               1744653145.8202608,                   1744653145.839101 ,              1744653145.839961 ,             1744653145.8424873,           1744653145.8535156,         1744653145.853637 ,                  0.009790658950805664 , 0.0004475116729736328           ,                  0.03114914894104004  ,       0.041387319564819336 ,            0.013554573059082031 , 0.00012135505676269531    , -0.01114964485168457            , 0.0025262832641601562 ,       0.04626274108886719
       718,                    1744653145.918453 ,                 1744653145.92581  ,               1744653145.925939 ,                   1744653145.9309795,              1744653145.931826 ,             1744653145.9379015,           1744653145.9412677,         1744653145.9414124,                  0.009442567825317383 , 0.00012111663818359375          ,                  0.0245211124420166   ,       0.03408479690551758  ,            0.009441614151000977 , 0.00014472007751464844    , -0.0035109519958496094          , 0.006075382232666016  ,       0.04129648208618164
       719,                    1744653145.9605536,                 1744653145.965182 ,               1744653145.9656844,                   1744653145.9738111,              1744653145.9745445,             1744653145.9774346,           1744653145.980347 ,         1744653145.980869 ,                  0.00491786003112793  , 0.0005099773406982422           ,                  0.006520748138427734 ,       0.011948585510253906 ,            0.0058023929595947266, 0.0005221366882324219     , -0.003434419631958008           , 0.0028901100158691406 ,       0.01584148406982422
       720,                    1744653146.0576642,                 1744653146.062465 ,               1744653146.0630972,                   1744653146.0727851,              1744653146.0735312,             1744653146.0804825,           1744653146.0846772,         1744653146.0852563,                  0.015724658966064453 , 0.0004506111145019531           ,                  0.01882028579711914  ,       0.03499555587768555  ,            0.011146068572998047 , 0.0005791187286376953     , -0.004773855209350586           , 0.006951332092285156  ,       0.0437009334564209
       721,                    1744653146.0859604,                 1744653146.091764 ,               1744653146.0923462,                   1744653146.1036668,              1744653146.1055403,             1744653146.1124291,           1744653146.115723 ,         1744653146.1163502,                  0.010435104370117188 , 0.00064849853515625             ,                  0.021956205368041992 ,       0.03303980827331543  ,            0.010182619094848633 , 0.0006272792816162109     , -0.003921031951904297           , 0.006888866424560547  ,       0.03916311264038086
       722,                    1744653146.2116637,                 1744653146.2210665,               1744653146.2212062,                   1744653146.2261553,              1744653146.2273788,             1744653146.2315214,           1744653146.2350187,         1744653146.2351317,                  0.012512445449829102 , 0.0004162788391113281           ,                  0.016785383224487305 ,       0.029714107513427734 ,            0.007639884948730469 , 0.00011301040649414062    , -0.003610372543334961           , 0.0041425228118896484 ,       0.037416696548461914
       723,                    1744653146.3202782,                 1744653146.3284183,               1744653146.3288023,                   1744653146.3555372,              1744653146.3565886,             1744653146.3617616,           1744653146.3670769,         1744653146.367475 ,                  0.008758068084716797 , 0.00027251243591308594          ,                  0.022628307342529297 ,       0.03165888786315918  ,            0.010488271713256836 , 0.0003981590270996094     , -0.005713462829589844           , 0.0051729679107666016 ,       0.03933382034301758
       725,                    1744653146.3791072,                 1744653146.384464 ,               1744653146.384847 ,                   1744653146.402477 ,              1744653146.4059348,             1744653146.4125032,           1744653146.4167407,         1744653146.4172227,                  0.020963191986083984 , 0.0005624294281005859           ,                  0.011240959167480469 ,       0.03276658058166504  ,            0.010805845260620117 , 0.0004820823669433594     , -0.00471949577331543            , 0.006568431854248047  ,       0.04222226142883301
       726,                    1744653146.469866 ,                 1744653146.4816573,               1744653146.4821768,                   1744653146.5246844,              1744653146.5265698,             1744653146.5309992,           1744653146.545633 ,         1744653146.5461235,                  0.007372856140136719 , 0.0005233287811279297           ,                  0.03738546371459961  ,       0.04528164863586426  ,            0.019063234329223633 , 0.0004904270172119141     , -0.015124320983886719           , 0.004429340362548828  ,       0.04947924613952637
       727,                    1744653146.509166 ,                 1744653146.5393546,               1744653146.5398097,                   1744653146.5649798,              1744653146.5662854,             1744653146.5713456,           1744653146.5817797,         1744653146.582327 ,                  0.018825292587280273 , 0.0004436969757080078           ,                  0.019950151443481445 ,       0.03921914100646973  ,            0.015494346618652344 , 0.0005471706390380859     , -0.010981321334838867           , 0.0050601959228515625 ,       0.04528975486755371
       728,                    1744653146.5358434,                 1744653146.5505664,               1744653146.551049 ,                   1744653146.585109 ,              1744653146.5862105,             1744653146.5923715,           1744653146.601013 ,         1744653146.6014972,                  0.006753444671630859 , 0.0004017353057861328           ,                  0.007867574691772461 ,       0.015022754669189453 ,            0.01480245590209961  , 0.00048422813415527344    , -0.009125709533691406           , 0.0061609745025634766 ,       0.0217282772064209
       731,                    1744653146.6575923,                 1744653146.667383 ,               1744653146.6678305,                   1744653146.6989796,              1744653146.6997054,             1744653146.703855 ,           1744653146.7121024,         1744653146.712696 ,                  0.0027496814727783203, 0.0004088878631591797           ,                  0.021651744842529297 ,       0.024810314178466797 ,            0.012397050857543945 , 0.0005936622619628906     , -0.00884103775024414            , 0.004149675369262695  ,       0.030109882354736328
       732,                    1744653146.687862 ,                 1744653146.6973045,               1744653146.6974256,                   1744653146.7219467,              1744653146.7233593,             1744653146.7291584,           1744653146.7360764,         1744653146.7362242,                  0.0077838897705078125, 0.0004470348358154297           ,                  0.013502836227416992 ,       0.021733760833740234 ,            0.012717008590698242 , 0.00014781951904296875    , -0.007065773010253906           , 0.005799055099487305  ,       0.028905153274536133
       734,                    1744653146.7697127,                 1744653146.7746305,               1744653146.7751405,                   1744653146.7816613,              1744653146.782372 ,             1744653146.7855542,           1744653146.789747 ,         1744653146.7901926,                  0.005317211151123047 , 0.00047588348388671875          ,                  0.0035588741302490234,       0.009351968765258789 ,            0.007375001907348633 , 0.0004456043243408203     , -0.0046384334564208984          , 0.0031821727752685547 ,       0.01168966293334961
       735,                    1744653146.9084015,                 1744653146.9241261,               1744653146.9245768,                   1744653146.943397 ,              1744653146.9487789,             1744653146.9521024,           1744653146.9575908,         1744653146.9579911,                  0.005549192428588867 , 0.0004520416259765625           ,                  0.012889862060546875 ,       0.018891096115112305 ,            0.00881195068359375  , 0.00040030479431152344    , -0.005888700485229492           , 0.0033235549926757812 ,       0.024339675903320312
       736,                    1744653146.9245803,                 1744653146.9350154,               1744653146.935664 ,                   1744653146.9576201,              1744653146.958487 ,             1744653146.9637434,           1744653146.9687848,         1744653146.9691718,                  0.006142854690551758 , 0.00011277198791503906          ,                  0.0038673877716064453,       0.010123014450073242 ,            0.010297775268554688 , 0.00038695335388183594    , -0.005428314208984375           , 0.0052564144134521484 ,       0.014900684356689453
       738,                    1744653146.9997225,                 1744653147.012235 ,               1744653147.0126512,                   1744653147.0294366,              1744653147.0310204,             1744653147.0371392,           1744653147.0411334,         1744653147.04168  ,                  0.008500337600708008 , 0.0004889965057373047           ,                  0.007067203521728516 ,       0.016056537628173828 ,            0.010113000869750977 , 0.0005466938018798828     , -0.004540920257568359           , 0.0061187744140625    ,       0.032473087310791016
       740,                    1744653147.1414454,                 1744653147.1502035,               1744653147.150476 ,                   1744653147.1731043,              1744653147.1736605,             1744653147.1807792,           1744653147.1878562,         1744653147.1881683,                  0.011573314666748047 , 0.0005097389221191406           ,                  0.011747121810913086 ,       0.023830175399780273 ,            0.014195680618286133 , 0.0003120899200439453     , -0.007389068603515625           , 0.007118701934814453  ,       0.030125141143798828
       741,                    1744653147.1652417,                 1744653147.186205 ,               1744653147.1867673,                   1744653147.1980083,              1744653147.20126  ,             1744653147.207464 ,           1744653147.2251437,         1744653147.2255871,                  0.009247303009033203 , 0.00046539306640625             ,                  0.002486705780029297 ,       0.01219940185546875  ,            0.023883581161499023 , 0.00044345855712890625    , -0.018123149871826172           , 0.006203889846801758  ,       0.01707315444946289
       742,                    1744653147.1896925,                 1744653147.1970654,               1744653147.1975887,                   1744653147.2349741,              1744653147.2359703,             1744653147.2391717,           1744653147.24645  ,         1744653147.246864 ,                  0.005763530731201172 , 0.0005557537078857422           ,                  0.007287263870239258 ,       0.013606548309326172 ,            0.01047968864440918  , 0.00041413307189941406    , -0.0076923370361328125          , 0.0032014846801757812 ,       0.017507553100585938
       743,                    1744653147.2128327,                 1744653147.231658 ,               1744653147.2321017,                   1744653147.2520518,              1744653147.253473 ,             1744653147.2581224,           1744653147.262288 ,         1744653147.26277  ,                  0.011722564697265625 , 0.0005104541778564453           ,                  0.0050563812255859375,       0.017289400100708008 ,            0.00881505012512207  , 0.0004818439483642578     , -0.004647493362426758           , 0.00464940071105957   ,       0.020008087158203125
       745,                    1744653147.2828672,                 1744653147.2896206,               1744653147.2900224,                   1744653147.29789  ,              1744653147.2993429,             1744653147.3045955,           1744653147.3076808,         1744653147.3080797,                  0.015781402587890625 , 0.0004019737243652344           ,                  0.033889055252075195 ,       0.050072431564331055 ,            0.008337974548339844 , 0.00039887428283691406    , -0.0034842491149902344          , 0.0052525997161865234 ,       0.05946803092956543
       746,                    1744653147.3653064,                 1744653147.368056 ,               1744653147.368465 ,                   1744653147.3901167,              1744653147.391129 ,             1744653147.3954163,           1744653147.4040112,         1744653147.404435 ,                  0.011549234390258789 , 0.00045371055603027344          ,                  0.00919961929321289  ,       0.021202564239501953 ,            0.012882232666015625 , 0.00042366981506347656    , -0.009018659591674805           , 0.004287242889404297  ,       0.02643418312072754
       748,                    1744653147.3982773,                 1744653147.4060612,               1744653147.4065082,                   1744653147.420011 ,              1744653147.4211895,             1744653147.4271824,           1744653147.43053  ,         1744653147.4311984,                  0.0074193477630615234, 0.0004112720489501953           ,                  0.009268760681152344 ,       0.017099380493164062 ,            0.009340524673461914 , 0.0006682872772216797     , -0.004015922546386719           , 0.005992889404296875  ,       0.023493289947509766
       749,                    1744653147.4778776,                 1744653147.4831948,               1744653147.4836707,                   1744653147.4872296,              1744653147.4877687,             1744653147.4895673,           1744653147.4929712,         1744653147.4934227,                  0.008239030838012695 , 0.0004825592041015625           ,                  0.008949995040893555 ,       0.017671585083007812 ,            0.005202531814575195 , 0.0004515647888183594     , -0.003855466842651367           , 0.0017986297607421875 ,       0.026308059692382812
       750,                    1744653147.5053034,                 1744653147.5108526,               1744653147.5113046,                   1744653147.5241945,              1744653147.525625 ,             1744653147.529643 ,           1744653147.5353508,         1744653147.535801 ,                  0.005291938781738281 , 0.00040841102600097656          ,                  0.013031244277954102 ,       0.01873159408569336  ,            0.009725809097290039 , 0.00045013427734375       , -0.006157875061035156           , 0.004018068313598633  ,       0.023831844329833984
       751,                    1744653147.6014452,                 1744653147.607588 ,               1744653147.6077008,                   1744653147.6115682,              1744653147.6120193,             1744653147.616346 ,           1744653147.622575 ,         1744653147.622706 ,                  0.01017451286315918  , 0.0004591941833496094           ,                  0.009337425231933594 ,       0.019971132278442383 ,            0.010555744171142578 , 0.0001308917999267578     , -0.006360054016113281           , 0.004326581954956055  ,       0.029410600662231445
       752,                    1744653147.6703348,                 1744653147.6788352,               1744653147.6793242,                   1744653147.6863914,              1744653147.6878326,             1744653147.702808 ,           1744653147.7149296,         1744653147.7154083,                  0.00611424446105957  , 0.0003745555877685547           ,                  0.006691455841064453 ,       0.013180255889892578 ,            0.027096986770629883 , 0.0004787445068359375     , -0.012600421905517578           , 0.014975309371948242  ,       0.01769113540649414
       753,                    1744653147.7060144,                 1744653147.7175877,               1744653147.7180974,                   1744653147.7298446,              1744653147.7313042,             1744653147.7361395,           1744653147.7412665,         1744653147.741797 ,                  0.003974437713623047 , 0.0005311965942382812           ,                  0.008471250534057617 ,       0.012976884841918945 ,            0.009962320327758789 , 0.0005304813385009766     , -0.0056574344635009766          , 0.004835367202758789  ,       0.021407127380371094
       754,                    1744653147.762845 ,                 1744653147.7720923,               1744653147.7725577,                   1744653147.7750444,              1744653147.7765033,             1744653147.7799182,           1744653147.7838488,         1744653147.7842698,                  0.008110523223876953 , 0.0004189014434814453           ,                  0.008363008499145508 ,       0.016892433166503906 ,            0.007345438003540039 , 0.0004210472106933594     , -0.004351615905761719           , 0.0034148693084716797 ,       0.022507667541503906
       755,                    1744653147.8169947,                 1744653147.8227582,               1744653147.823314 ,                   1744653147.8306012,              1744653147.8318427,             1744653147.8345022,           1744653147.8390853,         1744653147.8396125,                  0.008202314376831055 , 0.0006053447723388672           ,                  0.006012916564941406 ,       0.014820575714111328 ,            0.007242679595947266 , 0.0005271434783935547     , -0.005110263824462891           , 0.0026595592498779297 ,       0.02005290985107422
       756,                    1744653147.8423364,                 1744653147.854059 ,               1744653147.8545694,                   1744653147.8596258,              1744653147.8602   ,             1744653147.8623445,           1744653147.865507 ,         1744653147.8659985,                  0.0066165924072265625, 0.0004177093505859375           ,                  0.005898952484130859 ,       0.01293325424194336  ,            0.00530695915222168  , 0.0004916191101074219     , -0.003654003143310547           , 0.0021445751190185547 ,       0.018932104110717773
       757,                    1744653148.0171406,                 1744653148.032922 ,               1744653148.033324 ,                   1744653148.067213 ,              1744653148.0689225,             1744653148.0766087,           1744653148.0874975,         1744653148.0879023,                  0.008870840072631836 , 0.0006573200225830078           ,                  0.010091066360473633 ,       0.019619226455688477 ,            0.018574953079223633 , 0.0004048347473144531     , -0.011293649673461914           , 0.007686138153076172  ,       0.023154258728027344
       760,                    1744653148.0815806,                 1744653148.0931299,               1744653148.0935836,                   1744653148.1027832,              1744653148.104817 ,             1744653148.1080148,           1744653148.1112976,         1744653148.1117842,                  0.005224466323852539 , 0.0004456043243408203           ,                  0.0032815933227539062,       0.008951663970947266 ,            0.006480693817138672 , 0.00048661231994628906    , -0.003769397735595703           , 0.003197908401489258  ,       0.013585090637207031
       761,                    1744653148.1718342,                 1744653148.1792536,               1744653148.1796649,                   1744653148.1889336,              1744653148.189585 ,             1744653148.1953275,           1744653148.2028458,         1744653148.2032464,                  0.030791282653808594 , 0.0004425048828125              ,                  0.011220455169677734 ,       0.04245424270629883  ,            0.013260841369628906 , 0.000400543212890625      , -0.007918834686279297           , 0.005742549896240234  ,       0.049259185791015625
       762,                    1744653148.2724922,                 1744653148.2807312,               1744653148.2812138,                   1744653148.2901638,              1744653148.29179  ,             1744653148.2988002,           1744653148.3053868,         1744653148.305877 ,                  0.013808012008666992 , 9.632110595703125e-05           ,                  0.020992279052734375 ,       0.0348966121673584   ,            0.013596773147583008 , 0.0004901885986328125     , -0.007076740264892578           , 0.007010221481323242  ,       0.0489346981048584
       763,                    1744653148.37524  ,                 1744653148.380532 ,               1744653148.3809404,                   1744653148.3939717,              1744653148.3948872,             1744653148.399072 ,           1744653148.4075675,         1744653148.4079618,                  0.005599021911621094 , 0.0004744529724121094           ,                  0.004502296447753906 ,       0.01057577133178711  ,            0.012680292129516602 , 0.0003943443298339844     , -0.008889913558959961           , 0.004184722900390625  ,       0.02304816246032715
       764,                    1744653148.5068133,                 1744653148.5169878,               1744653148.517447 ,                   1744653148.5267844,              1744653148.5298164,             1744653148.536224 ,           1744653148.540544 ,         1744653148.5409873,                  0.009972810745239258 , 0.0003795623779296875           ,                  0.004109382629394531 ,       0.014461755752563477 ,            0.010727643966674805 , 0.0004432201385498047     , -0.004763364791870117           , 0.006407499313354492  ,       0.01981353759765625
       765,                    1744653148.5824325,                 1744653148.5885468,               1744653148.5889213,                   1744653148.5956128,              1744653148.5973418,             1744653148.6001236,           1744653148.603059 ,         1744653148.603455 ,                  0.016179561614990234 , 0.0004572868347167969           ,                  0.07361817359924316  ,       0.0902550220489502   ,            0.005717277526855469 , 0.0003960132598876953     , -0.003331422805786133           , 0.0027818679809570312 ,       0.09553050994873047
       766,                    1744653148.6177876,                 1744653148.621762 ,               1744653148.6222932,                   1744653148.6307645,              1744653148.632496 ,             1744653148.6391947,           1744653148.6468065,         1744653148.6474216,                  0.03755068778991699  , 0.0003943443298339844           ,                  0.04220843315124512  ,       0.0801534652709961   ,            0.014310359954833984 , 0.0006151199340820312     , -0.008226871490478516           , 0.0066986083984375    ,       0.08519697189331055
       767,                    1744653148.6406925,                 1744653148.648803 ,               1744653148.649222 ,                   1744653148.657585 ,              1744653148.659502 ,             1744653148.6632001,           1744653148.6751366,         1744653148.6755776,                  0.023734569549560547 , 0.0004086494445800781           ,                  0.0385892391204834   ,       0.06273245811462402  ,            0.015634536743164062 , 0.0004410743713378906     , -0.012377500534057617           , 0.003698110580444336  ,       0.06683802604675293
       768,                    1744653148.667597 ,                 1744653148.6757994,               1744653148.6764047,                   1744653148.6824176,              1744653148.683154 ,             1744653148.68765  ,           1744653148.6912606,         1744653148.691799 ,                  0.01713252067565918  , 0.00043702125549316406          ,                  0.03397417068481445  ,       0.0515437126159668   ,            0.008106470108032227 , 0.0005383491516113281     , -0.004148960113525391           , 0.004495859146118164  ,       0.05775618553161621
       769,                    1744653148.7720037,                 1744653148.7786202,               1744653148.779038 ,                   1744653148.784937 ,              1744653148.7866857,             1744653148.7909358,           1744653148.7942095,         1744653148.794769 ,                  0.009084939956665039 , 0.0004591941833496094           ,                  0.012144327163696289 ,       0.021688461303710938 ,            0.007523775100708008 , 0.0005595684051513672     , -0.003833293914794922           , 0.004250049591064453  ,       0.024746179580688477
       770,                    1744653148.8121712,                 1744653148.821042 ,               1744653148.8216994,                   1744653148.8317904,              1744653148.8329835,             1744653148.8353255,           1744653148.840786 ,         1744653148.8413363,                  0.005423069000244141 , 9.1552734375e-05                ,                  0.007927179336547852 ,       0.013441801071166992 ,            0.007802486419677734 , 0.0005502700805664062     , -0.006010770797729492           , 0.0023419857025146484 ,       0.019176959991455078
       772,                    1744653148.8427494,                 1744653148.8479738,               1744653148.8484194,                   1744653148.851701 ,              1744653148.8519135,             1744653148.8563344,           1744653148.8620157,         1744653148.8624642,                  0.0031099319458007812, 0.00047707557678222656          ,                  0.004525423049926758 ,       0.008112430572509766 ,            0.010102272033691406 , 0.00044846534729003906    , -0.006129741668701172           , 0.0044209957122802734 ,       0.012565374374389648
       773,                    1744653148.8757286,                 1744653148.90652  ,               1744653148.9069624,                   1744653148.9181828,              1744653148.9196475,             1744653148.9249878,           1744653148.9515119,         1744653148.9518998,                  0.007584095001220703 , 0.000415802001953125            ,                  0.009345531463623047 ,       0.017345428466796875 ,            0.03186440467834473  , 0.0003879070281982422     , -0.02691197395324707            , 0.0053403377532958984 ,       0.03143000602722168
       774,                    1744653148.897381 ,                 1744653148.911189 ,               1744653148.9112854,                   1744653148.9322777,              1744653148.933207 ,             1744653148.9463158,           1744653148.9566164,         1744653148.9567757,                  0.012279272079467773 , 0.0006127357482910156           ,                  0.005208015441894531 ,       0.01810002326965332  ,            0.023409366607666016 , 0.00015926361083984375    , -0.01045989990234375            , 0.01310873031616211   ,       0.026268959045410156
       776,                    1744653149.0063922,                 1744653149.0119913,               1744653149.0124657,                   1744653149.016968 ,              1744653149.0189369,             1744653149.0294404,           1744653149.035423 ,         1744653149.0359697,                  0.010454416275024414 , 0.0003292560577392578           ,                  0.02104949951171875  ,       0.03183317184448242  ,            0.016486167907714844 , 0.0005466938018798828     , -0.006529331207275391           , 0.010503530502319336  ,       0.04167318344116211
       777,                    1744653149.0312114,                 1744653149.0411842,               1744653149.0415637,                   1744653149.0456731,              1744653149.0462334,             1744653149.051025 ,           1744653149.0550592,         1744653149.055478 ,                  0.009956121444702148 , 0.0004343986511230469           ,                  0.027249574661254883 ,       0.03764009475708008  ,            0.00882577896118164  , 0.0004189014434814453     , -0.004453182220458984           , 0.0047914981842041016 ,       0.04238414764404297
       778,                    1744653149.0841222,                 1744653149.1003017,               1744653149.100759 ,                   1744653149.1743772,              1744653149.1754332,             1744653149.1796527,           1744653149.1935732,         1744653149.1940265,                  0.0063169002532958984, 0.0004668235778808594           ,                  0.009902238845825195 ,       0.016685962677001953 ,            0.018140077590942383 , 0.0004532337188720703     , -0.014373779296875              , 0.004219532012939453  ,       0.02207159996032715
       780,                    1744653149.1227708,                 1744653149.1603215,               1744653149.1607158,                   1744653149.2029243,              1744653149.2033205,             1744653149.2079678,           1744653149.2201557,         1744653149.2206228,                  0.010691165924072266 , 0.0005104541778564453           ,                  0.020975589752197266 ,       0.03217720985412598  ,            0.01683521270751953  , 0.00046706199645996094    , -0.012655019760131836           , 0.004647254943847656  ,       0.03961038589477539
       781,                    1744653149.1504261,                 1744653149.1741607,               1744653149.1745694,                   1744653149.2131586,              1744653149.2137597,             1744653149.2172642,           1744653149.2259812,         1744653149.2263904,                  0.0053331851959228516, 0.00038909912109375             ,                  0.007489919662475586 ,       0.013212203979492188 ,            0.012221574783325195 , 0.00040912628173828125    , -0.00912618637084961            , 0.003504514694213867  ,       0.017592668533325195
       783,                    1744653149.1971655,                 1744653149.214298 ,               1744653149.214735 ,                   1744653149.2487092,              1744653149.2503905,             1744653149.2549217,           1744653149.2599134,         1744653149.2603374,                  0.015563011169433594 , 0.0008323192596435547           ,                  0.01065373420715332  ,       0.02704906463623047  ,            0.00952291488647461  , 0.0004239082336425781     , -0.005415678024291992           , 0.004531145095825195  ,       0.03163266181945801
       787,                    1744653149.3787134,                 1744653149.3877983,               1744653149.3882575,                   1744653149.4004018,              1744653149.401485 ,             1744653149.4034595,           1744653149.4108958,         1744653149.4113593,                  0.003405332565307617 , 0.0004055500030517578           ,                  0.00996851921081543  ,       0.013779401779174805 ,            0.009410858154296875 , 0.0004634857177734375     , -0.007899761199951172           , 0.0019745826721191406 ,       0.01821446418762207
       788,                    1744653149.5435483,                 1744653149.5489714,               1744653149.549063 ,                   1744653149.5569901,              1744653149.558425 ,             1744653149.5627253,           1744653149.5675483,         1744653149.567644 ,                  0.008820533752441406 , 0.0003981590270996094           ,                  0.008750200271606445 ,       0.01796889305114746  ,            0.00912332534790039  , 9.560585021972656e-05     , -0.004918575286865234           , 0.004300355911254883  ,       0.022203922271728516
       789,                    1744653149.679675 ,                 1744653149.682785 ,               1744653149.683262 ,                   1744653149.6877875,              1744653149.6881056,             1744653149.6922405,           1744653149.700872 ,         1744653149.7013915,                  0.0051081180572509766, 0.00048804283142089844          ,                  0.003905057907104492 ,       0.009501218795776367 ,            0.012766361236572266 , 0.0005195140838623047     , -0.009150981903076172           , 0.0041348934173583984 ,       0.01819157600402832
       790,                    1744653149.7280324,                 1744653149.7356164,               1744653149.7360322,                   1744653149.7453778,              1744653149.746738 ,             1744653149.7594624,           1744653149.7675953,         1744653149.7681003,                  0.0045621395111083984, 0.0005977153778076172           ,                  0.0051631927490234375,       0.010323047637939453 ,            0.02085733413696289  , 0.0005049705505371094     , -0.00863790512084961            , 0.01272439956665039   ,       0.016871213912963867
       791,                    1744653149.8898168,                 1744653149.902096 ,               1744653149.9027088,                   1744653149.9079168,              1744653149.910085 ,             1744653149.9160857,           1744653149.9280593,         1744653149.9286144,                  0.00492405891418457  , 0.0004227161407470703           ,                  0.01612091064453125  ,       0.02146768569946289  ,            0.017974376678466797 , 0.0005550384521484375     , -0.012528657913208008           , 0.0060007572174072266 ,       0.0316927433013916
       792,                    1744653149.9184692,                 1744653149.9289236,               1744653149.9292529,                   1744653149.9503024,              1744653149.9537005,             1744653149.9601424,           1744653149.9749963,         1744653149.9753308,                  0.012012481689453125 , 0.000446319580078125            ,                  0.011688232421875    ,       0.02414703369140625  ,            0.021295785903930664 , 0.0003345012664794922     , -0.015188455581665039           , 0.006441831588745117  ,       0.029126882553100586
       793,                    1744653149.983349 ,                 1744653149.9933052,               1744653149.9937396,                   1744653150.0209892,              1744653150.0215251,             1744653150.0257332,           1744653150.0335066,         1744653150.0339613,                  0.0043523311614990234, 0.0003788471221923828           ,                  0.005728960037231445 ,       0.010460138320922852 ,            0.011981487274169922 , 0.0004546642303466797     , -0.008228063583374023           , 0.004208087921142578  ,       0.01463460922241211
       796,                    1744653150.040768 ,                 1744653150.0470848,               1744653150.0475516,                   1744653150.0574539,              1744653150.0588584,             1744653150.0628395,           1744653150.0657978,         1744653150.066256 ,                  0.004561424255371094 , 0.0005228519439697266           ,                  0.012136697769165039 ,       0.01722097396850586  ,            0.006939411163330078 , 0.0004582405090332031     , -0.0034165382385253906          , 0.003981113433837891  ,       0.02316427230834961
       797,                    1744653150.09809  ,                 1744653150.108781 ,               1744653150.1092916,                   1744653150.1302671,              1744653150.1308987,             1744653150.1377003,           1744653150.149357 ,         1744653150.1499372,                  0.008492469787597656 , 0.0005297660827636719           ,                  0.0058155059814453125,       0.01483774185180664  ,            0.01845836639404297  , 0.0005800724029541016     , -0.012236833572387695           , 0.006801605224609375  ,       0.01863718032836914
       799,                    1744653150.2035403,                 1744653150.2088735,               1744653150.2092626,                   1744653150.2167525,              1744653150.2177956,             1744653150.221133 ,           1744653150.2246814,         1744653150.2250748,                  0.005459308624267578 , 0.0005273818969726562           ,                  0.008464574813842773 ,       0.014451265335083008 ,            0.0068857669830322266, 0.0003933906555175781     , -0.003941774368286133           , 0.003337383270263672  ,       0.02475571632385254
       800,                    1744653150.2859335,                 1744653150.3014965,               1744653150.3023288,                   1744653150.3129826,              1744653150.313748 ,             1744653150.3175662,           1744653150.3220322,         1744653150.3224409,                  0.0054128170013427734, 0.00031304359436035156          ,                  0.0064697265625      ,       0.012195587158203125 ,            0.008284330368041992 , 0.0004086494445800781     , -0.004874706268310547           , 0.0038182735443115234 ,       0.017731904983520508
       802,                    1744653150.3337955,                 1744653150.3372009,               1744653150.3376064,                   1744653150.347575 ,              1744653150.3493602,             1744653150.35201  ,           1744653150.3596854,         1744653150.3601062,                  0.004486560821533203 , 0.00041675567626953125          ,                  0.008890867233276367 ,       0.013794183731079102 ,            0.010325193405151367 , 0.0004208087921142578     , -0.00809621810913086            , 0.0026497840881347656 ,       0.019681453704833984
       803,                                      ,                                   ,                                 ,                                     ,              1744653150.445815 ,             1744653150.4479198,           1744653150.4555094,         1744653150.4559512,                  0.007786750793457031 , 0.0004143714904785156           ,                  0.004668712615966797 ,       0.012869834899902344 ,            0.009694337844848633 , 0.0004417896270751953     , -0.008031368255615234           , 0.0021047592163085938 ,       0.018399477005004883
       804,                    1744653150.577052 ,                 1744653150.5858727,               1744653150.5862708,                   1744653150.595021 ,              1744653150.5962224,             1744653150.599256 ,           1744653150.6059196,         1744653150.6063042,                  0.0043795108795166016, 0.0003936290740966797           ,                  0.0027680397033691406,       0.007541179656982422 ,            0.009697198867797852 , 0.0003845691680908203     , -0.007048130035400391           , 0.0030336380004882812 ,       0.01216745376586914
       805,                    1744653150.6567106,                 1744653150.6618187,               1744653150.6623068,                   1744653150.6662118,              1744653150.6694796,             1744653150.6749022,           1744653150.6839268,         1744653150.6844175,                  0.003237485885620117 , 0.0005156993865966797           ,                  0.007249593734741211 ,       0.011002779006958008 ,            0.014447212219238281 , 0.0004906654357910156     , -0.00951528549194336            , 0.0054225921630859375 ,       0.01581859588623047
       806,                    1744653150.6896777,                 1744653150.6942399,               1744653150.6948376,                   1744653150.7000008,              1744653150.700532 ,             1744653150.706549 ,           1744653150.7161226,         1744653150.7167475,                  0.008439779281616211 , 0.0004482269287109375           ,                  0.007634878158569336 ,       0.016522884368896484 ,            0.015590667724609375 , 0.0006248950958251953     , -0.010198593139648438           , 0.006016969680786133  ,       0.02446889877319336
       807,                    1744653150.7612245,                 1744653150.7661486,               1744653150.7665713,                   1744653150.7826922,              1744653150.784068 ,             1744653150.7929173,           1744653150.7998123,         1744653150.8002677,                  0.007957935333251953 , 0.0003845691680908203           ,                  0.0062410831451416016,       0.014583587646484375 ,            0.01574420928955078  , 0.0004553794860839844     , -0.007350444793701172           , 0.008849143981933594  ,       0.02227020263671875
       809,                    1744653150.7973104,                 1744653150.8093228,               1744653150.8097692,                   1744653150.8214574,              1744653150.822494 ,             1744653150.8264372,           1744653150.8311663,         1744653150.831626 ,                  0.007160663604736328 , 7.891654968261719e-05           ,                  0.003625154495239258 ,       0.010864734649658203 ,            0.008672237396240234 , 0.0004596710205078125     , -0.005188703536987305           , 0.003943204879760742  ,       0.017261028289794922
       810,                    1744653150.901201 ,                 1744653150.9055533,               1744653150.9059322,                   1744653150.9116611,              1744653150.9126163,             1744653150.9158356,           1744653150.9199967,         1744653150.9203904,                  0.006514310836791992 , 0.00010800361633300781          ,                  0.008409500122070312 ,       0.015031814575195312 ,            0.007380485534667969 , 0.0003936290740966797     , -0.00455474853515625            , 0.0032193660736083984 ,       0.018984079360961914
       811,                    1744653150.9335864,                 1744653150.9381478,               1744653150.9386706,                   1744653150.9508073,              1744653150.953583 ,             1744653150.9567506,           1744653150.9632163,         1744653150.9636946,                  0.004721879959106445 , 0.00043964385986328125          ,                  0.0064487457275390625,       0.011610269546508789 ,            0.009633302688598633 , 0.0004782676696777344     , -0.006943941116333008           , 0.0031676292419433594 ,       0.014507770538330078
       812,                    1744653150.9663315,                 1744653150.974824 ,               1744653150.9753537,                   1744653150.9811692,              1744653150.9826822,             1744653150.9849687,           1744653150.9917614,         1744653150.99228  ,                  0.0075113773345947266, 0.0004265308380126953           ,                  0.0072879791259765625,       0.015225887298583984 ,            0.009079217910766602 , 0.0005185604095458984     , -0.007311344146728516           , 0.0022864341735839844 ,       0.020094871520996094
       813,                    1744653151.0724547,                 1744653151.077914 ,               1744653151.0784414,                   1744653151.086906 ,              1744653151.0901926,             1744653151.0972104,           1744653151.106116 ,         1744653151.1065364,                  0.005830287933349609 , 0.0004849433898925781           ,                  0.0036776065826416016,       0.009992837905883789 ,            0.015923500061035156 , 0.0004203319549560547     , -0.009325981140136719           , 0.007017850875854492  ,       0.013642311096191406
       814,                    1744653151.1021273,                 1744653151.1075401,               1744653151.1078532,                   1744653151.114323 ,              1744653151.1166162,             1744653151.1198592,           1744653151.1238213,         1744653151.1239245,                  0.008577108383178711 , 0.0004916191101074219           ,                  0.009610176086425781 ,       0.018678903579711914 ,            0.007205009460449219 , 0.00010323524475097656    , -0.004065275192260742           , 0.003242969512939453  ,       0.02503514289855957
       815,                    1744653151.131296 ,                 1744653151.1357825,               1744653151.1361992,                   1744653151.14509  ,              1744653151.1455948,             1744653151.1509774,           1744653151.1547475,         1744653151.1551971,                  0.0036933422088623047, 0.0001068115234375              ,                  0.004045009613037109 ,       0.007845163345336914 ,            0.009152650833129883 , 0.0004496574401855469     , -0.004219770431518555           , 0.005382537841796875  ,       0.016743898391723633
       816,                    1744653151.2162783,                 1744653151.224065 ,               1744653151.2244794,                   1744653151.2291481,              1744653151.2299488,             1744653151.2346778,           1744653151.2366245,         1744653151.236993 ,                  0.010711669921875    , 0.00037384033203125             ,                  0.02179098129272461  ,       0.03287649154663086  ,            0.00667572021484375  , 0.0003685951232910156     , -0.0023152828216552734          , 0.004729032516479492  ,       0.041196346282958984
       817,                    1744653151.236398 ,                 1744653151.2407775,               1744653151.2411711,                   1744653151.2439392,              1744653151.2456682,             1744653151.2485654,           1744653151.253716 ,         1744653151.2541065,                  0.010496854782104492 , 0.0004189014434814453           ,                  0.0070955753326416016,       0.01801133155822754  ,            0.008047819137573242 , 0.0003905296325683594     , -0.005541086196899414           , 0.0028972625732421875 ,       0.021895408630371094
       818,                    1744653151.3449998,                 1744653151.3482373,               1744653151.348753 ,                   1744653151.3560026,              1744653151.3571727,             1744653151.3608184,           1744653151.3648672,         1744653151.3653543,                  0.0050656795501708984, 0.0004978179931640625           ,                  0.012263774871826172 ,       0.017827272415161133 ,            0.0076944828033447266, 0.0004870891571044922     , -0.0045359134674072266          , 0.003645658493041992  ,       0.0239408016204834
       819,                    1744653151.4218128,                 1744653151.4302526,               1744653151.4307008,                   1744653151.4383357,              1744653151.4393797,             1744653151.4462817,           1744653151.455067 ,         1744653151.4555116,                  0.005894899368286133 , 0.0004093647003173828           ,                  0.010294675827026367 ,       0.016598939895629883 ,            0.015687227249145508 , 0.00044465065002441406    , -0.009229898452758789           , 0.006901979446411133  ,       0.02164006233215332
       820,                    1744653151.4493773,                 1744653151.4573352,               1744653151.4577198,                   1744653151.463961 ,              1744653151.46604  ,             1744653151.4716475,           1744653151.4745715,         1744653151.474888 ,                  0.00308990478515625  , 0.00040268898010253906          ,                  0.010934829711914062 ,       0.014427423477172852 ,            0.008531570434570312 , 0.000316619873046875      , -0.0032405853271484375          , 0.00560760498046875   ,       0.02370166778564453
       821,                    1744653151.4897017,                 1744653151.4968624,               1744653151.4969413,                   1744653151.5005665,              1744653151.5023847,             1744653151.5069628,           1744653151.5106947,         1744653151.510797 ,                  0.01063227653503418  , 0.00040721893310546875          ,                  0.025493860244750977 ,       0.036533355712890625 ,            0.008310079574584961 , 0.00010228157043457031    , -0.003834247589111328           , 0.004578113555908203  ,       0.04322671890258789
       822,                    1744653151.5585608,                 1744653151.5650752,               1744653151.5651832,                   1744653151.5735927,              1744653151.5749047,             1744653151.577545 ,           1744653151.5812893,         1744653151.5813985,                  0.009974002838134766 , 0.0005133152008056641           ,                  0.02709221839904785  ,       0.03757953643798828  ,            0.006384611129760742 , 0.00010919570922851562    , -0.0038535594940185547          , 0.002640247344970703  ,       0.042719125747680664
       823,                    1744653151.6047473,                 1744653151.6094692,               1744653151.6099088,                   1744653151.6163576,              1744653151.6173935,             1744653151.619255 ,           1744653151.6218867,         1744653151.622345 ,                  0.005766153335571289 , 8.702278137207031e-05           ,                  0.00616455078125     ,       0.01201772689819336  ,            0.004493236541748047 , 0.0004582405090332031     , -0.00308990478515625            , 0.001861572265625     ,       0.017919540405273438
       824,                    1744653151.6316786,                 1744653151.63919  ,               1744653151.6396165,                   1744653151.6469045,              1744653151.64776  ,             1744653151.6517735,           1744653151.6573699,         1744653151.6577659,                  0.0061931610107421875, 0.0004363059997558594           ,                  0.0062601566314697266,       0.012889623641967773 ,            0.00960993766784668  , 0.0003960132598876953     , -0.005992412567138672           , 0.004013538360595703  ,       0.019286394119262695
       825,                    1744653151.714926 ,                 1744653151.7207563,               1744653151.7212412,                   1744653151.7249188,              1744653151.7269833,             1744653151.7285683,           1744653151.731793 ,         1744653151.7323313,                  0.0050754547119140625, 0.0004000663757324219           ,                  0.004681587219238281 ,       0.010157108306884766 ,            0.00480961799621582  , 0.0005383491516113281     , -0.003762960433959961           , 0.0015850067138671875 ,       0.017401456832885742
       826,                    1744653151.857137 ,                 1744653151.865714 ,               1744653151.8662057,                   1744653151.8758159,              1744653151.8785217,             1744653151.882172 ,           1744653151.8853753,         1744653151.8858538,                  0.006097078323364258 , 0.00010848045349121094          ,                  0.015053033828735352 ,       0.02125859260559082  ,            0.006853580474853516 , 0.00047850608825683594    , -0.003681659698486328           , 0.0036504268646240234 ,       0.028052568435668945
       827,                    1744653151.9242892,                 1744653151.9279826,               1744653151.9280894,                   1744653151.9321344,              1744653151.9327695,             1744653151.9410331,           1744653151.9536486,         1744653151.9537866,                  0.00894618034362793  , 0.0005452632904052734           ,                  0.01305699348449707  ,       0.022548437118530273 ,            0.020879030227661133 , 0.0001380443572998047     , -0.012753486633300781           , 0.008263587951660156  ,       0.028710365295410156
       828,                    1744653151.9659054,                 1744653151.976617 ,               1744653151.976991 ,                   1744653151.998782 ,              1744653152.0001724,             1744653152.0071018,           1744653152.0119455,         1744653152.012365 ,                  0.005776166915893555 , 0.00041413307189941406          ,                  0.007738590240478516 ,       0.013928890228271484 ,            0.011773109436035156 , 0.00041961669921875       , -0.005263328552246094           , 0.0069293975830078125 ,       0.017554521560668945
       830,                    1744653152.0387077,                 1744653152.0492046,               1744653152.0496235,                   1744653152.056719 ,              1744653152.0584426,             1744653152.0606031,           1744653152.0681841,         1744653152.0687304,                  0.010737895965576172 , 0.0003962516784667969           ,                  0.01242828369140625  ,       0.02356243133544922  ,            0.009741544723510742 , 0.0005462169647216797     , -0.008127212524414062           , 0.0021605491638183594 ,       0.0332791805267334
       831,                    1744653152.0687845,                 1744653152.0738502,               1744653152.074348 ,                   1744653152.0866117,              1744653152.089474 ,             1744653152.0927253,           1744653152.0994053,         1744653152.1000051,                  0.009678363800048828 , 0.00047779083251953125          ,                  0.007531404495239258 ,       0.017687559127807617 ,            0.009931325912475586 , 0.0005998611450195312     , -0.007279872894287109           , 0.003251314163208008  ,       0.02012777328491211
       833,                    1744653152.1073334,                 1744653152.1132283,               1744653152.1136377,                   1744653152.1239324,              1744653152.125186 ,             1744653152.1289735,           1744653152.1330037,         1744653152.1334887,                  0.00511622428894043  , 0.000492095947265625            ,                  0.006051778793334961 ,       0.011660099029541016 ,            0.007817745208740234 , 0.0004849433898925781     , -0.004515171051025391           , 0.003787517547607422  ,       0.016935110092163086
       834,                    1744653152.143126 ,                 1744653152.146216 ,               1744653152.1466186,                   1744653152.1575534,              1744653152.159561 ,             1744653152.1668277,           1744653152.1721413,         1744653152.17256  ,                  0.006137371063232422 , 0.0004558563232421875           ,                  0.004978656768798828 ,       0.011571884155273438 ,            0.012580394744873047 , 0.00041866302490234375    , -0.005732297897338867           , 0.0072667598724365234 ,       0.015015125274658203
       835,                    1744653152.1938908,                 1744653152.204523 ,               1744653152.2049303,                   1744653152.2304242,              1744653152.2315736,             1744653152.2371175,           1744653152.2442026,         1744653152.2448518,                  0.005476951599121094 , 0.0003552436828613281           ,                  0.0071218013763427734,       0.012953996658325195 ,            0.012629032135009766 , 0.0006492137908935547     , -0.0077342987060546875          , 0.005543947219848633  ,       0.023365020751953125
       836,                    1744653152.2137296,                 1744653152.2237036,               1744653152.224217 ,                   1744653152.2513092,              1744653152.252786 ,             1744653152.2564487,           1744653152.260134 ,         1744653152.2605927,                  0.003698110580444336 , 0.0004916191101074219           ,                  0.006928920745849609 ,       0.011118650436401367 ,            0.007348060607910156 , 0.00045871734619140625    , -0.004143953323364258           , 0.0036628246307373047 ,       0.015623331069946289
       839,                    1744653152.263995 ,                 1744653152.269761 ,               1744653152.269848 ,                   1744653152.2760127,              1744653152.2772408,             1744653152.2819145,           1744653152.2877245,         1744653152.2878232,                  0.005365133285522461 , 0.0004050731658935547           ,                  0.011760473251342773 ,       0.01753067970275879  ,            0.010483741760253906 , 9.870529174804688e-05     , -0.0059087276458740234          , 0.00467371940612793   ,       0.023296356201171875
       840,                    1744653152.3173933,                 1744653152.3235865,               1744653152.3240228,                   1744653152.330283 ,              1744653152.331191 ,             1744653152.3366797,           1744653152.3390963,         1744653152.3395202,                  0.0069103240966796875, 0.0005350112915039062           ,                  0.007907629013061523 ,       0.015352964401245117 ,            0.007905244827270508 , 0.0004239082336425781     , -0.0028405189514160156          , 0.00548863410949707   ,       0.02105879783630371
       841,                    1744653152.3565965,                 1744653152.361672 ,               1744653152.362072 ,                   1744653152.3667536,              1744653152.3686283,             1744653152.373998 ,           1744653152.3783557,         1744653152.3787932,                  0.00603485107421875  , 0.00047206878662109375          ,                  0.005866289138793945 ,       0.012373208999633789 ,            0.00972747802734375  , 0.0004374980926513672     , -0.0047953128814697266          , 0.005369663238525391  ,       0.01927351951599121
       842,                    1744653152.4027236,                 1744653152.4088206,               1744653152.408929 ,                   1744653152.4239821,              1744653152.4257927,             1744653152.4307761,           1744653152.436621 ,         1744653152.4367442,                  0.007891654968261719 , 0.0004088878631591797           ,                  0.004645824432373047 ,       0.012946367263793945 ,            0.010828256607055664 , 0.0001232624053955078     , -0.0059680938720703125          , 0.004983425140380859  ,       0.018460988998413086
       844,                    1744653152.4407542,                 1744653152.4497004,               1744653152.4502456,                   1744653152.4633026,              1744653152.4642954,             1744653152.4694645,           1744653152.4732509,         1744653152.4739194,                  0.012089252471923828 , 0.0007648468017578125           ,                  0.03953361511230469  ,       0.05238771438598633  ,            0.00895547866821289  , 0.0006685256958007812     , -0.004454851150512695           , 0.0051691532135009766 ,       0.05837130546569824
       845,                    1744653152.4877214,                 1744653152.4934976,               1744653152.4939117,                   1744653152.5016503,              1744653152.5022683,             1744653152.505276 ,           1744653152.5163097,         1744653152.5167136,                  0.004263639450073242 , 0.00037789344787597656          ,                  0.00797128677368164  ,       0.01261281967163086  ,            0.014041423797607422 , 0.0004038810729980469     , -0.011437654495239258           , 0.003007650375366211  ,       0.016375303268432617
       846,                    1744653152.516612 ,                 1744653152.52735  ,               1744653152.5277462,                   1744653152.5401745,              1744653152.54227  ,             1744653152.5498912,           1744653152.5583537,         1744653152.5587692,                  0.012683391571044922 , 0.0005633831024169922           ,                  0.005774736404418945 ,       0.01902151107788086  ,            0.016083717346191406 , 0.00041556358337402344    , -0.008877992630004883           , 0.007621288299560547  ,       0.0255129337310791
       848,                    1744653152.5520847,                 1744653152.561763 ,               1744653152.5622408,                   1744653152.5697722,              1744653152.5706837,             1744653152.5722125,           1744653152.5747359,         1744653152.5751338,                  0.005349397659301758 , 0.0003802776336669922           ,                  0.00550532341003418  ,       0.01123499870300293  ,            0.004052162170410156 , 0.0003979206085205078     , -0.0029213428497314453          , 0.0015287399291992188 ,       0.0164797306060791
       849,                    1744653152.6090589,                 1744653152.614175 ,               1744653152.6146672,                   1744653152.620719 ,              1744653152.6223028,             1744653152.625994 ,           1744653152.6323984,         1744653152.6328382,                  0.0045795440673828125, 0.0004801750183105469           ,                  0.01176142692565918  ,       0.01682114601135254  ,            0.010095596313476562 , 0.0004398822784423828     , -0.006844282150268555           , 0.0036911964416503906 ,       0.02167987823486328
       850,                    1744653152.6333792,                 1744653152.6395166,               1744653152.6399724,                   1744653152.644951 ,              1744653152.6451945,             1744653152.6483943,           1744653152.654232 ,         1744653152.6547406,                  0.2473151683807373   , 0.0005612373352050781           ,                  0.03914237022399902  ,       0.2870187759399414   ,            0.009037494659423828 , 0.0005085468292236328     , -0.006346225738525391           , 0.0031998157501220703 ,       0.29296135902404785
       851,                    1744653152.6731265,                 1744653152.6786034,               1744653152.6789587,                   1744653152.6860805,              1744653152.6868093,             1744653152.6964915,           1744653152.7014093,         1744653152.7017474,                  0.007636308670043945 , 0.00038433074951171875          ,                  0.025296688079833984 ,       0.03331732749938965  ,            0.014600038528442383 , 0.0003380775451660156     , -0.005255937576293945           , 0.009682178497314453  ,       0.038791656494140625
       852,                    1744653152.729426 ,                 1744653152.733124 ,               1744653152.7336156,                   1744653152.7405446,              1744653152.7407537,             1744653152.7450492,           1744653152.7481458,         1744653152.7486327,                  0.009585142135620117 , 0.0005438327789306641           ,                  0.006148815155029297 ,       0.016277790069580078 ,            0.007392168045043945 , 0.0004868507385253906     , -0.0035834312438964844          , 0.0042955875396728516 ,       0.021662235260009766
       853,                    1744653152.7901216,                 1744653152.7954867,               1744653152.7958918,                   1744653152.8076522,              1744653152.8091047,             1744653152.813418 ,           1744653152.8201404,         1744653152.8205655,                  0.009184122085571289 , 0.00034928321838378906          ,                  0.018594741821289062 ,       0.02812814712524414  ,            0.011035680770874023 , 0.00042510032653808594    , -0.007147550582885742           , 0.004313230514526367  ,       0.03547549247741699
       854,                    1744653152.8146605,                 1744653152.8215709,               1744653152.822106 ,                   1744653152.8300135,              1744653152.8316915,             1744653152.8357193,           1744653152.842501 ,         1744653152.8426008,                  0.007435321807861328 , 0.0006358623504638672           ,                  0.013144731521606445 ,       0.02121591567993164  ,            0.01080942153930664  , 9.989738464355469e-05     , -0.0068814754486083984          , 0.004027843475341797  ,       0.02806997299194336
       855,                    1744653152.8558578,                 1744653152.8618927,               1744653152.8623648,                   1744653152.868231 ,              1744653152.869144 ,             1744653152.8751314,           1744653152.8791404,         1744653152.8796153,                  0.010331869125366211 , 0.00041747093200683594          ,                  0.006758213043212891 ,       0.017507553100585938 ,            0.009996414184570312 , 0.0004749298095703125     , -0.004483938217163086           , 0.005987405776977539  ,       0.023366928100585938
       856,                    1744653152.9985108,                 1744653153.0064025,               1744653153.0068114,                   1744653153.0114572,              1744653153.0117595,             1744653153.0169718,           1744653153.0231383,         1744653153.0234787,                  0.006577730178833008 , 9.608268737792969e-05           ,                  0.0030145645141601562,       0.009688377380371094 ,            0.011378765106201172 , 0.00034046173095703125    , -0.006506919860839844           , 0.005212306976318359  ,       0.014895439147949219
       857,                    1744653153.0359375,                 1744653153.0480268,               1744653153.0487916,                   1744653153.0883253,              1744653153.090712 ,             1744653153.0943089,           1744653153.101891 ,         1744653153.1023452,                  0.005232572555541992 , 0.0004961490631103516           ,                  0.005745410919189453 ,       0.011474132537841797 ,            0.011178970336914062 , 0.00045418739318847656    , -0.008036375045776367           , 0.003596782684326172  ,       0.018579483032226562
       859,                    1744653153.1391065,                 1744653153.1433702,               1744653153.143748 ,                   1744653153.1517193,              1744653153.152168 ,             1744653153.1554818,           1744653153.167095 ,         1744653153.1675034,                  0.0070590972900390625, 0.0004754066467285156           ,                  0.006257772445678711 ,       0.013792276382446289 ,            0.014926910400390625 , 0.00040841102600097656    , -0.012021541595458984           , 0.003313779830932617  ,       0.01876544952392578
       860,                    1744653153.173485 ,                 1744653153.1861684,               1744653153.1867318,                   1744653153.1925066,              1744653153.1931586,             1744653153.198998 ,           1744653153.2073545,         1744653153.2078931,                  0.0033762454986572266, 0.0005764961242675781           ,                  0.01776289939880371  ,       0.021715641021728516 ,            0.014195919036865234 , 0.0005385875701904297     , -0.008895158767700195           , 0.005839347839355469  ,       0.029280424118041992
       861,                    1744653153.2239645,                 1744653153.2293139,               1744653153.2296941,                   1744653153.2351995,              1744653153.2358809,             1744653153.2404442,           1744653153.247083 ,         1744653153.2474682,                  0.006744861602783203 , 0.00046062469482421875          ,                  0.03021526336669922  ,       0.03742074966430664  ,            0.011202096939086914 , 0.000385284423828125      , -0.007024049758911133           , 0.004563331604003906  ,       0.043558597564697266
       862,                    1744653153.2570896,                 1744653153.2616692,               1744653153.2621493,                   1744653153.2739108,              1744653153.274918 ,             1744653153.2787695,           1744653153.2819324,         1744653153.2824283,                  0.015404462814331055 , 0.0004911422729492188           ,                  0.0309140682220459   ,       0.04680967330932617  ,            0.007014274597167969 , 0.00049591064453125       , -0.003658771514892578           , 0.0038514137268066406 ,       0.05130362510681152
       863,                    1744653153.4063401,                 1744653153.6536553,               1744653153.6542165,                   1744653153.693359 ,              1744653153.6945395,             1744653153.6993015,           1744653153.7035978,         1744653153.7039936,                  0.014560461044311523 , 0.0005431175231933594           ,                  0.01677560806274414  ,       0.03187918663024902  ,            0.009058237075805664 , 0.00039577484130859375    , -0.00469207763671875            , 0.004761934280395508  ,       0.036572933197021484
       864,                    1744653153.6718798,                 1744653153.679516 ,               1744653153.6799004,                   1744653153.705197 ,              1744653153.7062635,             1744653153.7106714,           1744653153.7173147,         1744653153.7177258,                  0.008206605911254883 , 0.0005865097045898438           ,                  0.005868434906005859 ,       0.014661550521850586 ,            0.011051177978515625 , 0.00041103363037109375    , -0.007054328918457031           , 0.0044078826904296875 ,       0.02100825309753418
       866,                    1744653153.8327963,                 1744653153.8423815,               1744653153.8429253,                   1744653153.8490741,              1744653153.8501122,             1744653153.8544586,           1744653153.8617332,         1744653153.8622193,                  0.013733148574829102 , 0.0006046295166015625           ,                  0.030027389526367188 ,       0.04436516761779785  ,            0.01162099838256836  , 0.00048613548278808594    , -0.007760763168334961           , 0.004346370697021484  ,       0.04976820945739746
       867,                    1744653153.8719044,                 1744653153.8810885,               1744653153.8814378,                   1744653153.9000325,              1744653153.901022 ,             1744653153.9073799,           1744653153.917949 ,         1744653153.9183633,                  0.025771379470825195 , 0.0005733966827392578           ,                  0.027318716049194336 ,       0.05366349220275879  ,            0.016927003860473633 , 0.0004143714904785156     , -0.010983467102050781           , 0.006357908248901367  ,       0.05962991714477539
       868,                    1744653153.9111798,                 1744653153.918615 ,               1744653153.919251 ,                   1744653153.9323957,              1744653153.934417 ,             1744653153.9392498,           1744653153.9432569,         1744653153.9436355,                  0.004804372787475586 , 0.00039386749267578125          ,                  0.007152080535888672 ,       0.012350320816040039 ,            0.008839845657348633 , 0.00037860870361328125    , -0.004385709762573242           , 0.004832744598388672  ,       0.017284154891967773
       869,                    1744653154.0377946,                 1744653154.0481265,               1744653154.048544 ,                   1744653154.0553021,              1744653154.0562387,             1744653154.0611615,           1744653154.0666878,         1744653154.0671134,                  0.002688169479370117 , 0.0004520416259765625           ,                  0.009903669357299805 ,       0.013043880462646484 ,            0.01044917106628418  , 0.00042557716369628906    , -0.005951881408691406           , 0.0049228668212890625 ,       0.02003955841064453
       870,                    1744653154.1318445,                 1744653154.1384223,               1744653154.1385183,                   1744653154.141533 ,              1744653154.1423197,             1744653154.14674  ,           1744653154.1543303,         1744653154.154668 ,                  0.007602214813232422 , 0.0009105205535888672           ,                  0.006714820861816406 ,       0.015227556228637695 ,            0.012010574340820312 , 0.00033783912658691406    , -0.007928133010864258           , 0.004420280456542969  ,       0.020760536193847656
       871,                    1744653154.149864 ,                 1744653154.1550965,               1744653154.1555927,                   1744653154.161338 ,              1744653154.1638582,             1744653154.1684434,           1744653154.1715143,         1744653154.1719358,                  0.006867408752441406 , 0.0006165504455566406           ,                  0.0025708675384521484,       0.010054826736450195 ,            0.007656097412109375 , 0.0004215240478515625     , -0.0034923553466796875          , 0.00458526611328125   ,       0.01696014404296875
       872,                    1744653154.1767633,                 1744653154.1838224,               1744653154.1842978,                   1744653154.1905556,              1744653154.1915739,             1744653154.1955287,           1744653154.1987586,         1744653154.1992426,                  0.010001897811889648 , 0.0005462169647216797           ,                  0.022884130477905273 ,       0.0334322452545166   ,            0.007184743881225586 , 0.0004839897155761719     , -0.003713846206665039           , 0.003954887390136719  ,       0.03951716423034668
       873,                    1744653154.2081673,                 1744653154.2115436,               1744653154.21212  ,                   1744653154.229883 ,              1744653154.230203 ,             1744653154.2374477,           1744653154.2464082,         1744653154.2468483,                  0.013409852981567383 , 0.0004239082336425781           ,                  0.007066011428833008 ,       0.02089977264404297  ,            0.016205310821533203 , 0.0004401206970214844     , -0.009400606155395508           , 0.00724482536315918   ,       0.029335975646972656
       874,                    1744653154.2235658,                 1744653154.2303107,               1744653154.2307713,                   1744653154.2609866,              1744653154.2632313,             1744653154.2671244,           1744653154.2743661,         1744653154.2748318,                  0.00483393669128418  , 0.00011444091796875             ,                  0.007884979248046875 ,       0.012833356857299805 ,            0.011134862899780273 , 0.00046563148498535156    , -0.007707357406616211           , 0.003893136978149414  ,       0.01952505111694336
       875,                    1744653154.2567387,                 1744653154.2721431,               1744653154.2726343,                   1744653154.3035483,              1744653154.3044715,             1744653154.3080423,           1744653154.3121817,         1744653154.3128204,                  0.008256673812866211 , 0.00038886070251464844          ,                  0.002360820770263672 ,       0.011006355285644531 ,            0.00771021842956543  , 0.0006387233734130859     , -0.004778146743774414           , 0.0035707950592041016 ,       0.017003297805786133
       877,                    1744653154.2838624,                 1744653154.2984228,               1744653154.298966 ,                   1744653154.3157415,              1744653154.3162165,             1744653154.3204353,           1744653154.3238559,         1744653154.3244345,                  0.009517908096313477 , 0.00010657310485839844          ,                  0.012966156005859375 ,       0.02259063720703125  ,            0.007639408111572266 , 0.0005786418914794922     , -0.003999233245849609           , 0.0042188167572021484 ,       0.02863001823425293
       880,                    1744653154.376565 ,                 1744653154.3847716,               1744653154.385358 ,                   1744653154.3912265,              1744653154.3936505,             1744653154.3975732,           1744653154.403074 ,         1744653154.40365  ,                  0.004492759704589844 , 0.0004062652587890625           ,                  0.0049631595611572266,       0.009862184524536133 ,            0.009423494338989258 , 0.000576019287109375      , -0.006076812744140625           , 0.003922700881958008  ,       0.01715397834777832
       881,                    1744653154.440809 ,                 1744653154.4545422,               1744653154.4551468,                   1744653154.4851742,              1744653154.487598 ,             1744653154.4905772,           1744653154.5091608,         1744653154.5096128,                  0.00792241096496582  , 0.00044035911560058594          ,                  0.007184267044067383 ,       0.015547037124633789 ,            0.021562814712524414 , 0.0004520416259765625     , -0.01903557777404785            , 0.002979278564453125  ,       0.02103424072265625
       882,                    1744653154.4738774,                 1744653154.4996488,               1744653154.5002222,                   1744653154.527541 ,              1744653154.5284066,             1744653154.5335073,           1744653154.5431814,         1744653154.5435886,                  0.011300802230834961 , 0.0003952980041503906           ,                  0.006146907806396484 ,       0.017843008041381836 ,            0.014774799346923828 , 0.00040721893310546875    , -0.010081291198730469           , 0.005100727081298828  ,       0.022199630737304688
       885,                    1744653154.6020045,                 1744653154.606809 ,               1744653154.6072028,                   1744653154.6143548,              1744653154.615148 ,             1744653154.6192887,           1744653154.6221979,         1744653154.6226773,                  0.0055468082427978516, 0.0005154609680175781           ,                  0.019321203231811523 ,       0.025383472442626953 ,            0.0070497989654541016, 0.0004794597625732422     , -0.003388643264770508           , 0.004140615463256836  ,       0.03200101852416992
       886,                    1744653154.622469 ,                 1744653154.625157 ,               1744653154.6256092,                   1744653154.6355128,              1744653154.636709 ,             1744653154.6425085,           1744653154.6532447,         1744653154.653899 ,                  0.009936332702636719 , 0.0004153251647949219           ,                  0.007948160171508789 ,       0.01829981803894043  ,            0.01653575897216797  , 0.0006542205810546875     , -0.011390447616577148           , 0.005799531936645508  ,       0.0243527889251709
       887,                    1744653154.647391 ,                 1744653154.6549933,               1744653154.6559038,                   1744653154.6626186,              1744653154.6650207,             1744653154.6681516,           1744653154.6733558,         1744653154.6737952,                  0.011516571044921875 , 0.00039696693420410156          ,                  0.007906675338745117 ,       0.019820213317871094 ,            0.008335113525390625 , 0.0004394054412841797     , -0.005643606185913086           , 0.0031309127807617188 ,       0.02541518211364746
       888,                    1744653154.6937761,                 1744653154.7006435,               1744653154.70126  ,                   1744653154.703831 ,              1744653154.7045197,             1744653154.7107363,           1744653154.7145884,         1744653154.7150576,                  0.006652355194091797 , 0.0004405975341796875           ,                  0.006216287612915039 ,       0.013309240341186523 ,            0.010068655014038086 , 0.000469207763671875      , -0.00432133674621582            , 0.006216526031494141  ,       0.020116090774536133
       889,                    1744653154.8728063,                 1744653154.8828082,               1744653154.8833544,                   1744653154.9062386,              1744653154.906819 ,             1744653154.9123235,           1744653154.9161758,         1744653154.916674 ,                  0.0054628849029541016, 0.0007398128509521484           ,                  0.02326655387878418  ,       0.02946925163269043  ,            0.00935673713684082  , 0.0004980564117431641     , -0.004350423812866211           , 0.0055043697357177734 ,       0.036673784255981445
       891,                    1744653154.9804585,                 1744653154.9938684,               1744653154.9942923,                   1744653155.0013583,              1744653155.003516 ,             1744653155.0097945,           1744653155.0150378,         1744653155.015532 ,                  0.020168781280517578 , 0.0005278587341308594           ,                  0.010428190231323242 ,       0.03112483024597168  ,            0.01152181625366211  , 0.0004942417144775391     , -0.0057375431060791016          , 0.006278514862060547  ,       0.037120819091796875
       892,                    1744653155.0633552,                 1744653155.0681891,               1744653155.0683036,                   1744653155.0761886,              1744653155.076946 ,             1744653155.0828803,           1744653155.0857644,         1744653155.0858874,                  0.00583338737487793  , 0.00040793418884277344          ,                  0.01383662223815918  ,       0.020077943801879883 ,            0.008818387985229492 , 0.00012302398681640625    , -0.003007173538208008           , 0.005934238433837891  ,       0.025966882705688477
       893,                    1744653155.0989718,                 1744653155.1072285,               1744653155.1076174,                   1744653155.1099782,              1744653155.11142  ,             1744653155.1159751,           1744653155.1207583,         1744653155.1211305,                  0.008816003799438477 , 0.0003504753112792969           ,                  0.02634406089782715  ,       0.03551054000854492  ,            0.00933837890625     , 0.00037217140197753906    , -0.005155324935913086           , 0.004555225372314453  ,       0.04491829872131348
       894,                    1744653155.1269388,                 1744653155.1364567,               1744653155.1365633,                   1744653155.1495295,              1744653155.1517665,             1744653155.1555688,           1744653155.1601608,         1744653155.160274 ,                  0.005616664886474609 , 0.00040650367736816406          ,                  0.005217313766479492 ,       0.011240482330322266 ,            0.008394241333007812 , 0.00011324882507324219    , -0.004705190658569336           , 0.0038022994995117188 ,       0.01822662353515625
       895,                    1744653155.1638618,                 1744653155.1683545,               1744653155.1687608,                   1744653155.173724 ,              1744653155.1753607,             1744653155.1810157,           1744653155.1855836,         1744653155.1859918,                  0.0056629180908203125, 0.0004000663757324219           ,                  0.010076284408569336 ,       0.01613926887512207  ,            0.010222911834716797 , 0.000408172607421875      , -0.004976034164428711           , 0.005655050277709961  ,       0.02021193504333496
       896,                    1744653155.2093313,                 1744653155.2172537,               1744653155.217694 ,                   1744653155.2248783,              1744653155.2278023,             1744653155.2303655,           1744653155.2355537,         1744653155.2360237,                  0.016307830810546875 , 0.0005588531494140625           ,                  0.05217480659484863  ,       0.06904149055480957  ,            0.00775146484375     , 0.0004699230194091797     , -0.005658149719238281           , 0.0025632381439208984 ,       0.08873248100280762
       897,                    1744653155.2452376,                 1744653155.2565384,               1744653155.2569337,                   1744653155.2630806,              1744653155.2643878,             1744653155.2674372,           1744653155.2712688,         1744653155.271652 ,                  0.006487369537353516 , 0.00047326087951660156          ,                  0.006685018539428711 ,       0.013645648956298828 ,            0.006880998611450195 , 0.00038313865661621094    , -0.004214763641357422           , 0.0030493736267089844 ,       0.019839048385620117
       898,                    1744653155.3207839,                 1744653155.3263307,               1744653155.3268461,                   1744653155.3461673,              1744653155.346813 ,             1744653155.3527849,           1744653155.358965 ,         1744653155.3595057,                  0.022765159606933594 , 0.0003662109375                 ,                  0.04186558723449707  ,       0.06499695777893066  ,            0.012151956558227539 , 0.0005407333374023438     , -0.006720781326293945           , 0.0059719085693359375 ,       0.07425165176391602
       900,                    1744653155.354405 ,                 1744653155.3643413,               1744653155.3647566,                   1744653155.3727047,              1744653155.3736322,             1744653155.3787577,           1744653155.3888497,         1744653155.389286 ,                  0.0368959903717041   , 0.00047397613525390625          ,                  0.04238724708557129  ,       0.0797572135925293   ,            0.01521754264831543  , 0.0004363059997558594     , -0.010528326034545898           , 0.005125522613525391  ,       0.08880209922790527
       901,                    1744653155.3811796,                 1744653155.3926961,               1744653155.393093 ,                   1744653155.4009998,              1744653155.4016316,             1744653155.4065948,           1744653155.4094532,         1744653155.4098904,                  0.016474008560180664 , 9.632110595703125e-05           ,                  0.04718136787414551  ,       0.0637516975402832   ,            0.00782155990600586  , 0.0004372596740722656     , -0.0032956600189208984          , 0.0049631595611572266 ,       0.07117652893066406
       902,                    1744653155.4403572,                 1744653155.4470096,               1744653155.4474502,                   1744653155.4536664,              1744653155.454758 ,             1744653155.4604733,           1744653155.4676273,         1744653155.468036 ,                  0.0052793025970458984, 0.0005009174346923828           ,                  0.022429704666137695 ,       0.028209924697875977 ,            0.01286935806274414  , 0.0004086494445800781     , -0.0075626373291015625          , 0.005715370178222656  ,       0.03658580780029297
       903,                    1744653155.609625 ,                 1744653155.615088 ,               1744653155.6158278,                   1744653155.6390944,              1744653155.639726 ,             1744653155.646299 ,           1744653155.653566 ,         1744653155.654631 ,                  0.007044076919555664 , 0.0005867481231689453           ,                  0.019746065139770508 ,       0.027376890182495117 ,            0.013839960098266602 , 0.0010650157928466797     , -0.008332014083862305           , 0.0065729618072509766 ,       0.03485274314880371
       904,                    1744653155.6325114,                 1744653155.6526802,               1744653155.653208 ,                   1744653155.6636362,              1744653155.6648977,             1744653155.6696322,           1744653155.6752791,         1744653155.6756825,                  0.007231473922729492 , 0.0004792213439941406           ,                  0.006983518600463867 ,       0.0146942138671875   ,            0.010381460189819336 , 0.00040340423583984375    , -0.0060503482818603516          , 0.004734516143798828  ,       0.017704248428344727
       906,                    1744653155.6712344,                 1744653155.6770678,               1744653155.6774757,                   1744653155.6913123,              1744653155.6930556,             1744653155.6972013,           1744653155.7052603,         1744653155.705704 ,                  0.0075914859771728516, 0.00013399124145507812          ,                  0.009072065353393555 ,       0.016797542572021484 ,            0.012204647064208984 , 0.0004436969757080078     , -0.008502721786499023           , 0.004145622253417969  ,       0.02142167091369629
       907,                    1744653155.710458 ,                 1744653155.719274 ,               1744653155.7196245,                   1744653155.7459686,              1744653155.7467296,             1744653155.7553763,           1744653155.762277 ,         1744653155.7626734,                  0.005918979644775391 , 0.0006110668182373047           ,                  0.009431600570678711 ,       0.015961647033691406 ,            0.01554727554321289  , 0.00039649009704589844    , -0.007297039031982422           , 0.008646726608276367  ,       0.03479933738708496
       909,                    1744653155.8502638,                 1744653155.8558805,               1744653155.856287 ,                   1744653155.8615043,              1744653155.8629177,             1744653155.8684905,           1744653155.8766334,         1744653155.87705  ,                  0.008583545684814453 , 0.00041103363037109375          ,                  0.002460002899169922 ,       0.011454582214355469 ,            0.013715744018554688 , 0.0004165172576904297     , -0.008559465408325195           , 0.005572795867919922  ,       0.017818689346313477
       910,                    1744653155.888425 ,                 1744653155.894088 ,               1744653155.894488 ,                   1744653155.9045644,              1744653155.9058182,             1744653155.908637 ,           1744653155.9121306,         1744653155.9125462,                  0.00547337532043457  , 0.0005884170532226562           ,                  0.0050280094146728516,       0.011089801788330078 ,            0.006312370300292969 , 0.00041556358337402344    , -0.003909111022949219           , 0.0028188228607177734 ,       0.018486976623535156
       911,                    1744653156.0563204,                 1744653156.0726283,               1744653156.073187 ,                   1744653156.125362 ,              1744653156.1264987,             1744653156.145053 ,           1744653156.1537771,         1744653156.1543853,                  0.006396293640136719 , 0.0004630088806152344           ,                  0.0055730342864990234,       0.012432336807250977 ,            0.027278423309326172 , 0.0006082057952880859     , -0.009332418441772461           , 0.018554210662841797  ,       0.020658493041992188
       914,                    1744653156.2222247,                 1744653156.228712 ,               1744653156.2291853,                   1744653156.2358704,              1744653156.2375553,             1744653156.2420638,           1744653156.2569227,         1744653156.2573643,                  0.0034389495849609375, 9.298324584960938e-05           ,                  0.0054399967193603516,       0.008971929550170898 ,            0.019367456436157227 , 0.00044155120849609375    , -0.015300512313842773           , 0.004508495330810547  ,       0.013275146484375
       915,                    1744653156.2803686,                 1744653156.3031337,               1744653156.3035   ,                   1744653156.3453655,              1744653156.34882  ,             1744653156.3546202,           1744653156.3792272,         1744653156.3797696,                  0.003832101821899414 , 0.00047397613525390625          ,                  0.004395246505737305 ,       0.008701324462890625 ,            0.030407190322875977 , 0.0005424022674560547     , -0.02514934539794922            , 0.0058002471923828125 ,       0.014693975448608398
       916,                    1744653156.3296719,                 1744653156.3665679,               1744653156.3670418,                   1744653156.409429 ,              1744653156.4105432,             1744653156.418474 ,           1744653156.4281566,         1744653156.4285705,                  0.00604701042175293  , 0.0004706382751464844           ,                  0.0039055347442626953,       0.01042318344116211  ,            0.01761341094970703  , 0.0004138946533203125     , -0.010096549987792969           , 0.007930755615234375  ,       0.018110990524291992
       918,                    1744653156.3662608,                 1744653156.3827348,               1744653156.382831 ,                   1744653156.4300125,              1744653156.4310184,             1744653156.4374373,           1744653156.442558 ,         1744653156.4427125,                  0.005136966705322266 , 0.0006108283996582031           ,                  0.035675048828125    ,       0.04142284393310547  ,            0.011539697647094727 , 0.0001544952392578125     , -0.005275249481201172           , 0.006418943405151367  ,       0.04669666290283203
       922,                    1744653156.513616 ,                 1744653156.5188954,               1744653156.5193963,                   1744653156.541826 ,              1744653156.54378  ,             1744653156.550202 ,           1744653156.5552351,         1744653156.5557218,                  0.0077168941497802734, 0.000461578369140625            ,                  0.009069442749023438 ,       0.017247915267944336 ,            0.011455059051513672 , 0.00048661231994628906    , -0.005519866943359375           , 0.006421804428100586  ,       0.02368640899658203
       923,                    1744653156.5292728,                 1744653156.5363169,               1744653156.5369036,                   1744653156.5566497,              1744653156.5571628,             1744653156.5641255,           1744653156.5697057,         1744653156.5701747,                  0.0073528289794921875, 0.0004570484161376953           ,                  0.00912785530090332  ,       0.016937732696533203 ,            0.012542963027954102 , 0.00046896934509277344    , -0.006049156188964844           , 0.006962776184082031  ,       0.022795677185058594
       925,                    1744653156.5870848,                 1744653156.5943162,               1744653156.5947955,                   1744653156.601779 ,              1744653156.60203  ,             1744653156.604789 ,           1744653156.6076138,         1744653156.6080828,                  0.004482269287109375 , 0.0005404949188232422           ,                  0.008957147598266602 ,       0.013979911804199219 ,            0.005583763122558594 , 0.00046896934509277344    , -0.003293752670288086           , 0.0027589797973632812 ,       0.0240781307220459
       926,                    1744653156.6957273,                 1744653156.7033188,               1744653156.7034528,                   1744653156.712525 ,              1744653156.7134016,             1744653156.717149 ,           1744653156.7216682,         1744653156.721829 ,                  0.005484104156494141 , 0.0005066394805908203           ,                  0.022241592407226562 ,       0.028232336044311523 ,            0.008266687393188477 , 0.00016069412231445312    , -0.00467991828918457            , 0.0037474632263183594 ,       0.03614330291748047
       927,                    1744653156.8708336,                 1744653156.8767526,               1744653156.8773637,                   1744653156.8867953,              1744653156.8880587,             1744653156.905633 ,           1744653156.9087834,         1744653156.9092255,                  0.009432792663574219 , 0.0007159709930419922           ,                  0.01991724967956543  ,       0.03006601333618164  ,            0.020724773406982422 , 0.0004420280456542969     , -0.0035924911499023438          , 0.017574310302734375  ,       0.03419089317321777
       928,                    1744653156.9686801,                 1744653156.9772637,               1744653156.9776747,                   1744653156.9801347,              1744653156.981021 ,             1744653156.9864988,           1744653156.9930754,         1744653156.9935017,                  0.005828142166137695 , 0.0005154609680175781           ,                  0.004125833511352539 ,       0.010469436645507812 ,            0.012054443359375    , 0.00042629241943359375    , -0.007002830505371094           , 0.0054779052734375    ,       0.022398948669433594
       929,                    1744653157.0817423,                 1744653157.0872157,               1744653157.087804 ,                   1744653157.092832 ,              1744653157.0940454,             1744653157.1002293,           1744653157.10709  ,         1744653157.1076741,                  0.01017141342163086  , 0.0003554821014404297           ,                  0.01668572425842285  ,       0.02721261978149414  ,            0.013044595718383789 , 0.0005841255187988281     , -0.007444858551025391           , 0.0061838626861572266 ,       0.03186225891113281
       930,                    1744653157.1185036,                 1744653157.1248999,               1744653157.1253629,                   1744653157.130936 ,              1744653157.1342669,             1744653157.139162 ,           1744653157.1417887,         1744653157.1422386,                  0.0062677860260009766, 0.0004627704620361328           ,                  0.006114482879638672 ,       0.012845039367675781 ,            0.007521867752075195 , 0.00044989585876464844    , -0.0030765533447265625          , 0.004895210266113281  ,       0.019937753677368164
       931,                    1744653157.157973 ,                 1744653157.161412 ,               1744653157.161505 ,                   1744653157.166945 ,              1744653157.168877 ,             1744653157.1712482,           1744653157.1741428,         1744653157.1742406,                  0.007456064224243164 , 0.0005040168762207031           ,                  0.012769699096679688 ,       0.020729780197143555 ,            0.005265951156616211 , 9.775161743164062e-05     , -0.002992391586303711           , 0.0023713111877441406 ,       0.025388717651367188
       932,                    1744653157.243893 ,                 1744653157.247725 ,               1744653157.248199 ,                   1744653157.2525942,              1744653157.2534373,             1744653157.258587 ,           1744653157.2619367,         1744653157.2623775,                  0.00784611701965332  , 0.00043320655822753906          ,                  0.004500389099121094 ,       0.012779712677001953 ,            0.008499383926391602 , 0.00044083595275878906    , -0.003790616989135742           , 0.0051496028900146484 ,       0.02119731903076172
       933,                    1744653157.3230636,                 1744653157.3291106,               1744653157.3295813,                   1744653157.3334868,              1744653157.3348355,             1744653157.3411746,           1744653157.3438513,         1744653157.344302 ,                  0.008660316467285156 , 0.0004203319549560547           ,                  0.010244607925415039 ,       0.01932525634765625  ,            0.009015798568725586 , 0.0004506111145019531     , -0.0031273365020751953          , 0.006339073181152344  ,       0.023449420928955078
       934,                    1744653157.505351 ,                 1744653157.510488 ,               1744653157.5110989,                   1744653157.546774 ,              1744653157.5475798,             1744653157.5520477,           1744653157.5576427,         1744653157.5580864,                  0.008869409561157227 , 0.000392913818359375            ,                  0.004262208938598633 ,       0.013524532318115234 ,            0.010062932968139648 , 0.0004436969757080078     , -0.006038665771484375           , 0.004467964172363281  ,       0.01709604263305664
       937,                    1744653157.5593674,                 1744653157.5670843,               1744653157.567546 ,                   1744653157.5766153,              1744653157.5777256,             1744653157.5830538,           1744653157.587806 ,         1744653157.588305 ,                  0.004773855209350586 , 0.0005488395690917969           ,                  0.0062084197998046875,       0.01153111457824707  ,            0.010080337524414062 , 0.0004990100860595703     , -0.005251169204711914           , 0.005328178405761719  ,       0.01928400993347168
       938,                    1744653157.5972412,                 1744653157.604594 ,               1744653157.605051 ,                   1744653157.614179 ,              1744653157.614626 ,             1744653157.6200368,           1744653157.6239216,         1744653157.6243308,                  0.019968509674072266 , 0.0005209445953369141           ,                  0.0414586067199707   ,       0.06194806098937988  ,            0.00929570198059082  , 0.00040912628173828125    , -0.004293918609619141           , 0.005410909652709961  ,       0.07309532165527344
       939,                    1744653157.6522763,                 1744653157.6567585,               1744653157.657299 ,                   1744653157.6662562,              1744653157.666809 ,             1744653157.6763544,           1744653157.682032 ,         1744653157.6824603,                  0.025611162185668945 , 0.00041484832763671875          ,                  0.03063654899597168  ,       0.056662559509277344 ,            0.015223026275634766 , 0.00042819976806640625    , -0.006105899810791016           , 0.009545326232910156  ,       0.06310486793518066
       940,                    1744653157.690824 ,                 1744653157.6963081,               1744653157.6968148,                   1744653157.7190564,              1744653157.719626 ,             1744653157.7269673,           1744653157.732831 ,         1744653157.7333584,                  0.007897138595581055 , 0.0002853870391845703           ,                  0.02421283721923828  ,       0.032395362854003906 ,            0.01320505142211914  , 0.0005273818969726562     , -0.006391048431396484           , 0.0073413848876953125 ,       0.036772727966308594
       941,                    1744653157.748621 ,                 1744653157.7580538,               1744653157.7587698,                   1744653157.778687 ,              1744653157.7795572,             1744653157.7828119,           1744653157.7922087,         1744653157.7929645,                  0.008087873458862305 , 0.00012230873107910156          ,                  0.010838985443115234 ,       0.01904916763305664  ,            0.012651443481445312 , 0.0007557868957519531     , -0.010152578353881836           , 0.0032546520233154297 ,       0.0221102237701416
       943,                    1744653157.7973952,                 1744653157.8032234,               1744653157.8037388,                   1744653157.8078647,              1744653157.8096077,             1744653157.8197942,           1744653157.8293374,         1744653157.829869 ,                  0.005748271942138672 , 0.00047707557678222656          ,                  0.0020570755004882812,       0.00828242301940918  ,            0.0197296142578125   , 0.0005316734313964844     , -0.010074853897094727           , 0.010186433792114258  ,       0.01411747932434082
       944,                    1744653157.831496 ,                 1744653157.8416674,               1744653157.842023 ,                   1744653157.8587086,              1744653157.8601973,             1744653157.8633583,           1744653157.867946 ,         1744653157.868335 ,                  0.008577346801757812 , 0.0005855560302734375           ,                  0.007174015045166016 ,       0.016336917877197266 ,            0.007748603820800781 , 0.00038909912109375       , -0.004976749420166016           , 0.0031609535217285156 ,       0.02959299087524414
       946,                    1744653157.8842192,                 1744653157.890487 ,               1744653157.8909497,                   1744653157.8970642,              1744653157.898173 ,             1744653157.904157 ,           1744653157.908443 ,         1744653157.9090185,                  0.006622314453125    , 0.0005257129669189453           ,                  0.012821197509765625 ,       0.01996922492980957  ,            0.010269880294799805 , 0.0005755424499511719     , -0.004861593246459961           , 0.005983829498291016  ,       0.02715325355529785
       947,                    1744653157.9751134,                 1744653157.9825695,               1744653157.9830735,                   1744653157.9958432,              1744653157.9970176,             1744653158.000502 ,           1744653158.0051658,         1744653158.00606  ,                  0.008169174194335938 , 0.00047206878662109375          ,                  0.017273902893066406 ,       0.025915145874023438 ,            0.008148193359375    , 0.0008940696716308594     , -0.0055577754974365234          , 0.003484487533569336  ,       0.03458237648010254
       948,                    1744653158.1131904,                 1744653158.1210365,               1744653158.1214697,                   1744653158.1259701,              1744653158.1281986,             1744653158.1343877,           1744653158.1398616,         1744653158.140304 ,                  0.007395505905151367 , 8.392333984375e-05              ,                  0.006420612335205078 ,       0.013900041580200195 ,            0.011662960052490234 , 0.0004425048828125        , -0.0059163570404052734          , 0.006189107894897461  ,       0.019298553466796875
       949,                    1744653158.2207303,                 1744653158.2293906,               1744653158.229811 ,                   1744653158.2400556,              1744653158.2421298,             1744653158.2441797,           1744653158.248796 ,         1744653158.2492366,                  0.0074748992919921875, 0.0003483295440673828           ,                  0.010782718658447266 ,       0.018605947494506836 ,            0.0066661834716796875, 0.0004405975341796875     , -0.005056858062744141           , 0.0020499229431152344 ,       0.026460647583007812
       950,                    1744653158.262986 ,                 1744653158.2718554,               1744653158.2722483,                   1744653158.2765105,              1744653158.2774017,             1744653158.280082 ,           1744653158.2849917,         1744653158.2853785,                  0.005921602249145508 , 0.0003845691680908203           ,                  0.0034410953521728516,       0.00974726676940918  ,            0.007590055465698242 , 0.0003867149353027344     , -0.005296468734741211           , 0.0026803016662597656 ,       0.016095638275146484
       951,                    1744653158.293713 ,                 1744653158.298487 ,               1744653158.2990358,                   1744653158.3052442,              1744653158.306443 ,             1744653158.312997 ,           1744653158.318149 ,         1744653158.3185375,                  0.011726856231689453 , 0.0004572868347167969           ,                  0.006775617599487305 ,       0.018959760665893555 ,            0.011706113815307617 , 0.0003883838653564453     , -0.005540370941162109           , 0.006554126739501953  ,       0.02452230453491211
       952,                    1744653158.3455122,                 1744653158.3654807,               1744653158.3660016,                   1744653158.4074602,              1744653158.408449 ,             1744653158.4186075,           1744653158.4221466,         1744653158.4227412,                  0.0052945613861083984, 8.630752563476562e-05           ,                  0.012117385864257812 ,       0.017498254776000977 ,            0.013697624206542969 , 0.0005946159362792969     , -0.004133701324462891           , 0.010158538818359375  ,       0.02214503288269043
       953,                    1744653158.3670993,                 1744653158.3927104,               1744653158.3931253,                   1744653158.4237618,              1744653158.4249651,             1744653158.4302042,           1744653158.434934 ,         1744653158.4353688,                  0.015759706497192383 , 0.0005440711975097656           ,                  0.014026880264282227 ,       0.030330657958984375 ,            0.009968757629394531 , 0.00043487548828125       , -0.005164623260498047           , 0.005239009857177734  ,       0.04141545295715332
       957,                    1744653158.5198207,                 1744653158.5277178,               1744653158.5280032,                   1744653158.552216 ,              1744653158.5530396,             1744653158.5565934,           1744653158.5650759,         1744653158.565437 ,                  0.011779069900512695 , 0.0004057884216308594           ,                  0.009866952896118164 ,       0.02205181121826172  ,            0.012036323547363281 , 0.0003612041473388672     , -0.008843660354614258           , 0.0035538673400878906 ,       0.027034997940063477
       960,                    1744653158.5721843,                 1744653158.5802722,               1744653158.5803945,                   1744653158.5912335,              1744653158.592306 ,             1744653158.5942945,           1744653158.5972135,         1744653158.597343 ,                  0.006873130798339844 , 0.0005853176116943359           ,                  0.012813329696655273 ,       0.020271778106689453 ,            0.0049076080322265625, 0.00012946128845214844    , -0.003048419952392578           , 0.001988649368286133  ,       0.024440526962280273
       961,                    1744653158.6088545,                 1744653158.6146028,               1744653158.6150799,                   1744653158.617137 ,              1744653158.617398 ,             1744653158.622972 ,           1744653158.6269424,         1744653158.6273937,                  0.005823612213134766 , 0.0006077289581298828           ,                  0.009865760803222656 ,       0.016297101974487305 ,            0.00954437255859375  , 0.0004513263702392578     , -0.004421710968017578           , 0.00557398796081543   ,       0.019667863845825195
       962,                    1744653158.7160485,                 1744653158.7246258,               1744653158.7252114,                   1744653158.7323854,              1744653158.7341769,             1744653158.7456415,           1744653158.7496617,         1744653158.7501414,                  0.006308317184448242 , 0.0004677772521972656           ,                  0.008295059204101562 ,       0.01507115364074707  ,            0.015484809875488281 , 0.00047969818115234375    , -0.004499912261962891           , 0.011464595794677734  ,       0.021560192108154297
       963,                    1744653158.8436816,                 1744653158.850304 ,               1744653158.8508296,                   1744653158.8636508,              1744653158.8661213,             1744653158.8708348,           1744653158.8756037,         1744653158.8760948,                  0.00926828384399414  , 0.0004258155822753906           ,                  0.004372119903564453 ,       0.014066219329833984 ,            0.009482383728027344 , 0.0004911422729492188     , -0.005259990692138672           , 0.004713535308837891  ,       0.0179898738861084
       964,                    1744653158.897539 ,                 1744653158.905708 ,               1744653158.9061801,                   1744653158.923454 ,              1744653158.9243553,             1744653158.9321213,           1744653158.9357722,         1744653158.9362109,                  0.008843183517456055 , 0.00046181678771972656          ,                  0.006472349166870117 ,       0.0157773494720459   ,            0.011416912078857422 , 0.000438690185546875      , -0.0040895938873291016          , 0.007766008377075195  ,       0.020250558853149414
       966,                    1744653158.9345343,                 1744653158.9419298,               1744653158.9420137,                   1744653158.9484344,              1744653158.9489808,             1744653158.9538329,           1744653158.9628012,         1744653158.9629042,                  0.00750422477722168  , 0.0005676746368408203           ,                  0.011683225631713867 ,       0.019755125045776367 ,            0.013820409774780273 , 0.000102996826171875      , -0.00907135009765625            , 0.0048520565032958984 ,       0.029376745223999023
       967,                    1744653158.9555829,                 1744653158.9630578,               1744653158.963406 ,                   1744653158.9741888,              1744653158.9763353,             1744653158.9820435,           1744653158.9855437,         1744653158.9860814,                  0.007054567337036133 , 0.000385284423828125            ,                  0.008149862289428711 ,       0.015589714050292969 ,            0.009208440780639648 , 0.0005376338958740234     , -0.0040378570556640625          , 0.005708217620849609  ,       0.0184023380279541
       968,                    1744653159.0999112,                 1744653159.1058328,               1744653159.1062174,                   1744653159.1096585,              1744653159.1112115,             1744653159.1160069,           1744653159.1264863,         1744653159.1268995,                  0.00540471076965332  , 0.00048351287841796875          ,                  0.004896640777587891 ,       0.01078486442565918  ,            0.015274763107299805 , 0.0004131793975830078     , -0.010892629623413086           , 0.0047953128814697266 ,       0.01929020881652832
       969,                    1744653159.1176987,                 1744653159.1294255,               1744653159.1298828,                   1744653159.1366584,              1744653159.13853  ,             1744653159.142221 ,           1744653159.1469092,         1744653159.1474495,                  0.010188579559326172 , 0.0003771781921386719           ,                  0.019849061965942383 ,       0.030414819717407227 ,            0.008379220962524414 , 0.0005402565002441406     , -0.005228519439697266           , 0.003690958023071289  ,       0.03493046760559082
       970,                    1744653159.1466947,                 1744653159.1519892,               1744653159.1520755,                   1744653159.164193 ,              1744653159.1647024,             1744653159.1688397,           1744653159.1820571,         1744653159.182189 ,                  0.01031804084777832  , 0.0005044937133789062           ,                  0.006028890609741211 ,       0.016851425170898438 ,            0.017354726791381836 , 0.00013184547424316406    , -0.013349294662475586           , 0.004137277603149414  ,       0.023355960845947266
       971,                    1744653159.170848 ,                 1744653159.1866076,               1744653159.1871517,                   1744653159.2011786,              1744653159.202538 ,             1744653159.2122633,           1744653159.2190366,         1744653159.219574 ,                  0.007477760314941406 , 0.0005388259887695312           ,                  0.006755828857421875 ,       0.014772415161132812 ,            0.016498565673828125 , 0.0005373954772949219     , -0.007310628890991211           , 0.009725332260131836  ,       0.025684118270874023
       972,                    1744653159.2919998,                 1744653159.303779 ,               1744653159.3041847,                   1744653159.3140516,              1744653159.3148146,             1744653159.3190348,           1744653159.3237875,         1744653159.3241937,                  0.008152484893798828 , 0.0005221366882324219           ,                  0.013087749481201172 ,       0.021762371063232422 ,            0.008972883224487305 , 0.0004062652587890625     , -0.005158901214599609           , 0.004220247268676758  ,       0.03383326530456543
       974,                    1744653159.421614 ,                 1744653159.428487 ,               1744653159.4290724,                   1744653159.4418857,              1744653159.4427788,             1744653159.4460545,           1744653159.4496915,         1744653159.4502678,                  0.00539398193359375  , 0.0004627704620361328           ,                  0.006807804107666016 ,       0.012664556503295898 ,            0.006912708282470703 , 0.0005762577056884766     , -0.0042133331298828125          , 0.003275632858276367  ,       0.020123004913330078
       975,                    1744653159.4788883,                 1744653159.484712 ,               1744653159.4853196,                   1744653159.4951854,              1744653159.4962394,             1744653159.4985561,           1744653159.502437 ,         1744653159.5030174,                  0.010801553726196289 , 0.0003910064697265625           ,                  0.01558995246887207  ,       0.026782512664794922 ,            0.006197690963745117 , 0.0005803108215332031     , -0.0044612884521484375          , 0.002316713333129883  ,       0.03157949447631836
       976,                    1744653159.6922646,                 1744653159.6985729,               1744653159.6990407,                   1744653159.7073357,              1744653159.7092834,             1744653159.7138247,           1744653159.7172263,         1744653159.7177188,                  0.014269828796386719 , 0.00036144256591796875          ,                  0.008820772171020508 ,       0.023452043533325195 ,            0.007942914962768555 , 0.0004925727844238281     , -0.0038940906524658203          , 0.0045413970947265625 ,       0.02775859832763672
       977,                    1744653159.7235909,                 1744653159.7328591,               1744653159.733285 ,                   1744653159.737657 ,              1744653159.7391446,             1744653159.7415807,           1744653159.7462783,         1744653159.7467341,                  0.0054302215576171875, 0.00044417381286621094          ,                  0.005997657775878906 ,       0.011872053146362305 ,            0.0071337223052978516, 0.0004558563232421875     , -0.0051534175872802734          , 0.0024361610412597656 ,       0.018885374069213867
       978,                    1744653159.759935 ,                 1744653159.768778 ,               1744653159.76924  ,                   1744653159.7757123,              1744653159.7773097,             1744653159.7801855,           1744653159.7851856,         1744653159.7856162,                  0.011661291122436523 , 0.00040650367736816406          ,                  0.015702009201049805 ,       0.027769804000854492 ,            0.007875919342041016 , 0.0004305839538574219     , -0.005430698394775391           , 0.002875804901123047  ,       0.03263354301452637
       979,                    1744653159.8749263,                 1744653159.8824306,               1744653159.8829982,                   1744653159.8946815,              1744653159.896788 ,             1744653159.904303 ,           1744653159.907757 ,         1744653159.9082406,                  0.008879661560058594 , 0.00046896934509277344          ,                  0.03835320472717285  ,       0.04770183563232422  ,            0.010969161987304688 , 0.00048351287841796875    , -0.003937482833862305           , 0.0075151920318603516 ,       0.05183124542236328
       980,                    1744653159.908213 ,                 1744653159.9152675,               1744653159.9156528,                   1744653159.9238026,              1744653159.9243243,             1744653159.9266152,           1744653159.930054 ,         1744653159.9304144,                  0.010221719741821289 , 0.0004448890686035156           ,                  0.011773109436035156 ,       0.02243971824645996  ,            0.00572967529296875  , 0.0003604888916015625     , -0.0037992000579833984          , 0.002290964126586914  ,       0.025634050369262695
       981,                    1744653160.000156 ,                 1744653160.0055606,               1744653160.0060441,                   1744653160.0109408,              1744653160.012084 ,             1744653160.0194461,           1744653160.032179 ,         1744653160.0326896,                  0.005120515823364258 , 0.0005240440368652344           ,                  0.015100717544555664 ,       0.020745277404785156 ,            0.020095109939575195 , 0.0005104541778564453     , -0.013243436813354492           , 0.0073621273040771484 ,       0.02611684799194336
       982,                    1744653160.039082 ,                 1744653160.0492706,               1744653160.0496478,                   1744653160.0694969,              1744653160.0706146,             1744653160.0740125,           1744653160.0801525,         1744653160.080528 ,                  0.011304378509521484 , 0.0004546642303466797           ,                  0.006719350814819336 ,       0.0184783935546875   ,            0.009537935256958008 , 0.00037550926208496094    , -0.0065155029296875             , 0.0033979415893554688 ,       0.024742603302001953
       984,                    1744653160.154009 ,                 1744653160.1643271,               1744653160.1648316,                   1744653160.1708605,              1744653160.1715276,             1744653160.177365 ,           1744653160.1809905,         1744653160.181505 ,                  0.00981760025024414  , 0.00037980079650878906          ,                  0.007279157638549805 ,       0.017476558685302734 ,            0.009462833404541016 , 0.0005145072937011719     , -0.004139900207519531           , 0.005837440490722656  ,       0.022844791412353516
       985,                    1744653160.235669 ,                 1744653160.2431467,               1744653160.2436855,                   1744653160.2504413,              1744653160.2534866,             1744653160.261353 ,           1744653160.2675622,         1744653160.2682126,                                       ,                                 ,                                       ,                            ,            0.014075517654418945 , 0.0006504058837890625     , -0.006859540939331055           , 0.007866382598876953  ,        
       986,                    1744653160.2927752,                 1744653160.3009276,               1744653160.3014498,                   1744653160.3145375,              1744653160.3186169,             1744653160.3266084,           1744653160.3315005,         1744653160.3320267,                                       ,                                 ,                                       ,                            ,            0.012883663177490234 , 0.0005261898040771484     , -0.005418300628662109           , 0.007991552352905273  ,        
       987,                    1744653160.37891  ,                 1744653160.384304 ,               1744653160.3847668,                   1744653160.3915746,              1744653160.3926208,             1744653160.399033 ,           1744653160.4037485,         1744653160.4041839,                                       ,                                 ,                                       ,                            ,            0.011127710342407227 , 0.0004353523254394531     , -0.005150794982910156           , 0.0064122676849365234 ,        
       988,                    1744653160.450878 ,                 1744653160.4616795,               1744653160.4620705,                   1744653160.4776604,              1744653160.4783213,             1744653160.4824574,           1744653160.4889512,         1744653160.489385 ,                                       ,                                 ,                                       ,                            ,            0.010629892349243164 , 0.0004336833953857422     , -0.006927490234375              , 0.004136085510253906  ,        
       990,                    1744653160.557339 ,                 1744653160.5716088,               1744653160.5719702,                   1744653160.580791 ,              1744653160.581524 ,             1744653160.5850976,           1744653160.590955 ,         1744653160.5912988,                                       ,                                 ,                                       ,                            ,            0.009431123733520508 , 0.0003437995910644531     , -0.006201267242431641           , 0.0035736560821533203 ,        
       991,                    1744653160.5957203,                 1744653160.6011505,               1744653160.6015947,                   1744653160.6075923,              1744653160.608363 ,             1744653160.6146057,           1744653160.6227908,         1744653160.6232548,                                       ,                                 ,                                       ,                            ,            0.014427900314331055 , 0.0004639625549316406     , -0.008649110794067383           , 0.0062427520751953125 ,        
       992,                    1744653160.6241214,                 1744653160.6357827,               1744653160.6361892,                   1744653160.6518912,              1744653160.6530118,             1744653160.656755 ,           1744653160.6684961,         1744653160.6692002,                                       ,                                 ,                                       ,                            ,            0.015484333038330078 , 0.0007040500640869141     , -0.012445211410522461           , 0.0037431716918945312 ,        
       994,                    1744653160.667685 ,                 1744653160.6765647,               1744653160.6770337,                   1744653160.7153869,              1744653160.7166488,             1744653160.7195163,           1744653160.724643 ,         1744653160.725135 ,                                       ,                                 ,                                       ,                            ,            0.00799417495727539  , 0.000492095947265625      , -0.0056188106536865234          , 0.002867460250854492  ,        
       996,                    1744653160.703947 ,                 1744653160.7141688,               1744653160.7146137,                   1744653160.7263868,              1744653160.7271285,             1744653160.729581 ,           1744653160.734044 ,         1744653160.7344046,                                       ,                                 ,                                       ,                            ,            0.006915569305419922 , 0.0003604888916015625     , -0.004823446273803711           , 0.0024526119232177734 ,        
       998,                    1744653160.77567  ,                 1744653160.7807906,               1744653160.7813146,                   1744653160.7964153,              1744653160.7980726,             1744653160.801787 ,           1744653160.8065362,         1744653160.8071067,                                       ,                                 ,                                       ,                            ,            0.008463621139526367 , 0.0005705356597900391     , -0.005319833755493164           , 0.003714323043823242  ,        
      1000,                    1744653160.8161004,                 1744653160.8274047,               1744653160.8278594,                   1744653160.8345788,              1744653160.8350203,             1744653160.840843 ,           1744653160.8560255,         1744653160.8564942,                                       ,                                 ,                                       ,                            ,            0.02100515365600586  , 0.0004687309265136719     , -0.015651226043701172           , 0.005822658538818359  ,        
      1001,                    1744653160.847701 ,                 1744653160.8575187,               1744653160.8578985,                   1744653160.8651776,              1744653160.8665042,             1744653160.8705459,           1744653160.8729935,         1744653160.8732698,                                       ,                                 ,                                       ,                            ,            0.006489276885986328 , 0.00027632713317871094    , -0.0027239322662353516          , 0.0040416717529296875 ,        
