gpu_type,model_name,num_servers,is_prefix_cached,benchmark_label,router_strategy,output_len,max_concurrency,with_warmup,max_conversations,num_prompts,duration,completed,request_throughput,input_throughput,output_throughput,mean_ttft_ms,median_ttft_ms,std_ttft_ms,p99_ttft_ms,mean_tpot_ms,median_tpot_ms,std_tpot_ms,p99_tpot_ms,mean_itl_ms,median_itl_ms,std_itl_ms,p99_itl_ms,mean_e2e_latency_ms,median_e2e_latency_ms
L4,Qwen/Qwen2.5-1.5B-Instruct,1,True,1-gpu_1-concurrency,prefix_aware,32,1,True,1000,100,50.4722,100,1.9813,1723.4833,63.4012,60.9442,44.8764,34.9937,141.1322,14.2953,14.2751,0.0904,14.4893,14.326,14.2409,0.9889,15.0226,504.0975,488.7816
L4,Qwen/Qwen2.5-1.5B-Instruct,1,True,1-gpu_1-concurrency,random,32,1,True,1000,100,50.7247,100,1.9714,1714.9034,63.0856,62.1978,45.5028,35.8398,143.2564,14.337,14.3185,0.088,14.5266,14.3677,14.2802,1.0083,15.2242,506.6455,491.4518
L4,Qwen/Qwen2.5-1.5B-Instruct,1,True,1-gpu_1-concurrency,round_robin,32,1,True,1000,100,50.8938,100,1.9649,1709.2061,62.876,62.9736,45.0596,36.9114,145.7287,14.3659,14.3495,0.0885,14.5492,14.3965,14.3098,1.009,15.2629,508.3168,490.7775
L4,Qwen/Qwen2.5-1.5B-Instruct,1,True,1-gpu_1-concurrency_with-warmup,prefix_aware,32,1,True,1000,100,47.3263,100,2.113,1838.0489,67.6157,31.7124,31.1098,2.548,38.9126,14.2223,14.1957,0.0721,14.406,14.2522,14.2042,0.9695,14.7342,472.6026,471.0967
L4,Qwen/Qwen2.5-1.5B-Instruct,1,True,1-gpu_1-concurrency_with-warmup,random,32,1,True,1000,100,47.3302,100,2.1128,1837.8961,67.6101,31.0975,30.5038,1.9844,36.6388,14.2447,14.2178,0.0731,14.4212,14.2745,14.2121,0.9856,14.909,472.6829,471.2623
L4,Qwen/Qwen2.5-1.5B-Instruct,1,True,1-gpu_1-concurrency_with-warmup,round_robin,32,1,True,1000,100,47.6316,100,2.0994,1826.2666,67.1823,31.5116,31.0093,2.0531,36.6272,14.3282,14.3045,0.0712,14.509,14.3587,14.2993,1.0045,14.9659,475.6849,474.477
L4,Qwen/Qwen2.5-1.5B-Instruct,4,True,4-gpus_4-concurrency,prefix_aware,32,4,True,1000,400,51.5073,400,7.7659,6868.6565,248.5084,53.0579,39.0347,38.4823,182.1785,14.8277,14.5612,0.9547,18.2666,14.8695,14.3265,5.2353,28.058,512.7155,498.1331
L4,Qwen/Qwen2.5-1.5B-Instruct,4,True,4-gpus_4-concurrency,random,32,4,True,1000,400,54.8387,400,7.2941,6451.3882,233.4116,67.6711,52.7582,40.8638,223.669,15.4591,14.8586,1.6007,20.4468,15.5078,14.4216,7.7331,46.0353,546.9036,534.7192
L4,Qwen/Qwen2.5-1.5B-Instruct,4,True,4-gpus_4-concurrency,round_robin,32,4,True,1000,400,50.8668,400,7.8637,6955.1438,251.6375,61.8043,53.3005,33.8114,142.3631,14.3362,14.2513,0.4409,16.7487,14.3839,14.2109,3.0413,20.4621,506.2264,493.4951
L4,Qwen/Qwen2.5-1.5B-Instruct,4,True,4-gpu_4-concurrency_with-warmup,prefix_aware,32,4,True,1000,400,49.0841,400,8.1493,7207.7464,260.7767,36.2342,34.0512,9.1602,75.6962,14.6149,14.5322,0.4776,15.7563,14.6559,14.3229,2.7488,25.9308,489.2956,488.1913
L4,Qwen/Qwen2.5-1.5B-Instruct,4,True,4-gpu_4-concurrency_with-warmup,random,32,4,True,1000,400,51.8262,400,7.7181,6826.39,246.9792,48.3096,37.7998,27.8472,152.3718,15.0762,14.8545,1.0269,18.6903,15.1239,14.4342,4.9581,29.0504,515.6707,501.9267
L4,Qwen/Qwen2.5-1.5B-Instruct,4,True,4-gpu_4-concurrency_with-warmup,round_robin,32,4,True,1000,400,49.3596,400,8.1038,7167.5226,259.3214,47.2064,34.8297,27.3709,144.9352,14.3599,14.2897,0.3931,15.7992,14.4011,14.2669,2.9628,20.626,492.363,477.8235
L4,Qwen/Qwen2.5-1.5B-Instruct,1,True,1-gpu_10-concurrency,prefix_aware,32,10,False,1000,1000,72.576,1000,13.7787,12326.484,440.9171,201.6508,160.4041,124.2391,634.1507,16.7798,16.3096,1.9395,25.0375,16.7955,16.0953,11.014,27.0981,721.8256,671.2443
L4,Qwen/Qwen2.5-1.5B-Instruct,1,True,1-gpu_10-concurrency,random,32,10,False,1000,1000,71.918,1000,13.9047,12439.264,444.9512,197.5515,151.608,128.0151,645.2515,16.6925,16.3074,1.7825,24.4714,16.706,16.0708,10.1325,27.7352,715.0193,670.1444
L4,Qwen/Qwen2.5-1.5B-Instruct,1,True,1-gpu_10-concurrency,round_robin,32,10,False,1000,1000,71.2018,1000,14.0446,12564.3845,449.4267,192.2966,147.8535,116.5133,595.4691,16.6495,16.2274,1.8788,26.1514,16.6663,16.0314,10.8455,27.1243,708.4298,661.8436
L4,Qwen/Qwen2.5-1.5B-Instruct,1,True,1-gpu_10-concurrency_with-warmup,prefix_aware,32,10,True,1000,1000,64.5206,1000,15.4989,13865.4515,495.9658,137.3904,124.9261,39.5514,225.5511,16.2326,16.1801,0.3631,17.4554,16.2487,16.0334,2.0664,23.6368,640.6016,625.0018
L4,Qwen/Qwen2.5-1.5B-Instruct,1,True,1-gpu_10-concurrency_with-warmup,random,32,10,True,1000,1000,64.6562,1000,15.4664,13836.3607,494.9252,133.3023,122.2212,42.1529,248.4308,16.376,16.3553,0.4332,17.3963,16.3899,16.0915,2.6695,26.8107,640.9596,631.6996
L4,Qwen/Qwen2.5-1.5B-Instruct,1,True,1-gpu_10-concurrency_with-warmup,round_robin,32,10,True,1000,1000,63.8497,1000,15.6618,14011.1379,501.177,128.1067,119.3963,30.4712,207.7878,16.3303,16.2885,0.4022,17.633,16.3459,16.0882,2.3299,25.4941,634.3469,627.4182
L4,Qwen/Qwen2.5-1.5B-Instruct,4,True,4-gpu_40-concurrency,prefix_aware,32,40,False,1000,4000,76.6653,4000,52.1748,46675.9813,1669.595,135.7834,71.2326,156.7408,690.3497,20.1288,19.6807,3.496,32.3692,20.1749,16.2959,26.4166,89.8862,759.7773,712.8103
L4,Qwen/Qwen2.5-1.5B-Instruct,4,True,4-gpu_40-concurrency,random,32,40,False,1000,4000,83.7428,4000,47.7653,42731.1735,1528.4897,151.4196,81.9583,168.1569,728.5971,21.9157,20.678,5.2959,41.4876,21.9654,16.5931,30.9969,131.7953,830.8065,769.241
L4,Qwen/Qwen2.5-1.5B-Instruct,4,True,4-gpu_40-concurrency,round_robin,32,40,False,1000,4000,81.3325,4000,49.1808,43997.4945,1573.7858,136.3024,63.2933,166.0037,758.4827,21.6396,20.6938,4.3536,36.9192,21.6897,16.6712,28.3917,118.4508,807.13,734.8104
L4,Qwen/Qwen2.5-1.5B-Instruct,4,True,4-gpu_40-concurrency_with-warmup,prefix_aware,32,40,True,1000,4000,75.5405,4000,52.9518,47371.0162,1694.4564,138.3306,68.4114,155.1091,696.7818,19.7227,19.4508,3.0741,31.1373,19.7578,16.2351,25.9594,82.8934,749.7357,705.6303
L4,Qwen/Qwen2.5-1.5B-Instruct,4,True,4-gpu_40-concurrency_with-warmup,random,32,40,True,1000,4000,75.477,4000,52.9963,47410.8191,1695.8801,123.2196,67.1623,139.5985,687.7236,20.1794,19.9332,3.1589,30.7221,20.2248,16.5474,24.4266,91.2542,748.7795,716.4816
L4,Qwen/Qwen2.5-1.5B-Instruct,4,True,4-gpu_40-concurrency_with-warmup,round_robin,32,40,True,1000,4000,77.9234,4000,51.3325,45922.3884,1642.6391,133.6008,59.1316,147.9543,637.5528,20.5839,20.539,2.8877,30.4097,20.6288,16.6156,24.9964,84.1014,771.7026,726.7645
gpu_type,model_name,num_servers,is_prefix_cached,benchmark_label,router_strategy,output_len,max_concurrency,with_warmup,max_conversations,num_prompts,duration,completed,request_throughput,input_throughput,output_throughput,mean_ttft_ms,median_ttft_ms,std_ttft_ms,p99_ttft_ms,mean_tpot_ms,median_tpot_ms,std_tpot_ms,p99_tpot_ms,mean_itl_ms,median_itl_ms,std_itl_ms,p99_itl_ms,mean_e2e_latency_ms,median_e2e_latency_ms
L4,Qwen/Qwen2.5-1.5B-Instruct,1,True,1-gpu_1-concurrency,prefix_aware,32,1,False,100,100,47.8229,100,2.091,1975.1825,66.9135,37.6986,31.841,14.1045,89.0079,14.1897,14.152,0.0929,14.4537,14.1972,14.151,0.4647,14.7974,477.58,470.5775
L4,Qwen/Qwen2.5-1.5B-Instruct,1,True,1-gpu_1-concurrency,random,32,1,False,100,100,48.0295,100,2.0821,1966.6865,66.6257,38.1242,32.2376,15.0951,94.5221,14.2422,14.2115,0.09,14.4783,14.2494,14.1969,0.4961,14.9154,479.6323,472.6021
L4,Qwen/Qwen2.5-1.5B-Instruct,1,True,1-gpu_1-concurrency,round_robin,32,1,False,100,100,48.1595,100,2.0764,1961.3794,66.4459,38.2548,31.5112,15.5603,94.0854,14.2801,14.2469,0.0842,14.5247,14.287,14.242,0.5175,15.0098,480.9387,473.8902
gpu_type,model_name,num_servers,is_prefix_cached,benchmark_label,router_strategy,output_len,max_concurrency,with_warmup,max_conversations,num_prompts,duration,completed,request_throughput,input_throughput,output_throughput,mean_ttft_ms,median_ttft_ms,std_ttft_ms,p99_ttft_ms,mean_tpot_ms,median_tpot_ms,std_tpot_ms,p99_tpot_ms,mean_itl_ms,median_itl_ms,std_itl_ms,p99_itl_ms,mean_e2e_latency_ms,median_e2e_latency_ms
L4,Qwen/Qwen2.5-1.5B-Instruct,1,True,1-gpu_1-concurrency_with-warmup,prefix_aware,32,1,True,100,100,47.5845,100,2.1015,1985.0783,67.2488,32.1845,31.8397,2.7762,41.1285,14.2907,14.2652,0.0698,14.4849,14.2976,14.2554,0.5307,14.9654,475.197,473.7024
L4,Qwen/Qwen2.5-1.5B-Instruct,1,True,1-gpu_1-concurrency_with-warmup,random,32,1,True,100,100,47.7369,100,2.0948,1978.743,67.0341,32.3642,31.7992,2.6904,40.0636,14.3339,14.3101,0.0727,14.5311,14.341,14.3133,0.4862,14.9175,476.7159,475.2577
L4,Qwen/Qwen2.5-1.5B-Instruct,1,True,1-gpu_1-concurrency_with-warmup,round_robin,32,1,True,100,100,47.4012,100,2.1096,1992.7534,67.5088,31.6285,30.8902,2.183,37.2678,14.2492,14.2171,0.0764,14.4826,14.2561,14.2248,0.4629,14.7501,473.3526,471.9402
gpu_type,model_name,num_servers,is_prefix_cached,benchmark_label,router_strategy,output_len,max_concurrency,with_warmup,max_conversations,num_prompts,duration,completed,request_throughput,input_throughput,output_throughput,mean_ttft_ms,median_ttft_ms,std_ttft_ms,p99_ttft_ms,mean_tpot_ms,median_tpot_ms,std_tpot_ms,p99_tpot_ms,mean_itl_ms,median_itl_ms,std_itl_ms,p99_itl_ms,mean_e2e_latency_ms,median_e2e_latency_ms
L4,Qwen/Qwen2.5-1.5B-Instruct,4,True,4-gpus_4-concurrency,prefix_aware,32,4,False,400,400,50.3727,400,7.9408,7012.4318,254.106,42.15,35.7979,19.4557,119.9422,14.8119,14.6414,0.7948,17.2599,14.8588,14.3454,4.3442,27.6593,501.3197,494.1886
L4,Qwen/Qwen2.5-1.5B-Instruct,4,True,4-gpus_4-concurrency,random,32,4,False,400,400,52.9356,400,7.5564,6672.9197,241.8033,55.9853,41.8821,34.3619,163.8335,15.1981,14.7163,1.5014,21.0765,15.2446,14.399,7.5251,32.5948,527.1271,510.0084
L4,Qwen/Qwen2.5-1.5B-Instruct,4,True,4-gpus_4-concurrency,round_robin,32,4,False,400,400,49.4614,400,8.0871,7141.633,258.7878,50.0342,35.7387,29.194,147.0288,14.2708,14.242,0.2464,15.2558,14.3153,14.209,2.6256,20.2071,492.4304,477.8712
gpu_type,model_name,num_servers,is_prefix_cached,benchmark_label,router_strategy,output_len,max_concurrency,with_warmup,max_conversations,num_prompts,duration,completed,request_throughput,input_throughput,output_throughput,mean_ttft_ms,median_ttft_ms,std_ttft_ms,p99_ttft_ms,mean_tpot_ms,median_tpot_ms,std_tpot_ms,p99_tpot_ms,mean_itl_ms,median_itl_ms,std_itl_ms,p99_itl_ms,mean_e2e_latency_ms,median_e2e_latency_ms
L4,Qwen/Qwen2.5-1.5B-Instruct,4,True,4-gpus_4-concurrency_with-warmup,prefix_aware,32,4,True,400,400,49.7418,400,8.0415,7101.3763,257.329,36.3497,33.4298,10.2259,84.5621,14.7847,14.7712,0.5259,16.0423,14.8311,14.4122,2.9827,26.7304,494.6755,491.5092
L4,Qwen/Qwen2.5-1.5B-Instruct,4,True,4-gpus_4-concurrency_with-warmup,random,32,4,True,400,400,50.425,400,7.9326,7005.1495,253.8421,40.3423,35.9239,15.716,109.1179,14.8683,14.7592,0.6251,17.1106,14.9122,14.4424,3.4287,27.2305,501.2603,496.3611
L4,Qwen/Qwen2.5-1.5B-Instruct,4,True,4-gpus_4-concurrency_with-warmup,round_robin,32,4,True,400,400,48.4059,400,8.2635,7297.3617,264.4308,37.6383,31.6425,15.6218,111.0608,14.3303,14.2855,0.2303,15.2753,14.3743,14.2712,2.44,20.143,481.8778,474.9012
gpu_type,model_name,num_servers,is_prefix_cached,benchmark_label,router_strategy,output_len,max_concurrency,with_warmup,max_conversations,num_prompts,duration,completed,request_throughput,input_throughput,output_throughput,mean_ttft_ms,median_ttft_ms,std_ttft_ms,p99_ttft_ms,mean_tpot_ms,median_tpot_ms,std_tpot_ms,p99_tpot_ms,mean_itl_ms,median_itl_ms,std_itl_ms,p99_itl_ms,mean_e2e_latency_ms,median_e2e_latency_ms
L4,Qwen/Qwen2.5-1.5B-Instruct,1,True,1-gpu_10-concurrency,prefix_aware,32,10,False,1000,1000,72.576,1000,13.7787,12326.484,440.9171,201.6508,160.4041,124.2391,634.1507,16.7798,16.3096,1.9395,25.0375,16.7955,16.0953,11.014,27.0981,721.8256,671.2443
L4,Qwen/Qwen2.5-1.5B-Instruct,1,True,1-gpu_10-concurrency,random,32,10,False,1000,1000,71.918,1000,13.9047,12439.264,444.9512,197.5515,151.608,128.0151,645.2515,16.6925,16.3074,1.7825,24.4714,16.706,16.0708,10.1325,27.7352,715.0193,670.1444
L4,Qwen/Qwen2.5-1.5B-Instruct,1,True,1-gpu_10-concurrency,round_robin,32,10,False,1000,1000,71.2018,1000,14.0446,12564.3845,449.4267,192.2966,147.8535,116.5133,595.4691,16.6495,16.2274,1.8788,26.1514,16.6663,16.0314,10.8455,27.1243,708.4298,661.8436
gpu_type,model_name,num_servers,is_prefix_cached,benchmark_label,router_strategy,output_len,max_concurrency,with_warmup,max_conversations,num_prompts,duration,completed,request_throughput,input_throughput,output_throughput,mean_ttft_ms,median_ttft_ms,std_ttft_ms,p99_ttft_ms,mean_tpot_ms,median_tpot_ms,std_tpot_ms,p99_tpot_ms,mean_itl_ms,median_itl_ms,std_itl_ms,p99_itl_ms,mean_e2e_latency_ms,median_e2e_latency_ms
L4,Qwen/Qwen2.5-1.5B-Instruct,1,True,1-gpu_10-concurrency_with-warmup,prefix_aware,32,10,True,1000,1000,64.5206,1000,15.4989,13865.4515,495.9658,137.3904,124.9261,39.5514,225.5511,16.2326,16.1801,0.3631,17.4554,16.2487,16.0334,2.0664,23.6368,640.6016,625.0018
L4,Qwen/Qwen2.5-1.5B-Instruct,1,True,1-gpu_10-concurrency_with-warmup,random,32,10,True,1000,1000,64.6562,1000,15.4664,13836.3607,494.9252,133.3023,122.2212,42.1529,248.4308,16.376,16.3553,0.4332,17.3963,16.3899,16.0915,2.6695,26.8107,640.9596,631.6996
L4,Qwen/Qwen2.5-1.5B-Instruct,1,True,1-gpu_10-concurrency_with-warmup,round_robin,32,10,True,1000,1000,63.8497,1000,15.6618,14011.1379,501.177,128.1067,119.3963,30.4712,207.7878,16.3303,16.2885,0.4022,17.633,16.3459,16.0882,2.3299,25.4941,634.3469,627.4182
gpu_type,model_name,num_servers,is_prefix_cached,benchmark_label,router_strategy,output_len,max_concurrency,with_warmup,max_conversations,num_prompts,duration,completed,request_throughput,input_throughput,output_throughput,mean_ttft_ms,median_ttft_ms,std_ttft_ms,p99_ttft_ms,mean_tpot_ms,median_tpot_ms,std_tpot_ms,p99_tpot_ms,mean_itl_ms,median_itl_ms,std_itl_ms,p99_itl_ms,mean_e2e_latency_ms,median_e2e_latency_ms
L4,Qwen/Qwen2.5-1.5B-Instruct,4,True,4-gpus_40-concurrency,prefix_aware,32,40,False,4000,4000,83.2483,4000,48.049,44832.5873,1537.5688,150.2216,80.4511,163.1232,654.4074,21.7852,20.8659,4.7971,37.2436,21.8182,16.5821,30.9828,133.7712,825.5621,769.7219
L4,Qwen/Qwen2.5-1.5B-Instruct,4,True,4-gpus_40-concurrency,random,32,40,False,4000,4000,98.6677,4000,40.5401,37826.3122,1297.2831,188.9324,131.1959,173.5162,762.3509,25.5306,23.6704,7.8216,50.9673,25.5677,16.7129,41.3587,216.3342,980.3811,911.7196
L4,Qwen/Qwen2.5-1.5B-Instruct,4,True,4-gpus_40-concurrency,round_robin,32,40,False,4000,4000,96.4044,4000,41.4919,38714.4031,1327.7409,151.1961,83.7898,171.337,883.2231,26.0152,24.8924,6.2603,43.8059,26.0582,17.0774,35.3815,183.7554,957.6669,913.5387
gpu_type,model_name,num_servers,is_prefix_cached,benchmark_label,router_strategy,output_len,max_concurrency,with_warmup,max_conversations,num_prompts,duration,completed,request_throughput,input_throughput,output_throughput,mean_ttft_ms,median_ttft_ms,std_ttft_ms,p99_ttft_ms,mean_tpot_ms,median_tpot_ms,std_tpot_ms,p99_tpot_ms,mean_itl_ms,median_itl_ms,std_itl_ms,p99_itl_ms,mean_e2e_latency_ms,median_e2e_latency_ms
L4,Qwen/Qwen2.5-1.5B-Instruct,4,True,4-gpus_40-concurrency_with-warmup,prefix_aware,32,40,True,4000,4000,77.325,4000,51.7297,48266.867,1655.3501,139.0857,68.5136,156.9342,675.3028,20.2473,19.8873,3.6079,34.4721,20.2769,16.5731,28.9671,78.1851,766.7521,720.3439
L4,Qwen/Qwen2.5-1.5B-Instruct,4,True,4-gpus_40-concurrency_with-warmup,random,32,40,True,4000,4000,80.1815,4000,49.8868,46547.3562,1596.3781,130.3947,74.5368,133.6613,609.3106,21.4289,20.8333,3.8761,32.7648,21.4589,16.7525,27.6806,106.3958,794.6892,757.9717
L4,Qwen/Qwen2.5-1.5B-Instruct,4,True,4-gpus_40-concurrency_with-warmup,round_robin,32,40,True,4000,4000,81.0699,4000,49.3401,46037.2713,1578.8844,125.889,59.383,145.9426,665.8701,21.8974,21.5711,3.4348,31.9591,21.9332,16.8911,26.412,111.2448,804.709,766.9544
gpu_type,model_name,num_servers,is_prefix_cached,benchmark_label,router_strategy,output_len,max_concurrency,with_warmup,max_conversations,num_prompts,duration,completed,request_throughput,input_throughput,output_throughput,mean_ttft_ms,median_ttft_ms,std_ttft_ms,p99_ttft_ms,mean_tpot_ms,median_tpot_ms,std_tpot_ms,p99_tpot_ms,mean_itl_ms,median_itl_ms,std_itl_ms,p99_itl_ms,mean_e2e_latency_ms,median_e2e_latency_ms
L4,Qwen/Qwen2.5-1.5B-Instruct,4,True,long-conversations_4-gpus_40-concurrency,prefix_aware,32,40,False,10000,1000,29.9916,1000,33.3427,59333.2277,1066.9657,275.9632,172.305,325.8744,1747.6525,29.3961,28.8492,8.2352,50.0117,29.3979,17.4739,47.7841,242.3486,1187.241,1088.9763
L4,Qwen/Qwen2.5-1.5B-Instruct,4,True,long-conversations_4-gpus_40-concurrency,random,32,40,False,10000,1000,41.9416,1000,23.8427,42427.9794,762.9654,479.0548,344.6644,419.7569,1992.506,37.6734,34.1129,16.7351,98.1453,37.673,17.6684,100.3462,509.9087,1646.9303,1528.8252
L4,Qwen/Qwen2.5-1.5B-Instruct,4,True,long-conversations_4-gpus_40-concurrency,round_robin,32,40,False,10000,1000,39.17,1000,25.5297,45430.1183,816.9516,334.7365,200.0345,368.4319,1942.8941,39.26,39.4708,11.5378,66.3914,39.2554,17.6557,74.4854,398.2753,1551.7974,1509.8468
gpu_type,model_name,num_servers,is_prefix_cached,benchmark_label,router_strategy,output_len,max_concurrency,with_warmup,max_conversations,num_prompts,duration,completed,request_throughput,input_throughput,output_throughput,mean_ttft_ms,median_ttft_ms,std_ttft_ms,p99_ttft_ms,mean_tpot_ms,median_tpot_ms,std_tpot_ms,p99_tpot_ms,mean_itl_ms,median_itl_ms,std_itl_ms,p99_itl_ms,mean_e2e_latency_ms,median_e2e_latency_ms
L4,Qwen/Qwen2.5-1.5B-Instruct,4,True,long-conversations_4-gpus_40-concurrency_with-warmup,prefix_aware,32,40,True,10000,1000,23.6824,1000,42.2255,75140.1416,1351.2151,244.1556,129.2396,255.0923,1027.6582,22.2664,22.1683,4.6464,33.5672,22.2596,17.2915,30.9337,153.3337,934.4135,887.8732
L4,Qwen/Qwen2.5-1.5B-Instruct,4,True,long-conversations_4-gpus_40-concurrency_with-warmup,random,32,40,True,10000,1000,30.5464,1000,32.737,58255.5118,1047.5855,278.5488,201.6869,248.0221,1341.8858,29.8668,28.1849,10.2915,74.8774,29.862,17.6958,57.9254,282.868,1204.4208,1114.7134
L4,Qwen/Qwen2.5-1.5B-Instruct,4,True,long-conversations_4-gpus_40-concurrency_with-warmup,round_robin,32,40,True,10000,1000,31.1321,1000,32.1212,57159.6402,1027.8789,226.5569,153.1206,220.9948,918.5948,31.9753,31.0104,9.1808,54.8076,31.9765,17.6644,52.4242,275.5847,1217.7917,1180.6666
gpu_type,model_name,num_servers,is_prefix_cached,benchmark_label,router_strategy,output_len,max_concurrency,with_warmup,max_conversations,num_prompts,duration,completed,request_throughput,input_throughput,output_throughput,mean_ttft_ms,median_ttft_ms,std_ttft_ms,p99_ttft_ms,mean_tpot_ms,median_tpot_ms,std_tpot_ms,p99_tpot_ms,mean_itl_ms,median_itl_ms,std_itl_ms,p99_itl_ms,mean_e2e_latency_ms,median_e2e_latency_ms
L4,Qwen/Qwen2.5-1.5B-Instruct,1,True,long-conversations_1-gpu_1-concurrency,prefix_aware,32,1,False,2000,100,53.2701,100,1.8772,3339.942,60.0712,85.066,107.1093,45.1007,153.9286,14.419,14.4114,0.0593,14.5652,14.4118,14.3781,0.2947,15.2159,532.0546,553.8808
L4,Qwen/Qwen2.5-1.5B-Instruct,1,True,long-conversations_1-gpu_1-concurrency,random,32,1,False,2000,100,53.6161,100,1.8651,3318.3876,59.6836,87.2822,109.4747,47.2651,160.2481,14.4595,14.4551,0.0588,14.5878,14.4518,14.4179,0.309,15.2882,535.5262,556.6621
L4,Qwen/Qwen2.5-1.5B-Instruct,1,True,long-conversations_1-gpu_1-concurrency,round_robin,32,1,False,2000,100,53.7794,100,1.8594,3308.3139,59.5024,88.1246,110.9017,47.7974,161.1126,14.4843,14.4855,0.0637,14.6329,14.477,14.4318,0.2786,15.304,537.139,558.8217
gpu_type,model_name,num_servers,is_prefix_cached,benchmark_label,router_strategy,output_len,max_concurrency,with_warmup,max_conversations,num_prompts,duration,completed,request_throughput,input_throughput,output_throughput,mean_ttft_ms,median_ttft_ms,std_ttft_ms,p99_ttft_ms,mean_tpot_ms,median_tpot_ms,std_tpot_ms,p99_tpot_ms,mean_itl_ms,median_itl_ms,std_itl_ms,p99_itl_ms,mean_e2e_latency_ms,median_e2e_latency_ms
L4,Qwen/Qwen2.5-1.5B-Instruct,1,True,long-conversations_1-gpu_1-concurrency_with-warmup,prefix_aware,32,1,True,2000,100,48.4392,100,2.0644,3673.0378,66.0622,35.2015,34.4624,2.3723,42.916,14.4688,14.4676,0.0533,14.5643,14.4616,14.4476,0.2489,15.1452,483.7355,483.4454
L4,Qwen/Qwen2.5-1.5B-Instruct,1,True,long-conversations_1-gpu_1-concurrency_with-warmup,random,32,1,True,2000,100,48.144,100,2.0771,3695.5572,66.4672,34.4531,33.9622,2.0125,38.6996,14.3989,14.3953,0.0428,14.5003,14.3925,14.3794,0.1748,14.9877,480.818,480.6954
L4,Qwen/Qwen2.5-1.5B-Instruct,1,True,long-conversations_1-gpu_1-concurrency_with-warmup,round_robin,32,1,True,2000,100,48.4548,100,2.0638,3671.8538,66.0409,35.149,35.013,2.2663,40.9319,14.4764,14.4682,0.0466,14.572,14.4699,14.4598,0.1497,15.0741,483.918,483.7989
gpu_type,model_name,num_servers,is_prefix_cached,benchmark_label,router_strategy,output_len,max_concurrency,with_warmup,max_conversations,num_prompts,duration,completed,request_throughput,input_throughput,output_throughput,mean_ttft_ms,median_ttft_ms,std_ttft_ms,p99_ttft_ms,mean_tpot_ms,median_tpot_ms,std_tpot_ms,p99_tpot_ms,mean_itl_ms,median_itl_ms,std_itl_ms,p99_itl_ms,mean_e2e_latency_ms,median_e2e_latency_ms
L4,Qwen/Qwen2.5-1.5B-Instruct,4,True,custom-prefix-router_long-conversations_4-gpu_40-concurrency,prefix_aware,32,40,False,10000,1000,30.8033,1000,32.464,57769.6838,1038.8491,308.9565,182.1753,351.9632,1927.8209,29.1983,28.2604,7.9166,48.0601,29.1775,17.3934,49.0451,241.9267,1214.1053,1131.2948
L4,Qwen/Qwen2.5-1.5B-Instruct,4,True,custom-prefix-router_long-conversations_4-gpu_40-concurrency,random,32,40,False,10000,1000,41.6052,1000,24.0355,42771.044,769.1346,443.7324,336.7736,380.2545,1999.1855,38.8755,34.9109,17.1248,89.3898,38.8779,17.5835,91.3783,454.9187,1648.8723,1490.0004
L4,Qwen/Qwen2.5-1.5B-Instruct,4,True,custom-prefix-router_long-conversations_4-gpu_40-concurrency,round_robin,32,40,False,10000,1000,39.1319,1000,25.5546,45474.3706,817.7474,325.4185,178.701,378.5154,1983.1415,39.4322,39.018,12.031,71.6402,39.4341,17.8442,68.669,365.6732,1547.8153,1468.7794
gpu_type,model_name,num_servers,is_prefix_cached,benchmark_label,router_strategy,output_len,max_concurrency,with_warmup,max_conversations,num_prompts,duration,completed,request_throughput,input_throughput,output_throughput,mean_ttft_ms,median_ttft_ms,std_ttft_ms,p99_ttft_ms,mean_tpot_ms,median_tpot_ms,std_tpot_ms,p99_tpot_ms,mean_itl_ms,median_itl_ms,std_itl_ms,p99_itl_ms,mean_e2e_latency_ms,median_e2e_latency_ms
L4,Qwen/Qwen2.5-1.5B-Instruct,4,True,custom-prefix-router_long-conversations_4-gpu_40-concurrency_with-warmup,prefix_aware,32,40,True,10000,1000,23.7015,1000,42.1914,75079.5284,1350.1251,238.715,151.5912,228.1304,940.3244,22.2511,21.9061,4.2343,31.4146,22.2283,17.1623,31.0943,151.157,928.4995,890.343
L4,Qwen/Qwen2.5-1.5B-Instruct,4,True,custom-prefix-router_long-conversations_4-gpu_40-concurrency_with-warmup,random,32,40,True,10000,1000,30.0854,1000,33.2388,59148.3029,1063.6402,280.3717,190.415,309.3078,1948.3556,29.253,27.992,9.3777,57.919,29.2506,17.8585,51.4411,275.8927,1187.2148,1114.1435
L4,Qwen/Qwen2.5-1.5B-Instruct,4,True,custom-prefix-router_long-conversations_4-gpu_40-concurrency_with-warmup,round_robin,32,40,True,10000,1000,30.7459,1000,32.5246,57877.5417,1040.7887,235.0156,143.0854,275.5734,1278.4023,31.4025,30.3159,9.3522,53.8932,31.4051,17.7017,51.1312,296.3626,1208.4929,1143.3159
gpu_type,model_name,num_servers,is_prefix_cached,benchmark_label,scheduler_strategy,output_len,max_concurrency,with_warmup,max_conversations,num_prompts,duration,completed,request_throughput,input_throughput,output_throughput,mean_ttft_ms,median_ttft_ms,std_ttft_ms,p99_ttft_ms,mean_tpot_ms,median_tpot_ms,std_tpot_ms,p99_tpot_ms,mean_itl_ms,median_itl_ms,std_itl_ms,p99_itl_ms,mean_e2e_latency_ms,median_e2e_latency_ms
L4,Qwen/Qwen2.5-1.5B-Instruct,4,True,4-gpu_40-concurrency,prefix_aware,32,40,False,100,100,5.6867,100,17.5849,31934.9833,562.7155,1307.8899,1230.5665,569.1268,2501.7263,21.106,20.0036,6.0853,44.5593,20.4293,6.4303,40.4311,104.3638,1962.1747,1863.9567
L4,Qwen/Qwen2.5-1.5B-Instruct,4,True,4-gpu_40-concurrency,pow_of_2,32,40,False,100,100,4.4622,100,22.4105,40698.5448,717.1352,896.3323,824.0786,540.9417,2351.0161,21.4347,21.8191,3.5787,29.7364,20.847,7.9992,29.8531,107.5595,1560.8074,1375.0312
gpu_type,model_name,num_servers,is_prefix_cached,benchmark_label,scheduler_strategy,output_len,max_concurrency,with_warmup,max_conversations,num_prompts,duration,completed,request_throughput,input_throughput,output_throughput,mean_ttft_ms,median_ttft_ms,std_ttft_ms,p99_ttft_ms,mean_tpot_ms,median_tpot_ms,std_tpot_ms,p99_tpot_ms,mean_itl_ms,median_itl_ms,std_itl_ms,p99_itl_ms,mean_e2e_latency_ms,median_e2e_latency_ms
L4,Qwen/Qwen2.5-1.5B-Instruct,4,True,4-gpu_40-concurrency,prefix_aware,32,40,False,10,10,0.6479,10,15.4345,11273.3585,493.904,164.7625,165.0102,3.7043,170.6846,15.3547,15.356,0.06,15.4396,15.1788,2.0972,21.2233,53.2122,640.7589,641.0802
L4,Qwen/Qwen2.5-1.5B-Instruct,4,True,4-gpu_40-concurrency,pow_of_2,32,40,False,10,10,0.6544,10,15.2818,11161.8171,489.0172,167.3049,165.2707,3.4167,173.6186,15.4793,15.5154,0.0921,15.5631,15.3662,1.5807,21.6446,52.789,647.164,646.489
L4,Qwen/Qwen2.5-1.5B-Instruct,4,True,4-gpu_40-concurrency,round_robin,32,40,False,10,10,0.6832,10,14.6378,10691.4739,468.4107,160.6738,160.1383,6.3844,169.6347,16.6365,16.6814,0.4846,17.08,15.9797,1.4849,21.7856,50.9567,676.4056,680.883
gpu_type,model_name,num_servers,is_prefix_cached,benchmark_label,scheduler_strategy,output_len,max_concurrency,with_warmup,max_conversations,num_prompts,duration,completed,request_throughput,input_throughput,output_throughput,mean_ttft_ms,median_ttft_ms,std_ttft_ms,p99_ttft_ms,mean_tpot_ms,median_tpot_ms,std_tpot_ms,p99_tpot_ms,mean_itl_ms,median_itl_ms,std_itl_ms,p99_itl_ms,mean_e2e_latency_ms,median_e2e_latency_ms


gpu_type,model_name,num_servers,is_prefix_cached,benchmark_label,scheduler_strategy,output_len,max_concurrency,with_warmup,max_conversations,num_prompts,duration,completed,request_throughput,input_throughput,output_throughput,mean_ttft_ms,median_ttft_ms,std_ttft_ms,p99_ttft_ms,mean_tpot_ms,median_tpot_ms,std_tpot_ms,p99_tpot_ms,mean_itl_ms,median_itl_ms,std_itl_ms,p99_itl_ms,mean_e2e_latency_ms,median_e2e_latency_ms

random:
L4,Qwen/Qwen2.5-1.5B-Instruct,4,True,serve-long-conversations_4-gpu_40-concurrency,random,32,40,False,10000,1000,38.4199,1000,26.0282,46317.044,832.9009,441.8512,379.5699,268.9445,1400.5788,34.8128,32.4516,12.9243,69.7398,34.3548,12.3646,84.6402,440.1272,1521.0478,1491.4209
L4,Qwen/Qwen2.5-1.5B-Instruct,4,True,serve-long-conversations_4-gpu_40-concurrency,random,32,40,False,10000,1000,38.9588,1000,25.6681,45676.3703,821.3799,435.7081,363.0211,282.3192,1398.3572,35.4682,32.7946,13.7737,75.696,35.0413,13.0174,88.2785,453.2485,1535.2227,1465.7598
pow_of_1 (aka random): L4,Qwen/Qwen2.5-1.5B-Instruct,4,True,serve-long-conversations_4-gpu_40-concurrency,pow_of_2,32,40,False,10000,1000,38.5395,1000,25.9474,46173.3363,830.3166,434.6626,342.77,288.4211,1545.2649,35.1958,32.445,14.1631,78.7793,34.7875,10.6668,86.3184,458.148,1525.7333,1422.3541gpu_type,model_name,num_servers,is_prefix_cached,benchmark_label,scheduler_strategy,output_len,max_concurrency,with_warmup,max_conversations,num_prompts,duration,completed,request_throughput,input_throughput,output_throughput,mean_ttft_ms,median_ttft_ms,std_ttft_ms,p99_ttft_ms,mean_tpot_ms,median_tpot_ms,std_tpot_ms,p99_tpot_ms,mean_itl_ms,median_itl_ms,std_itl_ms,p99_itl_ms,mean_e2e_latency_ms,median_e2e_latency_ms

round_robin:
L4,Qwen/Qwen2.5-1.5B-Instruct,4,True,serve-long-conversations_4-gpu_40-concurrency,round_robin,32,40,False,10000,1000,37.0802,1000,26.9685,47990.4583,862.9932,408.3404,271.9718,315.5734,1351.0698,33.9749,33.985,10.7729,58.8857,33.4414,12.9536,70.6475,342.7574,1461.5621,1477.9045
L4,Qwen/Qwen2.5-1.5B-Instruct,4,True,serve-long-conversations_4-gpu_40-concurrency,round_robin,32,40,False,10000,1000,37.0684,1000,26.9772,48005.8324,863.2697,427.8448,296.6372,311.8861,1357.7458,33.4199,32.2538,10.5865,58.8834,32.9202,15.7713,68.1405,346.7796,1463.8625,1461.7917
L4,Qwen/Qwen2.5-1.5B-Instruct,4,True,serve-long-conversations_4-gpu_40-concurrency,round_robin,32,40,False,10000,1000,36.8404,1000,27.1441,48302.8603,868.611,415.6124,331.8979,270.0089,1342.7002,33.5262,32.88,9.6116,58.9456,32.9457,13.1114,70.3669,367.0211,1454.9231,1433.3658
L4,Qwen/Qwen2.5-1.5B-Instruct,4,True,serve-long-conversations_4-gpu_40-concurrency,round_robin,32,40,False,10000,1000,39.2666,1000,25.4669,45318.3381,814.9415,506.2678,377.146,351.7162,1397.1644,33.2292,31.5851,11.3058,65.256,32.5052,10.7431,74.7662,375.7344,1536.374,1541.8675
L4,Qwen/Qwen2.5-1.5B-Instruct,4,True,serve-long-conversations_4-gpu_40-concurrency,round_robin,32,40,False,10000,1000,38.8092,1000,25.7671,45852.4878,824.5469,495.5114,366.5301,337.1131,1403.6714,32.9537,30.9121,11.0387,65.4916,32.2647,8.423,73.5561,378.2351,1517.0758,1511.7364
L4,Qwen/Qwen2.5-1.5B-Instruct,4,True,serve-long-conversations_4-gpu_40-concurrency,round_robin,32,40,False,10000,1000,38.4406,1000,26.0141,46292.0913,832.4521,450.1239,303.7207,338.3322,1419.0729,34.4142,33.911,11.4591,62.7386,33.8374,16.7137,71.1056,367.8655,1516.9654,1524.4997
L4,Qwen/Qwen2.5-1.5B-Instruct,4,True,serve-long-conversations_4-gpu_40-concurrency,round_robin,32,40,False,10000,1000,38.3417,1000,26.0813,46411.5441,834.6002,445.8281,323.4999,316.556,1432.2819,34.4621,32.9107,11.0444,60.6592,33.9109,16.2913,74.0208,425.3589,1514.1538,1537.887
L4,Qwen/Qwen2.5-1.5B-Instruct,4,True,serve-long-conversations_4-gpu_40-concurrency,round_robin,32,40,False,10000,1000,37.2149,1000,26.871,47816.8624,859.8715,376.8629,269.6125,312.158,1383.8256,35.4358,35.3815,10.9926,60.6177,35.0159,16.2558,71.145,366.8008,1475.3722,1481.7197
L4,Qwen/Qwen2.5-1.5B-Instruct,4,True,serve-long-conversations_4-gpu_40-concurrency,round_robin,32,40,False,10000,1000,37.1127,1000,26.945,47948.5006,862.2387,422.9776,301.3068,312.3712,1371.6405,33.6231,33.7733,10.6257,59.0585,33.0589,14.5846,67.604,346.1097,1465.2925,1449.3879

pow_of_2:
L4,Qwen/Qwen2.5-1.5B-Instruct,4,True,serve-long-conversations_4-gpu_40-concurrency,pow_of_2,32,40,False,10000,1000,42.1329,1000,23.7344,42235.3081,759.5006,636.0922,606.7611,358.2295,1497.9161,32.9535,29.9011,12.6275,67.4521,32.3474,11.7218,85.4498,450.0284,1657.6511,1626.6638
L4,Qwen/Qwen2.5-1.5B-Instruct,4,True,serve-long-conversations_4-gpu_40-concurrency,pow_of_2,32,40,False,10000,1000,41.3479,1000,24.185,43037.222,773.9211,626.021,578.131,348.3866,1536.3341,32.3975,30.0963,11.8733,66.9575,31.8687,10.5982,85.4803,444.8502,1630.3438,1648.2781
L4,Qwen/Qwen2.5-1.5B-Instruct,4,True,serve-long-conversations_4-gpu_40-concurrency,pow_of_2,32,40,False,10000,1000,42.0998,1000,23.7531,42268.5794,760.0989,650.9526,621.7666,357.8119,1533.1468,32.2777,29.6821,12.5073,64.074,31.6495,10.168,84.9253,489.9241,1651.5599,1698.876
L4,Qwen/Qwen2.5-1.5B-Instruct,4,True,serve-long-conversations_4-gpu_40-concurrency,pow_of_2,32,40,False,10000,1000,41.584,1000,24.0477,42792.8201,769.5261,593.2289,517.2614,357.086,1603.0806,33.8728,31.8762,12.5402,69.346,33.3861,10.6698,88.956,453.2115,1643.2844,1643.0554
L4,Qwen/Qwen2.5-1.5B-Instruct,4,True,serve-long-conversations_4-gpu_40-concurrency,pow_of_2,32,40,False,10000,1000,42.7226,1000,23.4068,41652.393,749.0183,598.2019,502.4001,378.5886,1618.6373,34.7537,31.9512,12.876,67.3979,34.0827,6.9392,92.5838,505.3348,1675.5659,1648.2624
L4,Qwen/Qwen2.5-1.5B-Instruct,4,True,serve-long-conversations_4-gpu_40-concurrency,pow_of_2,32,40,False,10000,1000,41.1021,1000,24.3297,43294.628,778.55,624.0069,533.3915,407.9518,1961.8605,32.4289,29.7249,12.433,65.2395,31.9601,11.0721,82.0592,418.5885,1629.3015,1582.0006
L4,Qwen/Qwen2.5-1.5B-Instruct,4,True,serve-long-conversations_4-gpu_40-concurrency,pow_of_2,32,40,False,10000,1000,42.2452,1000,23.6713,42123.0432,757.4818,626.2472,573.5391,369.9725,1543.9071,34.0124,32.2322,13.1754,71.0738,33.5307,9.6804,90.7786,488.828,1680.6307,1686.8794
L4,Qwen/Qwen2.5-1.5B-Instruct,4,True,serve-long-conversations_4-gpu_40-concurrency,pow_of_2,32,40,False,10000,1000,42.6448,1000,23.4495,41728.3285,750.3838,684.0574,642.8171,392.5195,1674.3443,32.6307,29.2553,13.3512,67.8157,32.1449,11.9832,89.4162,454.8833,1695.6103,1703.6285
L4,Qwen/Qwen2.5-1.5B-Instruct,4,True,serve-long-conversations_4-gpu_40-concurrency,pow_of_2,32,40,False,10000,1000,42.1856,1000,23.7048,42182.565,758.5522,609.395,524.7503,383.246,1705.4172,34.1392,32.1916,13.2346,72.4756,33.636,10.2354,93.2943,477.3605,1667.7109,1704.8071
L4,Qwen/Qwen2.5-1.5B-Instruct,4,True,serve-long-conversations_4-gpu_40-concurrency,pow_of_2,32,40,False,10000,1000,43.0081,1000,23.2514,41375.8544,744.0454,638.858,527.5825,396.8974,1610.7592,34.3398,31.3445,13.0,72.8134,33.8681,11.517,94.5353,530.028,1703.3914,1690.1893
L4,Qwen/Qwen2.5-1.5B-Instruct,4,True,serve-long-conversations_4-gpu_40-concurrency,pow_of_2,32,40,False,10000,1000,41.8863,1000,23.8742,42484.0598,763.9738,670.3255,599.1633,397.2172,1805.157,31.7056,28.6548,12.1485,64.6664,31.2253,11.4299,84.088,408.5235,1653.1987,1632.6095
L4,Qwen/Qwen2.5-1.5B-Instruct,4,True,serve-long-conversations_4-gpu_40-concurrency,pow_of_2,32,40,False,10000,1000,42.2671,1000,23.659,42101.2129,757.0893,609.3675,533.3924,370.3003,1509.4386,34.2505,32.6795,13.0426,69.5656,33.7744,11.0555,89.8366,447.1835,1671.134,1649.0579
pow_of_4: L4,Qwen/Qwen2.5-1.5B-Instruct,4,True,serve-long-conversations_4-gpu_40-concurrency,pow_of_2,32,40,False,10000,1000,48.4459,1000,20.6416,36731.6279,660.5302,1030.3273,1056.4728,436.3326,1903.2095,27.9099,21.6184,12.6957,68.0854,27.2837,7.4781,83.9657,277.7171,1895.5348,1944.5918

prefix_aware:
L4,Qwen/Qwen2.5-1.5B-Instruct,4,True,serve-long-conversations_4-gpu_40-concurrency,prefix_aware,32,40,False,10000,1000,49.3105,1000,20.2796,36087.5738,648.9484,992.1659,817.4108,590.7525,2619.8434,30.3632,27.5676,12.0371,64.8608,29.744,9.1519,73.5868,350.6825,1933.4261,1797.3682
L4,Qwen/Qwen2.5-1.5B-Instruct,4,True,serve-long-conversations_4-gpu_40-concurrency,prefix_aware,32,40,False,10000,1000,48.9405,1000,20.433,36360.4412,653.8553,1061.165,916.038,618.8182,3181.9753,27.8618,24.0718,11.6842,64.722,27.1072,8.463,71.3048,253.9799,1924.881,1776.2782
L4,Qwen/Qwen2.5-1.5B-Instruct,4,True,serve-long-conversations_4-gpu_40-concurrency,prefix_aware,32,40,False,10000,1000,49.7948,1000,20.0824,35736.6321,642.6375,1027.4934,880.7745,552.2122,2573.9389,29.9674,26.0482,13.0843,72.804,29.2486,10.4984,79.6602,297.7948,1956.4832,1729.6512
L4,Qwen/Qwen2.5-1.5B-Instruct,4,True,serve-long-conversations_4-gpu_40-concurrency,prefix_aware,32,40,False,10000,1000,49.7884,1000,20.085,35741.223,642.7201,1091.3355,910.837,624.9714,3011.8169,27.8214,23.9494,11.8015,71.1862,26.9874,8.3319,72.7177,300.5866,1953.7974,1768.9535
L4,Qwen/Qwen2.5-1.5B-Instruct,4,True,serve-long-conversations_4-gpu_40-concurrency,prefix_aware,32,40,False,10000,1000,48.2341,1000,20.7322,36892.9116,663.4305,1035.9116,870.4445,579.1452,2795.2928,27.7915,24.2063,11.5871,69.967,27.0674,8.1804,71.273,277.8342,1897.4487,1719.4828
L4,Qwen/Qwen2.5-1.5B-Instruct,4,True,serve-long-conversations_4-gpu_40-concurrency,prefix_aware,32,40,False,10000,1000,48.9141,1000,20.444,36380.0728,654.2083,1052.406,902.3112,575.221,3021.0715,27.9162,23.8643,11.1353,73.2681,27.202,9.8898,72.1126,298.4819,1917.8075,1777.5163
L4,Qwen/Qwen2.5-1.5B-Instruct,4,True,serve-long-conversations_4-gpu_40-concurrency,prefix_aware,32,40,False,10000,1000,49.5888,1000,20.1659,35885.1078,645.3075,1095.7035,939.5442,600.1158,2787.3912,27.2297,23.4888,11.989,71.4741,26.6344,11.7272,75.833,274.782,1939.8246,1818.6209
L4,Qwen/Qwen2.5-1.5B-Instruct,4,True,serve-long-conversations_4-gpu_40-concurrency,prefix_aware,32,40,False,10000,1000,50.1771,1000,19.9294,35464.3743,637.7416,1111.0418,921.8016,602.133,2892.971,27.9488,24.3617,11.8688,71.7993,27.3495,15.2309,72.0562,261.508,1977.4559,1756.1698
L4,Qwen/Qwen2.5-1.5B-Instruct,4,True,serve-long-conversations_4-gpu_40-concurrency,prefix_aware,32,40,False,10000,1000,49.3981,1000,20.2437,36023.5876,647.7978,1081.2704,930.501,585.0161,2767.295,27.8106,23.8038,12.1332,72.6055,27.1498,13.7197,72.0945,253.1911,1943.4004,1769.1688
L4,Qwen/Qwen2.5-1.5B-Instruct,4,True,serve-long-conversations_4-gpu_40-concurrency,prefix_aware,32,40,False,10000,1000,47.7831,1000,20.9279,37241.1971,669.6935,1043.6585,882.4986,591.6084,2861.4602,26.8302,23.4217,11.1056,68.9039,26.1694,13.6706,69.0765,251.992,1875.3959,1734.8238



gpu_type,model_name,num_servers,is_prefix_cached,benchmark_label,scheduler_strategy,output_len,max_concurrency,with_warmup,max_conversations,num_prompts,duration,completed,request_throughput,input_throughput,output_throughput,mean_ttft_ms,median_ttft_ms,std_ttft_ms,p99_ttft_ms,mean_tpot_ms,median_tpot_ms,std_tpot_ms,p99_tpot_ms,mean_itl_ms,median_itl_ms,std_itl_ms,p99_itl_ms,mean_e2e_latency_ms,median_e2e_latency_ms
L4,Qwen/Qwen2.5-1.5B-Instruct,4,True,serve-long-conversations_4-gpu_40-concurrency,random,32,40,False,10000,1000,38.601,1000,25.906,46099.758,828.9935,411.8734,315.2534,342.8963,2250.7411,35.7551,33.3009,14.2464,72.6874,35.3899,11.4158,89.67,451.5875,1520.2805,1434.0446
gpu_type,model_name,num_servers,is_prefix_cached,benchmark_label,scheduler_strategy,output_len,max_concurrency,with_warmup,max_conversations,num_prompts,duration,completed,request_throughput,input_throughput,output_throughput,mean_ttft_ms,median_ttft_ms,std_ttft_ms,p99_ttft_ms,mean_tpot_ms,median_tpot_ms,std_tpot_ms,p99_tpot_ms,mean_itl_ms,median_itl_ms,std_itl_ms,p99_itl_ms,mean_e2e_latency_ms,median_e2e_latency_ms
L4,Qwen/Qwen2.5-1.5B-Instruct,4,True,serve-long-conversations_4-gpu_40-concurrency,round_robin,32,40,False,10000,1000,37.3195,1000,26.7956,47682.7488,857.4598,321.1612,226.354,266.994,1382.1123,37.087,36.4818,11.1325,63.6904,36.7007,15.1143,71.4608,371.3909,1470.8575,1453.202
gpu_type,model_name,num_servers,is_prefix_cached,benchmark_label,scheduler_strategy,output_len,max_concurrency,with_warmup,max_conversations,num_prompts,duration,completed,request_throughput,input_throughput,output_throughput,mean_ttft_ms,median_ttft_ms,std_ttft_ms,p99_ttft_ms,mean_tpot_ms,median_tpot_ms,std_tpot_ms,p99_tpot_ms,mean_itl_ms,median_itl_ms,std_itl_ms,p99_itl_ms,mean_e2e_latency_ms,median_e2e_latency_ms
L4,Qwen/Qwen2.5-1.5B-Instruct,4,True,serve-long-conversations_4-gpu_40-concurrency,pow_of_2,32,40,False,10000,1000,41.5752,1000,24.0528,42801.89,769.6893,670.3373,577.3016,422.2144,1652.3918,31.4222,29.4982,12.1214,70.1196,30.963,9.7366,81.9491,387.5635,1644.4261,1678.8316
gpu_type,model_name,num_servers,is_prefix_cached,benchmark_label,scheduler_strategy,output_len,max_concurrency,with_warmup,max_conversations,num_prompts,duration,completed,request_throughput,input_throughput,output_throughput,mean_ttft_ms,median_ttft_ms,std_ttft_ms,p99_ttft_ms,mean_tpot_ms,median_tpot_ms,std_tpot_ms,p99_tpot_ms,mean_itl_ms,median_itl_ms,std_itl_ms,p99_itl_ms,mean_e2e_latency_ms,median_e2e_latency_ms
L4,Qwen/Qwen2.5-1.5B-Instruct,4,True,serve-long-conversations_4-gpu_40-concurrency,prefix_aware,32,40,False,10000,1000,52.5489,1000,19.0299,33863.6368,608.9562,1103.9722,1093.7517,627.3944,2372.5088,31.1473,23.3054,16.7883,80.3274,30.6109,8.9864,106.7527,299.7436,2069.5392,2102.5634

gpu_type,model_name,num_servers,is_prefix_cached,benchmark_label,scheduler_strategy,output_len,max_concurrency,with_warmup,max_conversations,num_prompts,duration,completed,request_throughput,input_throughput,output_throughput,mean_ttft_ms,median_ttft_ms,std_ttft_ms,p99_ttft_ms,mean_tpot_ms,median_tpot_ms,std_tpot_ms,p99_tpot_ms,mean_itl_ms,median_itl_ms,std_itl_ms,p99_itl_ms,mean_e2e_latency_ms,median_e2e_latency_ms
L4,Qwen/Qwen2.5-1.5B-Instruct,4,True,serve-long-conversations_4-gpu_40-concurrency,random,32,40,False,10000,1000,38.8096,1000,25.7668,45851.9709,824.5376,455.3231,373.0598,302.7289,1482.3414,35.0358,32.6245,13.6566,72.7319,34.6398,12.134,86.4188,416.1006,1541.432,1488.5007
gpu_type,model_name,num_servers,is_prefix_cached,benchmark_label,scheduler_strategy,output_len,max_concurrency,with_warmup,max_conversations,num_prompts,duration,completed,request_throughput,input_throughput,output_throughput,mean_ttft_ms,median_ttft_ms,std_ttft_ms,p99_ttft_ms,mean_tpot_ms,median_tpot_ms,std_tpot_ms,p99_tpot_ms,mean_itl_ms,median_itl_ms,std_itl_ms,p99_itl_ms,mean_e2e_latency_ms,median_e2e_latency_ms
L4,Qwen/Qwen2.5-1.5B-Instruct,4,True,serve-long-conversations_4-gpu_40-concurrency,round_robin,32,40,False,10000,1000,36.9949,1000,27.0307,48101.1139,864.9831,371.3285,242.5819,320.9114,1348.4527,35.0253,35.0407,10.613,62.6699,34.5982,15.9699,66.2813,341.9175,1457.1119,1450.3233
gpu_type,model_name,num_servers,is_prefix_cached,benchmark_label,scheduler_strategy,output_len,max_concurrency,with_warmup,max_conversations,num_prompts,duration,completed,request_throughput,input_throughput,output_throughput,mean_ttft_ms,median_ttft_ms,std_ttft_ms,p99_ttft_ms,mean_tpot_ms,median_tpot_ms,std_tpot_ms,p99_tpot_ms,mean_itl_ms,median_itl_ms,std_itl_ms,p99_itl_ms,mean_e2e_latency_ms,median_e2e_latency_ms
L4,Qwen/Qwen2.5-1.5B-Instruct,4,True,serve-long-conversations_4-gpu_40-concurrency,pow_of_2,32,40,False,10000,1000,41.6435,1000,24.0134,42731.753,768.428,596.8413,529.6616,356.9925,1485.1059,33.7753,31.148,12.7177,65.1746,33.2839,10.7584,90.5873,453.1256,1643.8762,1710.5742
gpu_type,model_name,num_servers,is_prefix_cached,benchmark_label,scheduler_strategy,output_len,max_concurrency,with_warmup,max_conversations,num_prompts,duration,completed,request_throughput,input_throughput,output_throughput,mean_ttft_ms,median_ttft_ms,std_ttft_ms,p99_ttft_ms,mean_tpot_ms,median_tpot_ms,std_tpot_ms,p99_tpot_ms,mean_itl_ms,median_itl_ms,std_itl_ms,p99_itl_ms,mean_e2e_latency_ms,median_e2e_latency_ms
L4,Qwen/Qwen2.5-1.5B-Instruct,4,True,serve-long-conversations_4-gpu_40-concurrency,random,32,40,False,10000,1000,38.0571,1000,26.2763,46758.6201,840.8415,391.2016,320.3527,274.4262,1773.5354,35.9254,33.4508,12.913,68.2269,35.588,10.458,86.4873,452.6215,1504.888,1431.1424
gpu_type,model_name,num_servers,is_prefix_cached,benchmark_label,scheduler_strategy,output_len,max_concurrency,with_warmup,max_conversations,num_prompts,duration,completed,request_throughput,input_throughput,output_throughput,mean_ttft_ms,median_ttft_ms,std_ttft_ms,p99_ttft_ms,mean_tpot_ms,median_tpot_ms,std_tpot_ms,p99_tpot_ms,mean_itl_ms,median_itl_ms,std_itl_ms,p99_itl_ms,mean_e2e_latency_ms,median_e2e_latency_ms
L4,Qwen/Qwen2.5-1.5B-Instruct,4,True,serve-long-conversations_4-gpu_40-concurrency,random,32,40,False,10000,1000,38.4478,1000,26.0093,46283.5227,832.2981,422.373,342.0832,285.2483,1474.2145,35.2945,32.652,13.9439,75.9849,34.8469,11.5344,89.8762,470.8829,1516.5031,1415.8806
gpu_type,model_name,num_servers,is_prefix_cached,benchmark_label,scheduler_strategy,output_len,max_concurrency,with_warmup,max_conversations,num_prompts,duration,completed,request_throughput,input_throughput,output_throughput,mean_ttft_ms,median_ttft_ms,std_ttft_ms,p99_ttft_ms,mean_tpot_ms,median_tpot_ms,std_tpot_ms,p99_tpot_ms,mean_itl_ms,median_itl_ms,std_itl_ms,p99_itl_ms,mean_e2e_latency_ms,median_e2e_latency_ms
L4,Qwen/Qwen2.5-1.5B-Instruct,4,True,serve-long-conversations_4-gpu_40-concurrency,random,32,40,False,10000,1000,38.6773,1000,25.855,46008.8623,827.3589,419.175,339.5529,281.1452,1448.1253,35.4511,32.6492,13.9618,75.3092,35.0219,11.7079,85.908,443.7338,1518.1577,1397.776
gpu_type,model_name,num_servers,is_prefix_cached,benchmark_label,scheduler_strategy,output_len,max_concurrency,with_warmup,max_conversations,num_prompts,duration,completed,request_throughput,input_throughput,output_throughput,mean_ttft_ms,median_ttft_ms,std_ttft_ms,p99_ttft_ms,mean_tpot_ms,median_tpot_ms,std_tpot_ms,p99_tpot_ms,mean_itl_ms,median_itl_ms,std_itl_ms,p99_itl_ms,mean_e2e_latency_ms,median_e2e_latency_ms
L4,Qwen/Qwen2.5-1.5B-Instruct,4,True,serve-long-conversations_4-gpu_40-concurrency,random,32,40,False,10000,1000,38.9368,1000,25.6826,45702.1843,821.8441,413.4294,323.0651,283.3998,1459.4362,36.0779,33.5601,14.8983,77.2576,35.6687,10.7768,90.8928,433.7346,1531.8438,1439.3127
gpu_type,model_name,num_servers,is_prefix_cached,benchmark_label,scheduler_strategy,output_len,max_concurrency,with_warmup,max_conversations,num_prompts,duration,completed,request_throughput,input_throughput,output_throughput,mean_ttft_ms,median_ttft_ms,std_ttft_ms,p99_ttft_ms,mean_tpot_ms,median_tpot_ms,std_tpot_ms,p99_tpot_ms,mean_itl_ms,median_itl_ms,std_itl_ms,p99_itl_ms,mean_e2e_latency_ms,median_e2e_latency_ms
L4,Qwen/Qwen2.5-1.5B-Instruct,4,True,serve-long-conversations_4-gpu_40-concurrency,random,32,40,False,10000,1000,38.6698,1000,25.86,46017.7507,827.5188,435.6367,330.4009,327.7531,1758.209,35.4081,33.2055,13.7547,76.0077,35.014,11.7885,89.0521,445.2262,1533.2872,1438.9138
gpu_type,model_name,num_servers,is_prefix_cached,benchmark_label,scheduler_strategy,output_len,max_concurrency,with_warmup,max_conversations,num_prompts,duration,completed,request_throughput,input_throughput,output_throughput,mean_ttft_ms,median_ttft_ms,std_ttft_ms,p99_ttft_ms,mean_tpot_ms,median_tpot_ms,std_tpot_ms,p99_tpot_ms,mean_itl_ms,median_itl_ms,std_itl_ms,p99_itl_ms,mean_e2e_latency_ms,median_e2e_latency_ms
L4,Qwen/Qwen2.5-1.5B-Instruct,4,True,serve-long-conversations_4-gpu_40-concurrency,random,32,40,False,10000,1000,39.2664,1000,25.4671,45318.6039,814.9463,456.0852,330.3079,366.9592,2244.2427,35.4039,32.782,14.6828,75.2094,34.9788,11.8128,91.402,459.1974,1553.6062,1476.8655
gpu_type,model_name,num_servers,is_prefix_cached,benchmark_label,scheduler_strategy,output_len,max_concurrency,with_warmup,max_conversations,num_prompts,duration,completed,request_throughput,input_throughput,output_throughput,mean_ttft_ms,median_ttft_ms,std_ttft_ms,p99_ttft_ms,mean_tpot_ms,median_tpot_ms,std_tpot_ms,p99_tpot_ms,mean_itl_ms,median_itl_ms,std_itl_ms,p99_itl_ms,mean_e2e_latency_ms,median_e2e_latency_ms
L4,Qwen/Qwen2.5-1.5B-Instruct,4,True,serve-long-conversations_4-gpu_40-concurrency,random,32,40,False,10000,1000,38.7722,1000,25.7917,45896.2447,825.3338,455.2981,373.147,303.4872,1515.0537,34.7419,32.3891,13.5402,75.542,34.3013,12.2609,85.185,452.0664,1532.2985,1417.737
gpu_type,model_name,num_servers,is_prefix_cached,benchmark_label,scheduler_strategy,output_len,max_concurrency,with_warmup,max_conversations,num_prompts,duration,completed,request_throughput,input_throughput,output_throughput,mean_ttft_ms,median_ttft_ms,std_ttft_ms,p99_ttft_ms,mean_tpot_ms,median_tpot_ms,std_tpot_ms,p99_tpot_ms,mean_itl_ms,median_itl_ms,std_itl_ms,p99_itl_ms,mean_e2e_latency_ms,median_e2e_latency_ms
L4,Qwen/Qwen2.5-1.5B-Instruct,4,True,serve-long-conversations_4-gpu_40-concurrency,random,32,40,False,10000,1000,38.24,1000,26.1506,46534.9715,836.8198,442.6847,380.9149,287.2277,1412.8103,34.5397,31.3377,13.5088,71.671,34.0674,11.5684,88.1296,464.4789,1513.416,1460.3338
gpu_type,model_name,num_servers,is_prefix_cached,benchmark_label,scheduler_strategy,output_len,max_concurrency,with_warmup,max_conversations,num_prompts,duration,completed,request_throughput,input_throughput,output_throughput,mean_ttft_ms,median_ttft_ms,std_ttft_ms,p99_ttft_ms,mean_tpot_ms,median_tpot_ms,std_tpot_ms,p99_tpot_ms,mean_itl_ms,median_itl_ms,std_itl_ms,p99_itl_ms,mean_e2e_latency_ms,median_e2e_latency_ms
L4,Qwen/Qwen2.5-1.5B-Instruct,4,True,serve-long-conversations_4-gpu_40-concurrency,random,32,40,False,10000,1000,38.5899,1000,25.9135,46113.069,829.2329,408.122,323.8957,283.661,1563.9634,35.8467,32.4726,14.3663,73.3842,35.3956,12.5838,86.6275,425.5179,1519.3699,1434.5392
gpu_type,model_name,num_servers,is_prefix_cached,benchmark_label,scheduler_strategy,output_len,max_concurrency,with_warmup,max_conversations,num_prompts,duration,completed,request_throughput,input_throughput,output_throughput,mean_ttft_ms,median_ttft_ms,std_ttft_ms,p99_ttft_ms,mean_tpot_ms,median_tpot_ms,std_tpot_ms,p99_tpot_ms,mean_itl_ms,median_itl_ms,std_itl_ms,p99_itl_ms,mean_e2e_latency_ms,median_e2e_latency_ms

L4,Qwen/Qwen2.5-1.5B-Instruct,4,True,serve-long-conversations_4-gpu_40-concurrency,random,32,40,False,10000,1000,37.7898,1000,26.4622,47089.3656,846.7892,405.9983,304.9943,312.6132,1703.3842,35.1377,32.1055,12.971,70.8201,34.729,13.5315,80.0292,434.6032,1495.2655,1404.427
gpu_type,model_name,num_servers,is_prefix_cached,benchmark_label,scheduler_strategy,output_len,max_concurrency,with_warmup,max_conversations,num_prompts,duration,completed,request_throughput,input_throughput,output_throughput,mean_ttft_ms,median_ttft_ms,std_ttft_ms,p99_ttft_ms,mean_tpot_ms,median_tpot_ms,std_tpot_ms,p99_tpot_ms,mean_itl_ms,median_itl_ms,std_itl_ms,p99_itl_ms,mean_e2e_latency_ms,median_e2e_latency_ms
L4,Qwen/Qwen2.5-1.5B-Instruct,4,True,serve-long-conversations_4-gpu_40-concurrency,round_robin,32,40,False,10000,1000,37.8665,1000,26.4085,46993.9449,845.0733,512.5263,359.7292,352.0417,1361.601,31.5415,31.3149,9.8687,52.7733,30.9072,17.4477,65.8625,348.5883,1490.3138,1552.5824
gpu_type,model_name,num_servers,is_prefix_cached,benchmark_label,scheduler_strategy,output_len,max_concurrency,with_warmup,max_conversations,num_prompts,duration,completed,request_throughput,input_throughput,output_throughput,mean_ttft_ms,median_ttft_ms,std_ttft_ms,p99_ttft_ms,mean_tpot_ms,median_tpot_ms,std_tpot_ms,p99_tpot_ms,mean_itl_ms,median_itl_ms,std_itl_ms,p99_itl_ms,mean_e2e_latency_ms,median_e2e_latency_ms
L4,Qwen/Qwen2.5-1.5B-Instruct,4,True,serve-long-conversations_4-gpu_40-concurrency,pow_of_2,32,40,False,10000,1000,37.2201,1000,26.8672,47810.0963,859.7498,542.905,489.389,306.1853,1582.5049,29.747,27.899,9.599,54.4565,29.2086,12.2468,71.0932,359.0495,1465.0614,1459.9003
gpu_type,model_name,num_servers,is_prefix_cached,benchmark_label,scheduler_strategy,output_len,max_concurrency,with_warmup,max_conversations,num_prompts,duration,completed,request_throughput,input_throughput,output_throughput,mean_ttft_ms,median_ttft_ms,std_ttft_ms,p99_ttft_ms,mean_tpot_ms,median_tpot_ms,std_tpot_ms,p99_tpot_ms,mean_itl_ms,median_itl_ms,std_itl_ms,p99_itl_ms,mean_e2e_latency_ms,median_e2e_latency_ms
L4,Qwen/Qwen2.5-1.5B-Instruct,4,True,serve-long-conversations_4-gpu_40-concurrency,prefix_aware,32,40,False,10000,1000,46.1757,1000,21.6564,38537.5272,693.0049,745.5241,646.1647,472.701,2392.5578,34.6061,30.3302,15.7039,77.0066,34.0461,13.0089,104.1963,551.3996,1818.3139,1754.6372
gpu_type,model_name,num_servers,is_prefix_cached,benchmark_label,scheduler_strategy,output_len,max_concurrency,with_warmup,max_conversations,num_prompts,duration,completed,request_throughput,input_throughput,output_throughput,mean_ttft_ms,median_ttft_ms,std_ttft_ms,p99_ttft_ms,mean_tpot_ms,median_tpot_ms,std_tpot_ms,p99_tpot_ms,mean_itl_ms,median_itl_ms,std_itl_ms,p99_itl_ms,mean_e2e_latency_ms,median_e2e_latency_ms
L4,Qwen/Qwen2.5-1.5B-Instruct,4,True,serve-long-conversations_4-gpu_40-concurrency,prefix_aware,32,40,False,10000,1000,47.5678,1000,21.0226,37409.7353,672.7243,983.095,851.6133,568.4605,2293.1488,28.5775,23.3714,13.0972,69.1432,27.9701,7.0101,85.4975,303.4189,1868.9962,1844.1865
gpu_type,model_name,num_servers,is_prefix_cached,benchmark_label,scheduler_strategy,output_len,max_concurrency,with_warmup,max_conversations,num_prompts,duration,completed,request_throughput,input_throughput,output_throughput,mean_ttft_ms,median_ttft_ms,std_ttft_ms,p99_ttft_ms,mean_tpot_ms,median_tpot_ms,std_tpot_ms,p99_tpot_ms,mean_itl_ms,median_itl_ms,std_itl_ms,p99_itl_ms,mean_e2e_latency_ms,median_e2e_latency_ms
L4,Qwen/Qwen2.5-1.5B-Instruct,4,True,serve-long-conversations_4-gpu_40-concurrency,prefix_aware,32,40,False,10000,1000,42.8103,1000,23.3588,41567.0097,747.4829,760.5066,668.2808,448.3178,2252.1237,29.7005,26.0232,11.8426,64.2037,29.138,11.9694,79.5377,374.5751,1681.2217,1692.8172
gpu_type,model_name,num_servers,is_prefix_cached,benchmark_label,scheduler_strategy,output_len,max_concurrency,with_warmup,max_conversations,num_prompts,duration,completed,request_throughput,input_throughput,output_throughput,mean_ttft_ms,median_ttft_ms,std_ttft_ms,p99_ttft_ms,mean_tpot_ms,median_tpot_ms,std_tpot_ms,p99_tpot_ms,mean_itl_ms,median_itl_ms,std_itl_ms,p99_itl_ms,mean_e2e_latency_ms,median_e2e_latency_ms
L4,Qwen/Qwen2.5-1.5B-Instruct,4,True,serve-long-conversations_4-gpu_40-concurrency,prefix_aware,32,40,False,10000,1000,131.8118,1000,7.5866,13500.2943,242.7704,4435.6792,3961.0149,3188.2299,8594.6869,21.0307,16.896,10.2507,54.8254,20.8268,1.2982,49.8045,198.7908,5087.6318,4467.4883
gpu_type,model_name,num_servers,is_prefix_cached,benchmark_label,scheduler_strategy,output_len,max_concurrency,with_warmup,max_conversations,num_prompts,duration,completed,request_throughput,input_throughput,output_throughput,mean_ttft_ms,median_ttft_ms,std_ttft_ms,p99_ttft_ms,mean_tpot_ms,median_tpot_ms,std_tpot_ms,p99_tpot_ms,mean_itl_ms,median_itl_ms,std_itl_ms,p99_itl_ms,mean_e2e_latency_ms,median_e2e_latency_ms
L4,Qwen/Qwen2.5-1.5B-Instruct,4,True,serve-long-conversations_4-gpu_40-concurrency,prefix_aware,32,40,False,10000,1000,46.3203,1000,21.5888,38417.235,690.8418,939.6535,796.9047,596.5454,2186.034,28.347,22.7813,12.7969,69.5116,27.7847,9.6165,82.7437,312.9788,1818.4099,1794.3628
gpu_type,model_name,num_servers,is_prefix_cached,benchmark_label,scheduler_strategy,output_len,max_concurrency,with_warmup,max_conversations,num_prompts,duration,completed,request_throughput,input_throughput,output_throughput,mean_ttft_ms,median_ttft_ms,std_ttft_ms,p99_ttft_ms,mean_tpot_ms,median_tpot_ms,std_tpot_ms,p99_tpot_ms,mean_itl_ms,median_itl_ms,std_itl_ms,p99_itl_ms,mean_e2e_latency_ms,median_e2e_latency_ms
L4,Qwen/Qwen2.5-1.5B-Instruct,4,True,serve-long-conversations_4-gpu_40-concurrency,prefix_aware,32,40,False,10000,1000,42.7725,1000,23.3795,41603.7863,748.1442,769.652,671.9214,442.6,2219.3137,29.6639,24.893,12.2877,64.7872,29.0875,9.3008,86.1557,423.2605,1689.2344,1698.275
gpu_type,model_name,num_servers,is_prefix_cached,benchmark_label,scheduler_strategy,output_len,max_concurrency,with_warmup,max_conversations,num_prompts,duration,completed,request_throughput,input_throughput,output_throughput,mean_ttft_ms,median_ttft_ms,std_ttft_ms,p99_ttft_ms,mean_tpot_ms,median_tpot_ms,std_tpot_ms,p99_tpot_ms,mean_itl_ms,median_itl_ms,std_itl_ms,p99_itl_ms,mean_e2e_latency_ms,median_e2e_latency_ms
L4,Qwen/Qwen2.5-1.5B-Instruct,4,True,serve-long-conversations_4-gpu_40-concurrency,prefix_aware,32,40,False,10000,1000,48.5912,1000,20.5798,36621.79,658.555,993.9143,846.9859,628.1424,2489.5381,29.5935,25.3877,12.5776,72.1664,28.9229,11.9721,83.1749,322.473,1911.312,1905.9742
gpu_type,model_name,num_servers,is_prefix_cached,benchmark_label,scheduler_strategy,output_len,max_concurrency,with_warmup,max_conversations,num_prompts,duration,completed,request_throughput,input_throughput,output_throughput,mean_ttft_ms,median_ttft_ms,std_ttft_ms,p99_ttft_ms,mean_tpot_ms,median_tpot_ms,std_tpot_ms,p99_tpot_ms,mean_itl_ms,median_itl_ms,std_itl_ms,p99_itl_ms,mean_e2e_latency_ms,median_e2e_latency_ms
L4,Qwen/Qwen2.5-1.5B-Instruct,4,True,serve-long-conversations_4-gpu_40-concurrency,prefix_aware,32,40,False,10000,1000,51.2697,1000,19.5047,34708.5877,624.1506,939.6018,860.1856,407.3704,2155.2215,35.3512,31.903,13.3871,72.5723,34.1474,20.6536,90.2661,444.656,2035.4895,2025.7027
gpu_type,model_name,num_servers,is_prefix_cached,benchmark_label,scheduler_strategy,output_len,max_concurrency,with_warmup,max_conversations,num_prompts,duration,completed,request_throughput,input_throughput,output_throughput,mean_ttft_ms,median_ttft_ms,std_ttft_ms,p99_ttft_ms,mean_tpot_ms,median_tpot_ms,std_tpot_ms,p99_tpot_ms,mean_itl_ms,median_itl_ms,std_itl_ms,p99_itl_ms,mean_e2e_latency_ms,median_e2e_latency_ms
L4,Qwen/Qwen2.5-1.5B-Instruct,4,True,serve-long-conversations_4-gpu_40-concurrency,prefix_aware,32,40,False,10000,1000,47.0217,1000,21.2668,37844.1518,680.5362,750.0503,670.5597,363.5673,1828.041,35.209,33.3976,11.2014,63.8924,33.7353,23.5666,72.7656,400.8203,1841.5281,1836.6296
gpu_type,model_name,num_servers,is_prefix_cached,benchmark_label,scheduler_strategy,output_len,max_concurrency,with_warmup,max_conversations,num_prompts,duration,completed,request_throughput,input_throughput,output_throughput,mean_ttft_ms,median_ttft_ms,std_ttft_ms,p99_ttft_ms,mean_tpot_ms,median_tpot_ms,std_tpot_ms,p99_tpot_ms,mean_itl_ms,median_itl_ms,std_itl_ms,p99_itl_ms,mean_e2e_latency_ms,median_e2e_latency_ms
L4,Qwen/Qwen2.5-1.5B-Instruct,4,True,serve-long-conversations_4-gpu_40-concurrency,prefix_aware,32,40,False,10000,1000,47.3315,1000,21.1276,37596.5086,676.083,703.5682,621.1658,324.933,2053.6206,37.3203,34.4228,12.9833,75.0734,35.8361,24.3034,77.8953,428.3411,1860.4969,1832.4686
gpu_type,model_name,num_servers,is_prefix_cached,benchmark_label,scheduler_strategy,output_len,max_concurrency,with_warmup,max_conversations,num_prompts,duration,completed,request_throughput,input_throughput,output_throughput,mean_ttft_ms,median_ttft_ms,std_ttft_ms,p99_ttft_ms,mean_tpot_ms,median_tpot_ms,std_tpot_ms,p99_tpot_ms,mean_itl_ms,median_itl_ms,std_itl_ms,p99_itl_ms,mean_e2e_latency_ms,median_e2e_latency_ms
L4,Qwen/Qwen2.5-1.5B-Instruct,4,True,serve-long-conversations_4-gpu_40-concurrency,random,32,40,False,10000,1000,45.7952,1000,21.8363,38857.7349,698.7631,700.3294,610.7055,354.7081,1732.9599,35.2494,32.6186,13.7443,79.1576,34.1646,21.4766,82.6036,354.2404,1793.0603,1690.307
gpu_type,model_name,num_servers,is_prefix_cached,benchmark_label,scheduler_strategy,output_len,max_concurrency,with_warmup,max_conversations,num_prompts,duration,completed,request_throughput,input_throughput,output_throughput,mean_ttft_ms,median_ttft_ms,std_ttft_ms,p99_ttft_ms,mean_tpot_ms,median_tpot_ms,std_tpot_ms,p99_tpot_ms,mean_itl_ms,median_itl_ms,std_itl_ms,p99_itl_ms,mean_e2e_latency_ms,median_e2e_latency_ms

3/26:
L4,Qwen/Qwen2.5-1.5B-Instruct,4,True,serve-long-conversations_4-gpu_40-concurrency,random,32,40,False,10000,1000,37.975,1000,26.3331,46859.7425,842.66,400.1354,317.7454,283.7658,1960.4771,35.6461,33.2888,13.58,72.5343,35.2766,11.3645,86.5781,493.0261,1505.1659,1446.5322
gpu_type,model_name,num_servers,is_prefix_cached,benchmark_label,scheduler_strategy,output_len,max_concurrency,with_warmup,max_conversations,num_prompts,duration,completed,request_throughput,input_throughput,output_throughput,mean_ttft_ms,median_ttft_ms,std_ttft_ms,p99_ttft_ms,mean_tpot_ms,median_tpot_ms,std_tpot_ms,p99_tpot_ms,mean_itl_ms,median_itl_ms,std_itl_ms,p99_itl_ms,mean_e2e_latency_ms,median_e2e_latency_ms
L4,Qwen/Qwen2.5-1.5B-Instruct,4,True,serve-long-conversations_4-gpu_40-concurrency,round_robin,32,40,False,10000,1000,37.6937,1000,26.5296,47209.418,848.9481,388.1946,277.2105,293.7555,1390.0687,35.4956,35.1935,11.2432,65.0406,34.9898,14.7336,69.8449,373.2883,1488.5581,1468.487
gpu_type,model_name,num_servers,is_prefix_cached,benchmark_label,scheduler_strategy,output_len,max_concurrency,with_warmup,max_conversations,num_prompts,duration,completed,request_throughput,input_throughput,output_throughput,mean_ttft_ms,median_ttft_ms,std_ttft_ms,p99_ttft_ms,mean_tpot_ms,median_tpot_ms,std_tpot_ms,p99_tpot_ms,mean_itl_ms,median_itl_ms,std_itl_ms,p99_itl_ms,mean_e2e_latency_ms,median_e2e_latency_ms
L4,Qwen/Qwen2.5-1.5B-Instruct,4,True,serve-long-conversations_4-gpu_40-concurrency,pow_of_2,32,40,False,10000,1000,36.8865,1000,27.1102,48242.4683,867.525,516.1279,459.8266,296.0855,1459.6289,30.2607,29.0431,9.4429,55.7575,29.8725,9.9883,74.13,372.6731,1454.211,1449.366
gpu_type,model_name,num_servers,is_prefix_cached,benchmark_label,scheduler_strategy,output_len,max_concurrency,with_warmup,max_conversations,num_prompts,duration,completed,request_throughput,input_throughput,output_throughput,mean_ttft_ms,median_ttft_ms,std_ttft_ms,p99_ttft_ms,mean_tpot_ms,median_tpot_ms,std_tpot_ms,p99_tpot_ms,mean_itl_ms,median_itl_ms,std_itl_ms,p99_itl_ms,mean_e2e_latency_ms,median_e2e_latency_ms
L4,Qwen/Qwen2.5-1.5B-Instruct,4,True,serve-long-conversations_4-gpu_40-concurrency,prefix_aware,32,40,False,10000,1000,38.8393,1000,25.7471,45816.8879,823.9067,429.7141,328.4914,315.5417,1742.1399,35.5134,32.1949,13.9583,72.7936,35.0861,14.7072,84.083,438.6053,1530.6295,1469.2433
gpu_type,model_name,num_servers,is_prefix_cached,benchmark_label,scheduler_strategy,output_len,max_concurrency,with_warmup,max_conversations,num_prompts,duration,completed,request_throughput,input_throughput,output_throughput,mean_ttft_ms,median_ttft_ms,std_ttft_ms,p99_ttft_ms,mean_tpot_ms,median_tpot_ms,std_tpot_ms,p99_tpot_ms,mean_itl_ms,median_itl_ms,std_itl_ms,p99_itl_ms,mean_e2e_latency_ms,median_e2e_latency_ms
L4,Qwen/Qwen2.5-1.5B-Instruct,4,True,serve-long-conversations_4-gpu_40-concurrency,pow_of_2,32,40,False,10000,1000,37.025,1000,27.0087,48062.0017,864.2797,723.0547,714.8107,342.3371,2049.7985,23.7509,19.6563,8.5445,51.0892,23.2744,7.2077,59.5631,254.0328,1459.3312,1444.2145
gpu_type,model_name,num_servers,is_prefix_cached,benchmark_label,scheduler_strategy,output_len,max_concurrency,with_warmup,max_conversations,num_prompts,duration,completed,request_throughput,input_throughput,output_throughput,mean_ttft_ms,median_ttft_ms,std_ttft_ms,p99_ttft_ms,mean_tpot_ms,median_tpot_ms,std_tpot_ms,p99_tpot_ms,mean_itl_ms,median_itl_ms,std_itl_ms,p99_itl_ms,mean_e2e_latency_ms,median_e2e_latency_ms
L4,Qwen/Qwen2.5-1.5B-Instruct,4,True,serve-long-conversations_4-gpu_40-concurrency,prefix_aware,32,40,False,10000,1000,39.5207,1000,25.3032,45026.9352,809.7013,495.0196,405.3804,326.4873,1672.0422,34.1992,31.372,13.2322,72.2627,33.6419,14.5059,84.3352,408.9322,1555.1934,1472.8552
gpu_type,model_name,num_servers,is_prefix_cached,benchmark_label,scheduler_strategy,output_len,max_concurrency,with_warmup,max_conversations,num_prompts,duration,completed,request_throughput,input_throughput,output_throughput,mean_ttft_ms,median_ttft_ms,std_ttft_ms,p99_ttft_ms,mean_tpot_ms,median_tpot_ms,std_tpot_ms,p99_tpot_ms,mean_itl_ms,median_itl_ms,std_itl_ms,p99_itl_ms,mean_e2e_latency_ms,median_e2e_latency_ms
L4,Qwen/Qwen2.5-1.5B-Instruct,4,True,serve-long-conversations_4-gpu_40-concurrency,random,32,40,False,10000,1000,38.6762,1000,25.8557,46010.2044,827.3831,407.0735,327.3391,277.6129,1493.0394,36.3649,33.6412,13.7598,75.868,35.9357,10.7865,88.4628,454.2273,1534.3848,1488.2268
gpu_type,model_name,num_servers,is_prefix_cached,benchmark_label,scheduler_strategy,output_len,max_concurrency,with_warmup,max_conversations,num_prompts,duration,completed,request_throughput,input_throughput,output_throughput,mean_ttft_ms,median_ttft_ms,std_ttft_ms,p99_ttft_ms,mean_tpot_ms,median_tpot_ms,std_tpot_ms,p99_tpot_ms,mean_itl_ms,median_itl_ms,std_itl_ms,p99_itl_ms,mean_e2e_latency_ms,median_e2e_latency_ms
L4,Qwen/Qwen2.5-1.5B-Instruct,4,True,serve-long-conversations_4-gpu_40-concurrency,prefix_aware,32,40,False,10000,1000,37.8379,1000,26.4285,47029.5345,845.7133,585.4855,518.0187,328.0635,1500.0193,29.1789,26.9936,9.9655,53.2508,28.5695,12.2393,73.5447,391.7591,1490.0304,1492.2598
gpu_type,model_name,num_servers,is_prefix_cached,benchmark_label,scheduler_strategy,output_len,max_concurrency,with_warmup,max_conversations,num_prompts,duration,completed,request_throughput,input_throughput,output_throughput,mean_ttft_ms,median_ttft_ms,std_ttft_ms,p99_ttft_ms,mean_tpot_ms,median_tpot_ms,std_tpot_ms,p99_tpot_ms,mean_itl_ms,median_itl_ms,std_itl_ms,p99_itl_ms,mean_e2e_latency_ms,median_e2e_latency_ms
L4,Qwen/Qwen2.5-1.5B-Instruct,4,True,serve-long-conversations_4-gpu_40-concurrency,pow_of_2,32,40,False,10000,1000,36.7508,1000,27.2103,48420.5991,870.7282,709.0106,690.2963,328.5739,2004.8266,24.0045,20.3368,8.4813,46.2077,23.3658,5.9969,57.5135,253.2954,1453.1508,1427.3034
gpu_type,model_name,num_servers,is_prefix_cached,benchmark_label,scheduler_strategy,output_len,max_concurrency,with_warmup,max_conversations,num_prompts,duration,completed,request_throughput,input_throughput,output_throughput,mean_ttft_ms,median_ttft_ms,std_ttft_ms,p99_ttft_ms,mean_tpot_ms,median_tpot_ms,std_tpot_ms,p99_tpot_ms,mean_itl_ms,median_itl_ms,std_itl_ms,p99_itl_ms,mean_e2e_latency_ms,median_e2e_latency_ms
L4,Qwen/Qwen2.5-1.5B-Instruct,4,True,serve-long-conversations_4-gpu_40-concurrency,prefix_aware,32,40,False,10000,1000,126.6547,1000,7.8955,14049.9912,252.6554,4239.5982,3688.5868,3016.8785,8592.2508,21.4626,17.6462,10.2668,58.878,21.2443,1.4543,54.3689,220.5266,4904.9392,4296.8335
gpu_type,model_name,num_servers,is_prefix_cached,benchmark_label,scheduler_strategy,output_len,max_concurrency,with_warmup,max_conversations,num_prompts,duration,completed,request_throughput,input_throughput,output_throughput,mean_ttft_ms,median_ttft_ms,std_ttft_ms,p99_ttft_ms,mean_tpot_ms,median_tpot_ms,std_tpot_ms,p99_tpot_ms,mean_itl_ms,median_itl_ms,std_itl_ms,p99_itl_ms,mean_e2e_latency_ms,median_e2e_latency_ms
L4,Qwen/Qwen2.5-1.5B-Instruct,4,True,serve-long-conversations_4-gpu_40-concurrency,prefix_aware,32,40,False,10000,1000,38.852,1000,25.7387,45801.9432,823.638,565.1949,504.3123,316.6104,1967.0267,31.1921,29.2586,11.3899,65.1739,30.6664,12.9767,74.6191,396.3314,1532.1493,1465.7325
gpu_type,model_name,num_servers,is_prefix_cached,benchmark_label,scheduler_strategy,output_len,max_concurrency,with_warmup,max_conversations,num_prompts,duration,completed,request_throughput,input_throughput,output_throughput,mean_ttft_ms,median_ttft_ms,std_ttft_ms,p99_ttft_ms,mean_tpot_ms,median_tpot_ms,std_tpot_ms,p99_tpot_ms,mean_itl_ms,median_itl_ms,std_itl_ms,p99_itl_ms,mean_e2e_latency_ms,median_e2e_latency_ms
L4,Qwen/Qwen2.5-1.5B-Instruct,4,True,serve-long-conversations_4-gpu_40-concurrency,prefix_aware,32,40,False,10000,1000,35.8256,1000,27.913,49671.0733,893.215,550.6637,454.3145,304.7642,1549.8445,27.7545,24.9163,10.015,64.5351,26.9644,17.7367,61.7159,264.0173,1411.0545,1315.6283
gpu_type,model_name,num_servers,is_prefix_cached,benchmark_label,scheduler_strategy,output_len,max_concurrency,with_warmup,max_conversations,num_prompts,duration,completed,request_throughput,input_throughput,output_throughput,mean_ttft_ms,median_ttft_ms,std_ttft_ms,p99_ttft_ms,mean_tpot_ms,median_tpot_ms,std_tpot_ms,p99_tpot_ms,mean_itl_ms,median_itl_ms,std_itl_ms,p99_itl_ms,mean_e2e_latency_ms,median_e2e_latency_ms
L4,Qwen/Qwen2.5-1.5B-Instruct,4,True,serve-long-conversations_4-gpu_40-concurrency,prefix_aware,32,40,False,10000,1000,40.6271,1000,24.6141,43800.8026,787.6523,523.7908,454.9591,288.1911,1363.9834,34.8254,31.4539,13.9652,76.7652,34.3488,12.5546,87.0251,422.7357,1603.379,1532.2107
gpu_type,model_name,num_servers,is_prefix_cached,benchmark_label,scheduler_strategy,output_len,max_concurrency,with_warmup,max_conversations,num_prompts,duration,completed,request_throughput,input_throughput,output_throughput,mean_ttft_ms,median_ttft_ms,std_ttft_ms,p99_ttft_ms,mean_tpot_ms,median_tpot_ms,std_tpot_ms,p99_tpot_ms,mean_itl_ms,median_itl_ms,std_itl_ms,p99_itl_ms,mean_e2e_latency_ms,median_e2e_latency_ms
L4,Qwen/Qwen2.5-1.5B-Instruct,4,True,serve-long-conversations_4-gpu_40-concurrency,prefix_aware,32,40,False,10000,1000,36.3376,1000,27.5197,48971.2498,880.6304,525.8207,433.6629,313.7798,1654.268,29.3911,26.9771,10.1495,62.176,28.7821,14.2825,66.6932,302.3547,1436.9455,1339.7503
gpu_type,model_name,num_servers,is_prefix_cached,benchmark_label,scheduler_strategy,output_len,max_concurrency,with_warmup,max_conversations,num_prompts,duration,completed,request_throughput,input_throughput,output_throughput,mean_ttft_ms,median_ttft_ms,std_ttft_ms,p99_ttft_ms,mean_tpot_ms,median_tpot_ms,std_tpot_ms,p99_tpot_ms,mean_itl_ms,median_itl_ms,std_itl_ms,p99_itl_ms,mean_e2e_latency_ms,median_e2e_latency_ms
L4,Qwen/Qwen2.5-1.5B-Instruct,4,True,serve-long-conversations_4-gpu_40-concurrency,prefix_aware,32,40,False,10000,1000,37.3493,1000,26.7742,47644.6888,856.7754,683.5971,624.267,361.606,1712.1944,25.6774,22.7377,8.678,49.6851,25.1213,9.918,61.2256,300.3707,1479.5951,1450.8098
gpu_type,model_name,num_servers,is_prefix_cached,benchmark_label,scheduler_strategy,output_len,max_concurrency,with_warmup,max_conversations,num_prompts,duration,completed,request_throughput,input_throughput,output_throughput,mean_ttft_ms,median_ttft_ms,std_ttft_ms,p99_ttft_ms,mean_tpot_ms,median_tpot_ms,std_tpot_ms,p99_tpot_ms,mean_itl_ms,median_itl_ms,std_itl_ms,p99_itl_ms,mean_e2e_latency_ms,median_e2e_latency_ms
L4,Qwen/Qwen2.5-1.5B-Instruct,4,True,serve-long-conversations_4-gpu_40-concurrency,prefix_aware,32,40,False,10000,1000,36.9702,1000,27.0488,48133.3363,865.5625,725.8309,704.9277,335.6681,1770.4161,23.3927,19.7259,8.7008,50.0729,22.9153,7.7466,59.194,243.0623,1451.0044,1420.3172
gpu_type,model_name,num_servers,is_prefix_cached,benchmark_label,scheduler_strategy,output_len,max_concurrency,with_warmup,max_conversations,num_prompts,duration,completed,request_throughput,input_throughput,output_throughput,mean_ttft_ms,median_ttft_ms,std_ttft_ms,p99_ttft_ms,mean_tpot_ms,median_tpot_ms,std_tpot_ms,p99_tpot_ms,mean_itl_ms,median_itl_ms,std_itl_ms,p99_itl_ms,mean_e2e_latency_ms,median_e2e_latency_ms
L4,Qwen/Qwen2.5-1.5B-Instruct,4,True,serve-long-conversations_4-gpu_40-concurrency,prefix_aware,32,40,False,10000,1000,37.0615,1000,26.9822,48014.792,863.4308,713.4769,689.3883,356.8633,1765.674,24.1054,20.17,8.6795,50.7765,23.6751,7.1943,59.7383,256.727,1460.7434,1415.6607
gpu_type,model_name,num_servers,is_prefix_cached,benchmark_label,scheduler_strategy,output_len,max_concurrency,with_warmup,max_conversations,num_prompts,duration,completed,request_throughput,input_throughput,output_throughput,mean_ttft_ms,median_ttft_ms,std_ttft_ms,p99_ttft_ms,mean_tpot_ms,median_tpot_ms,std_tpot_ms,p99_tpot_ms,mean_itl_ms,median_itl_ms,std_itl_ms,p99_itl_ms,mean_e2e_latency_ms,median_e2e_latency_ms
L4,Qwen/Qwen2.5-1.5B-Instruct,4,True,serve-long-conversations_4-gpu_40-concurrency,prefix_aware,32,40,False,10000,1000,35.3159,1000,28.3158,50387.941,906.1062,647.8842,606.6317,341.877,1639.2121,24.1566,20.7042,8.1988,48.654,23.6607,9.4877,57.4575,234.1198,1396.7373,1403.1211
gpu_type,model_name,num_servers,is_prefix_cached,benchmark_label,scheduler_strategy,output_len,max_concurrency,with_warmup,max_conversations,num_prompts,duration,completed,request_throughput,input_throughput,output_throughput,mean_ttft_ms,median_ttft_ms,std_ttft_ms,p99_ttft_ms,mean_tpot_ms,median_tpot_ms,std_tpot_ms,p99_tpot_ms,mean_itl_ms,median_itl_ms,std_itl_ms,p99_itl_ms,mean_e2e_latency_ms,median_e2e_latency_ms
L4,Qwen/Qwen2.5-1.5B-Instruct,4,True,serve-long-conversations_4-gpu_40-concurrency,prefix_aware,32,40,False,10000,1000,32.5344,1000,30.7367,54695.9669,983.5757,501.4068,401.9773,290.7687,1478.7257,25.0968,23.3057,7.4787,51.6005,24.4753,15.0837,51.9273,240.323,1279.4061,1214.485
gpu_type,model_name,num_servers,is_prefix_cached,benchmark_label,scheduler_strategy,output_len,max_concurrency,with_warmup,max_conversations,num_prompts,duration,completed,request_throughput,input_throughput,output_throughput,mean_ttft_ms,median_ttft_ms,std_ttft_ms,p99_ttft_ms,mean_tpot_ms,median_tpot_ms,std_tpot_ms,p99_tpot_ms,mean_itl_ms,median_itl_ms,std_itl_ms,p99_itl_ms,mean_e2e_latency_ms,median_e2e_latency_ms
L4,Qwen/Qwen2.5-1.5B-Instruct,4,True,serve-long-conversations_4-gpu_40-concurrency,prefix_aware,32,40,False,10000,1000,32.4512,1000,30.8155,54836.041,986.0946,500.1541,387.332,319.4063,1454.1214,24.9823,22.6934,7.6878,50.4783,24.3566,14.6606,50.6637,225.9069,1274.6056,1204.0177

sweep 3 times:
gpu_type,model_name,num_servers,is_prefix_cached,benchmark_label,scheduler_strategy,output_len,max_concurrency,with_warmup,max_conversations,num_prompts,duration,completed,request_throughput,input_throughput,output_throughput,mean_ttft_ms,median_ttft_ms,std_ttft_ms,p99_ttft_ms,mean_tpot_ms,median_tpot_ms,std_tpot_ms,p99_tpot_ms,mean_itl_ms,median_itl_ms,std_itl_ms,p99_itl_ms,mean_e2e_latency_ms,median_e2e_latency_ms
L4,Qwen/Qwen2.5-1.5B-Instruct,4,True,serve-long-conversations_4-gpu_40-concurrency,random,32,40,False,10000,1000,38.5942,1000,25.9107,46107.9561,829.1409,400.3905,317.3864,259.4851,1422.4651,36.4636,35.8365,12.875,66.2882,36.026,12.7901,83.8647,461.8765,1530.761,1500.5084
L4,Qwen/Qwen2.5-1.5B-Instruct,4,True,serve-long-conversations_4-gpu_40-concurrency,round_robin,32,40,False,10000,1000,37.4993,1000,26.6672,47454.181,853.3495,407.7476,297.7785,300.5496,1384.0865,34.3935,32.8044,11.8093,65.3347,33.8388,15.5469,73.2653,400.4614,1473.9473,1435.392
L4,Qwen/Qwen2.5-1.5B-Instruct,4,True,serve-long-conversations_4-gpu_40-concurrency,pow_of_2,32,40,False,10000,1000,37.1426,1000,26.9232,47909.8391,861.5435,693.5115,651.1948,336.7427,1824.2706,24.8207,21.3863,8.6421,52.4999,24.3144,8.7035,60.3018,300.9189,1462.9532,1439.0901
L4,Qwen/Qwen2.5-1.5B-Instruct,4,True,serve-long-conversations_4-gpu_40-concurrency,prefix_aware,32,40,False,10000,1000,33.2556,1000,30.0701,53509.6675,962.2429,543.2007,419.6123,347.0396,1683.8151,24.9451,22.9708,7.4314,49.1965,24.3079,15.0471,51.4271,220.4592,1316.5003,1251.2225

L4,Qwen/Qwen2.5-1.5B-Instruct,4,True,serve-long-conversations_4-gpu_40-concurrency,random,32,40,False,10000,1000,39.1889,1000,25.5175,45408.2728,816.5588,399.4424,320.7447,283.5122,1467.6595,37.1103,34.1912,15.2589,75.5388,36.7508,10.908,94.6731,482.8164,1549.8631,1489.9012
L4,Qwen/Qwen2.5-1.5B-Instruct,4,True,serve-long-conversations_4-gpu_40-concurrency,round_robin,32,40,False,10000,1000,37.8405,1000,26.4267,47026.2383,845.654,466.3094,341.9912,329.2045,1380.6871,33.21,33.2463,10.5692,61.9566,32.6191,16.1276,72.8616,399.8109,1495.8197,1513.0851
L4,Qwen/Qwen2.5-1.5B-Instruct,4,True,serve-long-conversations_4-gpu_40-concurrency,pow_of_2,32,40,False,10000,1000,37.5334,1000,26.643,47411.0805,852.5745,737.7686,733.4567,344.326,1794.7176,24.1793,20.251,8.7418,49.1157,23.6751,7.4101,59.4856,250.8118,1487.3261,1484.5044
L4,Qwen/Qwen2.5-1.5B-Instruct,4,True,serve-long-conversations_4-gpu_40-concurrency,prefix_aware,32,40,False,10000,1000,33.1301,1000,30.1841,53712.4764,965.89,520.9544,399.6695,317.5067,1508.0609,25.2395,23.0845,7.8704,54.6264,24.5987,13.7895,54.7663,220.9685,1303.3797,1215.7

L4,Qwen/Qwen2.5-1.5B-Instruct,4,True,serve-long-conversations_4-gpu_40-concurrency,random,32,40,False,10000,1000,40.2643,1000,24.8359,44195.3823,794.7479,453.967,358.3183,313.6408,1484.7941,36.3389,32.9285,14.2758,74.3773,35.8798,12.7868,91.9728,501.2167,1580.4734,1491.4779
L4,Qwen/Qwen2.5-1.5B-Instruct,4,True,serve-long-conversations_4-gpu_40-concurrency,round_robin,32,40,False,10000,1000,37.7445,1000,26.4939,47145.8565,847.8051,403.1429,286.7081,313.9841,1358.558,35.1453,34.3991,11.0582,68.172,34.6284,16.3964,70.9237,380.3075,1492.6461,1474.7883
L4,Qwen/Qwen2.5-1.5B-Instruct,4,True,serve-long-conversations_4-gpu_40-concurrency,pow_of_2,32,40,False,10000,1000,37.6353,1000,26.5708,47282.7441,850.2667,773.6166,780.787,325.186,1773.3334,22.8151,19.4512,8.3324,49.4309,22.3352,5.8238,56.6383,239.1907,1480.8849,1475.7275
L4,Qwen/Qwen2.5-1.5B-Instruct,4,True,serve-long-conversations_4-gpu_40-concurrency,prefix_aware,32,40,False,10000,1000,33.3727,1000,29.9646,53321.9666,958.8676,531.5107,447.0595,320.0443,1751.0684,25.1526,23.1112,7.2831,48.1531,24.535,15.0948,51.6117,230.543,1311.2402,1257.4949
gpu_type,model_name,num_servers,is_prefix_cached,benchmark_label,scheduler_strategy,output_len,max_concurrency,with_warmup,max_conversations,num_prompts,duration,completed,request_throughput,input_throughput,output_throughput,mean_ttft_ms,median_ttft_ms,std_ttft_ms,p99_ttft_ms,mean_tpot_ms,median_tpot_ms,std_tpot_ms,p99_tpot_ms,mean_itl_ms,median_itl_ms,std_itl_ms,p99_itl_ms,mean_e2e_latency_ms,median_e2e_latency_ms
L4,Qwen/Qwen2.5-1.5B-Instruct,4,True,serve-long-conversations_4-gpu_40-concurrency,pow_of_2,32,40,False,10000,1000,37.5088,1000,26.6604,47442.1269,853.1328,707.2529,725.8226,323.087,1383.5194,24.8026,21.5314,8.2336,49.1774,24.3571,7.694,58.5485,262.2553,1476.1343,1505.8502
gpu_type,model_name,num_servers,is_prefix_cached,benchmark_label,scheduler_strategy,output_len,max_concurrency,with_warmup,max_conversations,num_prompts,duration,completed,request_throughput,input_throughput,output_throughput,mean_ttft_ms,median_ttft_ms,std_ttft_ms,p99_ttft_ms,mean_tpot_ms,median_tpot_ms,std_tpot_ms,p99_tpot_ms,mean_itl_ms,median_itl_ms,std_itl_ms,p99_itl_ms,mean_e2e_latency_ms,median_e2e_latency_ms
L4,Qwen/Qwen2.5-1.5B-Instruct,4,True,serve-long-conversations_4-gpu_40-concurrency,prefix_aware,32,40,False,10000,1000,34.3597,1000,29.1039,51790.3191,931.3246,567.257,418.5421,396.7495,2233.7505,25.3451,22.6369,8.4772,55.4407,24.6952,16.353,55.9654,227.3845,1352.9565,1249.2673
gpu_type,model_name,num_servers,is_prefix_cached,benchmark_label,scheduler_strategy,output_len,max_concurrency,with_warmup,max_conversations,num_prompts,duration,completed,request_throughput,input_throughput,output_throughput,mean_ttft_ms,median_ttft_ms,std_ttft_ms,p99_ttft_ms,mean_tpot_ms,median_tpot_ms,std_tpot_ms,p99_tpot_ms,mean_itl_ms,median_itl_ms,std_itl_ms,p99_itl_ms,mean_e2e_latency_ms,median_e2e_latency_ms
L4,Qwen/Qwen2.5-1.5B-Instruct,4,True,serve-long-conversations_4-gpu_40-concurrency,prefix_aware,32,40,False,10000,1000,33.8474,1000,29.5444,52574.1701,945.4202,544.3474,410.3584,362.3482,1906.5271,25.3154,23.6649,8.0371,53.5198,24.6443,14.8239,54.4511,239.3495,1329.1248,1247.1546
gpu_type,model_name,num_servers,is_prefix_cached,benchmark_label,scheduler_strategy,output_len,max_concurrency,with_warmup,max_conversations,num_prompts,duration,completed,request_throughput,input_throughput,output_throughput,mean_ttft_ms,median_ttft_ms,std_ttft_ms,p99_ttft_ms,mean_tpot_ms,median_tpot_ms,std_tpot_ms,p99_tpot_ms,mean_itl_ms,median_itl_ms,std_itl_ms,p99_itl_ms,mean_e2e_latency_ms,median_e2e_latency_ms
L4,Qwen/Qwen2.5-1.5B-Instruct,4,True,serve-long-conversations_4-gpu_40-concurrency,prefix_aware,32,40,False,10000,1000,35.9316,1000,27.8307,49524.6527,890.582,635.7823,521.7446,415.1926,2109.4842,24.7541,21.886,8.5502,52.7933,24.193,9.9733,56.7176,233.793,1403.1602,1359.105
gpu_type,model_name,num_servers,is_prefix_cached,benchmark_label,scheduler_strategy,output_len,max_concurrency,with_warmup,max_conversations,num_prompts,duration,completed,request_throughput,input_throughput,output_throughput,mean_ttft_ms,median_ttft_ms,std_ttft_ms,p99_ttft_ms,mean_tpot_ms,median_tpot_ms,std_tpot_ms,p99_tpot_ms,mean_itl_ms,median_itl_ms,std_itl_ms,p99_itl_ms,mean_e2e_latency_ms,median_e2e_latency_ms
L4,Qwen/Qwen2.5-1.5B-Instruct,4,True,serve-long-conversations_4-gpu_40-concurrency,prefix_aware,32,40,False,10000,1000,33.6417,1000,29.725,52895.6234,951.2008,527.5823,422.1016,316.9336,1647.3365,25.7761,23.6726,7.9652,55.1123,24.9599,17.0095,52.9042,222.1817,1326.642,1262.9614
gpu_type,model_name,num_servers,is_prefix_cached,benchmark_label,scheduler_strategy,output_len,max_concurrency,with_warmup,max_conversations,num_prompts,duration,completed,request_throughput,input_throughput,output_throughput,mean_ttft_ms,median_ttft_ms,std_ttft_ms,p99_ttft_ms,mean_tpot_ms,median_tpot_ms,std_tpot_ms,p99_tpot_ms,mean_itl_ms,median_itl_ms,std_itl_ms,p99_itl_ms,mean_e2e_latency_ms,median_e2e_latency_ms
L4,Qwen/Qwen2.5-1.5B-Instruct,4,True,serve-long-conversations_4-gpu_40-concurrency,prefix_aware,32,40,False,10000,1000,32.4777,1000,30.7903,54791.359,985.2911,483.5039,360.4718,311.322,1665.1815,25.592,23.7017,7.578,49.51,24.8292,16.641,50.4704,226.7604,1276.855,1209.3574

sweep 3:
gpu_type,model_name,num_servers,is_prefix_cached,benchmark_label,scheduler_strategy,output_len,max_concurrency,with_warmup,max_conversations,num_prompts,duration,completed,request_throughput,input_throughput,output_throughput,mean_ttft_ms,median_ttft_ms,std_ttft_ms,p99_ttft_ms,mean_tpot_ms,median_tpot_ms,std_tpot_ms,p99_tpot_ms,mean_itl_ms,median_itl_ms,std_itl_ms,p99_itl_ms,mean_e2e_latency_ms,median_e2e_latency_ms
L4,Qwen/Qwen2.5-1.5B-Instruct,4,True,serve-long-conversations_4-gpu_40-concurrency,random,32,40,False,10000,1000,39.3973,1000,25.3824,45167.963,812.2374,435.0375,350.4541,300.5614,1625.8169,36.273,33.5356,14.2197,77.3022,35.8534,13.9173,93.6057,473.3603,1559.4997,1464.2697
L4,Qwen/Qwen2.5-1.5B-Instruct,4,True,serve-long-conversations_4-gpu_40-concurrency,round_robin,32,40,False,10000,1000,38.4239,1000,26.0255,46312.299,832.8155,493.3904,336.1272,346.5315,1408.3092,32.9634,31.5547,11.1921,64.8873,32.2748,17.3225,70.6351,357.146,1515.2568,1530.0358
L4,Qwen/Qwen2.5-1.5B-Instruct,4,True,serve-long-conversations_4-gpu_40-concurrency,pow_of_2,32,40,False,10000,1000,38.4506,1000,26.0074,46280.0592,832.2358,703.7943,703.5746,309.8898,1510.0319,25.9501,22.5309,8.5074,51.178,25.3276,10.8047,61.7162,266.0942,1508.2482,1549.7418
L4,Qwen/Qwen2.5-1.5B-Instruct,4,True,serve-long-conversations_4-gpu_40-concurrency,prefix_aware,32,40,False,10000,1000,32.6139,1000,30.6618,54562.642,981.1781,491.6413,369.3774,325.7104,1673.0335,25.6707,23.8031,7.8499,53.8633,24.9164,18.643,52.958,241.3396,1287.4339,1192.5799

L4,Qwen/Qwen2.5-1.5B-Instruct,4,True,serve-long-conversations_4-gpu_40-concurrency,random,32,40,False,10000,1000,38.8957,1000,25.7098,45750.5387,822.7136,448.0759,366.3169,305.6101,1961.0778,35.0505,32.6905,13.4898,77.7237,34.5914,13.8176,85.7384,471.8607,1534.6404,1471.7935
L4,Qwen/Qwen2.5-1.5B-Instruct,4,True,serve-long-conversations_4-gpu_40-concurrency,round_robin,32,40,False,10000,1000,37.6422,1000,26.5659,47273.9864,850.1092,422.8007,306.5394,316.0484,1398.158,34.2058,33.1896,10.684,64.7747,33.6208,17.8466,66.0131,348.9133,1483.1797,1450.4502
L4,Qwen/Qwen2.5-1.5B-Instruct,4,True,serve-long-conversations_4-gpu_40-concurrency,pow_of_2,32,40,False,10000,1000,38.269,1000,26.1308,46499.7049,836.1856,746.0387,749.7858,345.0508,1780.9981,24.556,21.2303,8.746,53.9918,24.0108,8.3351,57.6096,228.3128,1507.2734,1470.2768
L4,Qwen/Qwen2.5-1.5B-Instruct,4,True,serve-long-conversations_4-gpu_40-concurrency,prefix_aware,32,40,False,10000,1000,33.2383,1000,30.0857,53537.5235,962.7438,513.8101,396.3668,329.7319,1647.1568,25.6459,23.542,8.3234,57.4793,24.8896,16.8063,54.7121,225.48,1308.8343,1190.9381
gpu_type,model_name,num_servers,is_prefix_cached,benchmark_label,scheduler_strategy,output_len,max_concurrency,with_warmup,max_conversations,num_prompts,duration,completed,request_throughput,input_throughput,output_throughput,mean_ttft_ms,median_ttft_ms,std_ttft_ms,p99_ttft_ms,mean_tpot_ms,median_tpot_ms,std_tpot_ms,p99_tpot_ms,mean_itl_ms,median_itl_ms,std_itl_ms,p99_itl_ms,mean_e2e_latency_ms,median_e2e_latency_ms
L4,Qwen/Qwen2.5-1.5B-Instruct,4,True,serve-long-conversations_4-gpu_40-concurrency,random,32,40,False,10000,10,1.2401,10,8.0637,14360.7322,258.04,625.6579,664.3145,156.3618,772.5722,14.397,14.4487,0.7668,15.2227,14.2707,2.0203,20.7192,52.0759,1071.964,1112.18
gpu_type,model_name,num_servers,is_prefix_cached,benchmark_label,scheduler_strategy,output_len,max_concurrency,with_warmup,max_conversations,num_prompts,duration,completed,request_throughput,input_throughput,output_throughput,mean_ttft_ms,median_ttft_ms,std_ttft_ms,p99_ttft_ms,mean_tpot_ms,median_tpot_ms,std_tpot_ms,p99_tpot_ms,mean_itl_ms,median_itl_ms,std_itl_ms,p99_itl_ms,mean_e2e_latency_ms,median_e2e_latency_ms
L4,Qwen/Qwen2.5-1.5B-Instruct,4,True,serve-long-conversations_4-gpu_40-concurrency,round_robin,32,40,False,10000,10,0.9983,10,10.017,17839.3632,320.5456,440.5495,477.9887,88.839,539.5877,15.6736,14.7395,2.1427,20.0503,15.6066,1.3577,26.1647,53.4366,926.432,918.4922
gpu_type,model_name,num_servers,is_prefix_cached,benchmark_label,scheduler_strategy,output_len,max_concurrency,with_warmup,max_conversations,num_prompts,duration,completed,request_throughput,input_throughput,output_throughput,mean_ttft_ms,median_ttft_ms,std_ttft_ms,p99_ttft_ms,mean_tpot_ms,median_tpot_ms,std_tpot_ms,p99_tpot_ms,mean_itl_ms,median_itl_ms,std_itl_ms,p99_itl_ms,mean_e2e_latency_ms,median_e2e_latency_ms
L4,Qwen/Qwen2.5-1.5B-Instruct,4,True,serve-long-conversations_4-gpu_40-concurrency,pow_of_2,32,40,False,10000,10,1.0278,10,9.7298,17327.8692,311.3548,483.7191,573.6121,137.5718,578.5475,14.2808,13.9773,1.4548,17.8343,14.2282,1.8307,22.8598,51.6229,926.424,1009.8496
gpu_type,model_name,num_servers,is_prefix_cached,benchmark_label,scheduler_strategy,output_len,max_concurrency,with_warmup,max_conversations,num_prompts,duration,completed,request_throughput,input_throughput,output_throughput,mean_ttft_ms,median_ttft_ms,std_ttft_ms,p99_ttft_ms,mean_tpot_ms,median_tpot_ms,std_tpot_ms,p99_tpot_ms,mean_itl_ms,median_itl_ms,std_itl_ms,p99_itl_ms,mean_e2e_latency_ms,median_e2e_latency_ms
L4,Qwen/Qwen2.5-1.5B-Instruct,4,True,serve-long-conversations_4-gpu_40-concurrency,prefix_aware,32,40,False,10000,10,1.0494,10,9.529,16970.2076,304.9282,489.8582,508.2761,83.3498,586.0459,15.9297,15.1579,2.5136,20.8208,15.8396,0.6959,26.4086,51.8363,983.6775,1014.069
gpu_type,model_name,num_servers,is_prefix_cached,benchmark_label,scheduler_strategy,output_len,max_concurrency,with_warmup,max_conversations,num_prompts,duration,completed,request_throughput,input_throughput,output_throughput,mean_ttft_ms,median_ttft_ms,std_ttft_ms,p99_ttft_ms,mean_tpot_ms,median_tpot_ms,std_tpot_ms,p99_tpot_ms,mean_itl_ms,median_itl_ms,std_itl_ms,p99_itl_ms,mean_e2e_latency_ms,median_e2e_latency_ms
L4,Qwen/Qwen2.5-1.5B-Instruct,4,True,serve-long-conversations_4-gpu_40-concurrency,prefix_aware,32,40,False,10000,10,1.74,10,5.7473,10235.3199,183.9128,1109.5351,1183.0086,269.4126,1226.0972,20.137,17.6293,8.7553,43.7746,19.8549,1.5026,54.893,51.6838,1733.7836,1735.0473
gpu_type,model_name,num_servers,is_prefix_cached,benchmark_label,scheduler_strategy,output_len,max_concurrency,with_warmup,max_conversations,num_prompts,duration,completed,request_throughput,input_throughput,output_throughput,mean_ttft_ms,median_ttft_ms,std_ttft_ms,p99_ttft_ms,mean_tpot_ms,median_tpot_ms,std_tpot_ms,p99_tpot_ms,mean_itl_ms,median_itl_ms,std_itl_ms,p99_itl_ms,mean_e2e_latency_ms,median_e2e_latency_ms
L4,Qwen/Qwen2.5-1.5B-Instruct,4,True,serve-long-conversations_4-gpu_40-concurrency,prefix_aware,32,40,False,10000,1000,48.3798,1000,20.6698,36781.8406,661.4331,1061.3862,917.6631,563.6983,2665.3635,27.1454,23.6977,13.0618,73.2983,26.4439,14.0995,72.1573,223.6209,1902.8929,1638.2055

3/27:
gpu_type,model_name,num_servers,is_prefix_cached,benchmark_label,scheduler_strategy,output_len,max_concurrency,with_warmup,max_conversations,num_prompts,duration,completed,request_throughput,input_throughput,output_throughput,mean_ttft_ms,median_ttft_ms,std_ttft_ms,p99_ttft_ms,mean_tpot_ms,median_tpot_ms,std_tpot_ms,p99_tpot_ms,mean_itl_ms,median_itl_ms,std_itl_ms,p99_itl_ms,mean_e2e_latency_ms,median_e2e_latency_ms
L4,Qwen/Qwen2.5-1.5B-Instruct,4,True,serve-long-conversations_4-gpu_40-concurrency,prefix_aware,32,40,False,10000,1000,46.6136,1000,21.453,38175.511,686.4949,991.7822,812.7337,548.1184,2807.1961,27.2942,23.3398,12.1658,72.2702,26.6847,12.5512,69.0465,245.4785,1837.9035,1591.8365
gpu_type,model_name,num_servers,is_prefix_cached,benchmark_label,scheduler_strategy,output_len,max_concurrency,with_warmup,max_conversations,num_prompts,duration,completed,request_throughput,input_throughput,output_throughput,mean_ttft_ms,median_ttft_ms,std_ttft_ms,p99_ttft_ms,mean_tpot_ms,median_tpot_ms,std_tpot_ms,p99_tpot_ms,mean_itl_ms,median_itl_ms,std_itl_ms,p99_itl_ms,mean_e2e_latency_ms,median_e2e_latency_ms
L4,Qwen/Qwen2.5-1.5B-Instruct,4,True,serve-long-conversations_4-gpu_40-concurrency,prefix_aware,32,40,False,10000,1000,33.2199,1000,30.1024,53567.1768,963.2771,549.6142,368.8844,428.4433,1811.3858,24.51,23.064,7.3644,56.4472,23.848,15.3461,48.6894,198.7986,1309.4239,1171.3237
gpu_type,model_name,num_servers,is_prefix_cached,benchmark_label,scheduler_strategy,output_len,max_concurrency,with_warmup,max_conversations,num_prompts,duration,completed,request_throughput,input_throughput,output_throughput,mean_ttft_ms,median_ttft_ms,std_ttft_ms,p99_ttft_ms,mean_tpot_ms,median_tpot_ms,std_tpot_ms,p99_tpot_ms,mean_itl_ms,median_itl_ms,std_itl_ms,p99_itl_ms,mean_e2e_latency_ms,median_e2e_latency_ms
L4,Qwen/Qwen2.5-1.5B-Instruct,4,True,serve-long-conversations_4-gpu_40-concurrency,fake,32,20,False,10000,200,12.0982,200,16.5313,29471.8199,529.0028,405.7997,373.209,209.7163,938.4351,24.747,22.8384,8.4572,42.3605,24.5348,2.1616,56.6372,283.6319,1172.9566,1174.7839
gpu_type,model_name,num_servers,is_prefix_cached,benchmark_label,scheduler_strategy,output_len,max_concurrency,with_warmup,max_conversations,num_prompts,duration,completed,request_throughput,input_throughput,output_throughput,mean_ttft_ms,median_ttft_ms,std_ttft_ms,p99_ttft_ms,mean_tpot_ms,median_tpot_ms,std_tpot_ms,p99_tpot_ms,mean_itl_ms,median_itl_ms,std_itl_ms,p99_itl_ms,mean_e2e_latency_ms,median_e2e_latency_ms
L4,Qwen/Qwen2.5-1.5B-Instruct,4,True,serve-long-conversations_4-gpu_40-concurrency,fake,32,20,False,10000,200,24.19,200,8.2679,14739.862,264.5723,1636.2367,1675.8557,531.0699,2213.6199,25.0749,21.3417,13.6293,76.2765,24.4832,4.1838,82.4323,55.9755,2413.559,2479.694
gpu_type,model_name,num_servers,is_prefix_cached,benchmark_label,scheduler_strategy,output_len,max_concurrency,with_warmup,max_conversations,num_prompts,duration,completed,request_throughput,input_throughput,output_throughput,mean_ttft_ms,median_ttft_ms,std_ttft_ms,p99_ttft_ms,mean_tpot_ms,median_tpot_ms,std_tpot_ms,p99_tpot_ms,mean_itl_ms,median_itl_ms,std_itl_ms,p99_itl_ms,mean_e2e_latency_ms,median_e2e_latency_ms
L4,Qwen/Qwen2.5-1.5B-Instruct,1,True,serve-long-conversations_4-gpu_40-concurrency,fake,32,20,False,10000,200,23.8781,200,8.3759,14932.4052,268.0284,1600.5531,1662.2276,540.8484,2212.6153,25.2302,21.2555,13.2195,76.7871,24.6925,4.2611,80.5813,58.2848,2382.6901,2451.9472
gpu_type,model_name,num_servers,is_prefix_cached,benchmark_label,scheduler_strategy,output_len,max_concurrency,with_warmup,max_conversations,num_prompts,duration,completed,request_throughput,input_throughput,output_throughput,mean_ttft_ms,median_ttft_ms,std_ttft_ms,p99_ttft_ms,mean_tpot_ms,median_tpot_ms,std_tpot_ms,p99_tpot_ms,mean_itl_ms,median_itl_ms,std_itl_ms,p99_itl_ms,mean_e2e_latency_ms,median_e2e_latency_ms
L4,Qwen/Qwen2.5-1.5B-Instruct,1,True,serve-long-conversations_4-gpu_40-concurrency,fake,32,20,False,10000,200,23.7398,200,8.4247,15019.375,269.5894,1576.3815,1607.6179,526.6988,2185.4679,25.5374,21.424,13.6663,74.2555,25.0017,3.8723,83.2204,59.8563,2368.0414,2418.5029
gpu_type,model_name,num_servers,is_prefix_cached,benchmark_label,scheduler_strategy,output_len,max_concurrency,with_warmup,max_conversations,num_prompts,duration,completed,request_throughput,input_throughput,output_throughput,mean_ttft_ms,median_ttft_ms,std_ttft_ms,p99_ttft_ms,mean_tpot_ms,median_tpot_ms,std_tpot_ms,p99_tpot_ms,mean_itl_ms,median_itl_ms,std_itl_ms,p99_itl_ms,mean_e2e_latency_ms,median_e2e_latency_ms
L4,Qwen/Qwen2.5-1.5B-Instruct,1,True,serve-long-conversations_4-gpu_40-concurrency,fake,32,20,False,10000,200,24.0235,200,8.3252,14842.0271,266.4061,1616.5132,1668.5472,505.1659,2181.3006,25.1653,21.4062,13.6268,72.0608,24.6432,4.4219,82.5906,56.6281,2396.6383,2471.4777
gpu_type,model_name,num_servers,is_prefix_cached,benchmark_label,scheduler_strategy,output_len,max_concurrency,with_warmup,max_conversations,num_prompts,duration,completed,request_throughput,input_throughput,output_throughput,mean_ttft_ms,median_ttft_ms,std_ttft_ms,p99_ttft_ms,mean_tpot_ms,median_tpot_ms,std_tpot_ms,p99_tpot_ms,mean_itl_ms,median_itl_ms,std_itl_ms,p99_itl_ms,mean_e2e_latency_ms,median_e2e_latency_ms
L4,Qwen/Qwen2.5-1.5B-Instruct,1,True,serve-long-conversations_4-gpu_40-concurrency,fake,32,20,False,10000,200,44.0422,200,4.5411,8095.8045,145.3152,1625.2368,1620.5602,507.7703,2195.378,24.8171,21.4453,13.3642,74.7149,24.2987,4.006,81.5862,58.8513,2394.5666,2449.9766
gpu_type,model_name,num_servers,is_prefix_cached,benchmark_label,scheduler_strategy,output_len,max_concurrency,with_warmup,max_conversations,num_prompts,duration,completed,request_throughput,input_throughput,output_throughput,mean_ttft_ms,median_ttft_ms,std_ttft_ms,p99_ttft_ms,mean_tpot_ms,median_tpot_ms,std_tpot_ms,p99_tpot_ms,mean_itl_ms,median_itl_ms,std_itl_ms,p99_itl_ms,mean_e2e_latency_ms,median_e2e_latency_ms
L4,Qwen/Qwen2.5-1.5B-Instruct,1,True,serve-long-conversations_4-gpu_40-concurrency,fake,32,20,False,10000,200,44.239,200,4.5209,8059.7876,144.6687,3546.5122,1713.385,5882.3849,21919.4525,24.6893,21.4763,13.2226,76.4538,24.158,4.6531,79.6002,56.7596,4311.8809,2491.1211
gpu_type,model_name,num_servers,is_prefix_cached,benchmark_label,scheduler_strategy,output_len,max_concurrency,with_warmup,max_conversations,num_prompts,duration,completed,request_throughput,input_throughput,output_throughput,mean_ttft_ms,median_ttft_ms,std_ttft_ms,p99_ttft_ms,mean_tpot_ms,median_tpot_ms,std_tpot_ms,p99_tpot_ms,mean_itl_ms,median_itl_ms,std_itl_ms,p99_itl_ms,mean_e2e_latency_ms,median_e2e_latency_ms
L4,Qwen/Qwen2.5-1.5B-Instruct,1,True,serve-long-conversations_4-gpu_40-concurrency,fake,32,20,False,10000,200,23.9982,200,8.334,14857.6472,266.6865,1594.6468,1667.5263,536.0723,2202.9422,25.8166,21.5216,13.9778,74.8235,25.3045,4.0211,87.2465,57.2188,2394.9622,2465.5529
gpu_type,model_name,num_servers,is_prefix_cached,benchmark_label,scheduler_strategy,output_len,max_concurrency,with_warmup,max_conversations,num_prompts,duration,completed,request_throughput,input_throughput,output_throughput,mean_ttft_ms,median_ttft_ms,std_ttft_ms,p99_ttft_ms,mean_tpot_ms,median_tpot_ms,std_tpot_ms,p99_tpot_ms,mean_itl_ms,median_itl_ms,std_itl_ms,p99_itl_ms,mean_e2e_latency_ms,median_e2e_latency_ms
L4,Qwen/Qwen2.5-1.5B-Instruct,1,True,serve-long-conversations_4-gpu_40-concurrency,fake,32,20,False,10000,200,24.2631,200,8.243,14695.4264,263.7747,1663.4644,1707.9865,504.5126,2278.0251,24.4317,21.3452,13.0155,76.6275,23.8583,5.2533,78.5159,57.0818,2420.8484,2501.2132
gpu_type,model_name,num_servers,is_prefix_cached,benchmark_label,scheduler_strategy,output_len,max_concurrency,with_warmup,max_conversations,num_prompts,duration,completed,request_throughput,input_throughput,output_throughput,mean_ttft_ms,median_ttft_ms,std_ttft_ms,p99_ttft_ms,mean_tpot_ms,median_tpot_ms,std_tpot_ms,p99_tpot_ms,mean_itl_ms,median_itl_ms,std_itl_ms,p99_itl_ms,mean_e2e_latency_ms,median_e2e_latency_ms
L4,Qwen/Qwen2.5-1.5B-Instruct,1,True,serve-long-conversations_4-gpu_40-concurrency,fake,32,20,False,10000,200,23.9108,200,8.3644,14911.9936,267.662,1218.5735,1469.1719,560.5409,1810.0841,35.6193,27.2707,18.1318,80.338,35.1505,6.4698,121.1649,221.3088,2322.7725,2345.0626
gpu_type,model_name,num_servers,is_prefix_cached,benchmark_label,scheduler_strategy,output_len,max_concurrency,with_warmup,max_conversations,num_prompts,duration,completed,request_throughput,input_throughput,output_throughput,mean_ttft_ms,median_ttft_ms,std_ttft_ms,p99_ttft_ms,mean_tpot_ms,median_tpot_ms,std_tpot_ms,p99_tpot_ms,mean_itl_ms,median_itl_ms,std_itl_ms,p99_itl_ms,mean_e2e_latency_ms,median_e2e_latency_ms
L4,Qwen/Qwen2.5-1.5B-Instruct,1,True,serve-long-conversations_4-gpu_40-concurrency,fake,32,20,False,10000,200,39.4196,200,5.0736,9045.1714,162.3558,237.0039,164.9753,153.1407,664.0511,31.6516,26.5855,16.1156,79.8379,31.5374,1.0485,87.06,302.2272,1218.2039,1055.4349
gpu_type,model_name,num_servers,is_prefix_cached,benchmark_label,scheduler_strategy,output_len,max_concurrency,with_warmup,max_conversations,num_prompts,duration,completed,request_throughput,input_throughput,output_throughput,mean_ttft_ms,median_ttft_ms,std_ttft_ms,p99_ttft_ms,mean_tpot_ms,median_tpot_ms,std_tpot_ms,p99_tpot_ms,mean_itl_ms,median_itl_ms,std_itl_ms,p99_itl_ms,mean_e2e_latency_ms,median_e2e_latency_ms
L4,Qwen/Qwen2.5-1.5B-Instruct,1,True,serve-long-conversations_4-gpu_40-concurrency,fake,32,20,False,10000,200,28.4241,200,7.0363,12544.1924,225.1613,331.9384,235.6226,237.1817,969.6157,43.4682,41.8573,16.9509,81.0995,43.2705,3.7656,114.4304,523.5131,1679.454,1558.051

3/28:
gpu_type,model_name,num_servers,is_prefix_cached,benchmark_label,scheduler_strategy,min_output_len,max_output_len,max_concurrency,with_warmup,disable_ignore_eos,max_conversations,num_prompts,duration,completed,request_throughput,input_throughput,output_throughput,mean_ttft_ms,median_ttft_ms,std_ttft_ms,p99_ttft_ms,mean_tpot_ms,median_tpot_ms,std_tpot_ms,p99_tpot_ms,mean_itl_ms,median_itl_ms,std_itl_ms,p99_itl_ms,mean_e2e_latency_ms,median_e2e_latency_ms
L4,Qwen/Qwen2.5-1.5B-Instruct,4,True,long-conversations_4-gpu_40-concurrency_varied-output-length,random,100,200,40,False,False,10000,1000,88.7677,1000,11.2654,20046.6804,1692.1242,241.3028,191.5979,214.1995,1339.1061,21.6542,22.1353,5.199,32.4412,23.0233,12.1788,36.2636,158.6113,3459.7148,3414.3176
gpu_type,model_name,num_servers,is_prefix_cached,benchmark_label,scheduler_strategy,min_output_len,max_output_len,max_concurrency,with_warmup,disable_ignore_eos,max_conversations,num_prompts,duration,completed,request_throughput,input_throughput,output_throughput,mean_ttft_ms,median_ttft_ms,std_ttft_ms,p99_ttft_ms,mean_tpot_ms,median_tpot_ms,std_tpot_ms,p99_tpot_ms,mean_itl_ms,median_itl_ms,std_itl_ms,p99_itl_ms,mean_e2e_latency_ms,median_e2e_latency_ms
L4,Qwen/Qwen2.5-1.5B-Instruct,4,True,long-conversations_4-gpu_40-concurrency_varied-output-length,round_robin,100,200,40,False,False,10000,1000,87.8315,1000,11.3854,20260.3635,1710.161,230.2644,193.4025,216.8548,1408.1206,21.5683,22.7723,4.3127,26.4925,22.8932,14.0436,29.6164,128.39,3433.1868,3415.792
gpu_type,model_name,num_servers,is_prefix_cached,benchmark_label,scheduler_strategy,min_output_len,max_output_len,max_concurrency,with_warmup,disable_ignore_eos,max_conversations,num_prompts,duration,completed,request_throughput,input_throughput,output_throughput,mean_ttft_ms,median_ttft_ms,std_ttft_ms,p99_ttft_ms,mean_tpot_ms,median_tpot_ms,std_tpot_ms,p99_tpot_ms,mean_itl_ms,median_itl_ms,std_itl_ms,p99_itl_ms,mean_e2e_latency_ms,median_e2e_latency_ms
L4,Qwen/Qwen2.5-1.5B-Instruct,4,True,long-conversations_4-gpu_40-concurrency_varied-output-length,pow_of_2,100,200,40,False,False,10000,1000,86.7317,1000,11.5298,20517.273,1731.8466,250.7643,198.8676,234.9913,1505.5726,21.1312,22.2555,4.1257,26.0424,22.4564,11.5807,33.1098,158.1933,3390.9051,3374.1342
gpu_type,model_name,num_servers,is_prefix_cached,benchmark_label,scheduler_strategy,min_output_len,max_output_len,max_concurrency,with_warmup,disable_ignore_eos,max_conversations,num_prompts,duration,completed,request_throughput,input_throughput,output_throughput,mean_ttft_ms,median_ttft_ms,std_ttft_ms,p99_ttft_ms,mean_tpot_ms,median_tpot_ms,std_tpot_ms,p99_tpot_ms,mean_itl_ms,median_itl_ms,std_itl_ms,p99_itl_ms,mean_e2e_latency_ms,median_e2e_latency_ms
L4,Qwen/Qwen2.5-1.5B-Instruct,4,True,long-conversations_4-gpu_40-concurrency_varied-output-length,prefix_aware,100,200,40,False,False,10000,1000,80.9387,1000,12.355,21985.7479,1855.7994,313.3285,256.7737,300.4532,2210.51,19.0532,19.6996,3.9214,25.1493,20.1913,19.2416,26.3334,96.0374,3144.2573,3148.8934

gpu_type,model_name,num_servers,is_prefix_cached,benchmark_label,scheduler_strategy,min_output_len,max_output_len,max_concurrency,with_warmup,disable_ignore_eos,max_conversations,num_prompts,duration,completed,request_throughput,input_throughput,output_throughput,mean_ttft_ms,median_ttft_ms,std_ttft_ms,p99_ttft_ms,mean_tpot_ms,median_tpot_ms,std_tpot_ms,p99_tpot_ms,mean_itl_ms,median_itl_ms,std_itl_ms,p99_itl_ms,mean_e2e_latency_ms,median_e2e_latency_ms
L4,Qwen/Qwen2.5-1.5B-Instruct,4,True,long-conversations_4-gpu_20-concurrency_varied-output-length,random,100,200,20,False,False,10000,500,72.9838,500,6.8508,12180.9435,1028.2973,195.8316,166.5064,148.1006,902.4414,17.9449,18.1283,3.4142,24.3303,18.7805,1.5832,29.961,102.528,2857.3685,2867.034
gpu_type,model_name,num_servers,is_prefix_cached,benchmark_label,scheduler_strategy,min_output_len,max_output_len,max_concurrency,with_warmup,disable_ignore_eos,max_conversations,num_prompts,duration,completed,request_throughput,input_throughput,output_throughput,mean_ttft_ms,median_ttft_ms,std_ttft_ms,p99_ttft_ms,mean_tpot_ms,median_tpot_ms,std_tpot_ms,p99_tpot_ms,mean_itl_ms,median_itl_ms,std_itl_ms,p99_itl_ms,mean_e2e_latency_ms,median_e2e_latency_ms
L4,Qwen/Qwen2.5-1.5B-Instruct,4,True,long-conversations_4-gpu_20-concurrency_varied-output-length,round_robin,100,200,20,False,False,10000,500,71.0179,500,7.0405,12518.1311,1056.7622,172.7228,166.4019,109.9375,782.2958,17.533,18.3206,2.8778,20.2422,18.4162,1.4466,27.3284,102.1011,2775.4426,2740.5534
gpu_type,model_name,num_servers,is_prefix_cached,benchmark_label,scheduler_strategy,min_output_len,max_output_len,max_concurrency,with_warmup,disable_ignore_eos,max_conversations,num_prompts,duration,completed,request_throughput,input_throughput,output_throughput,mean_ttft_ms,median_ttft_ms,std_ttft_ms,p99_ttft_ms,mean_tpot_ms,median_tpot_ms,std_tpot_ms,p99_tpot_ms,mean_itl_ms,median_itl_ms,std_itl_ms,p99_itl_ms,mean_e2e_latency_ms,median_e2e_latency_ms
L4,Qwen/Qwen2.5-1.5B-Instruct,4,True,long-conversations_4-gpu_20-concurrency_varied-output-length,pow_of_2,100,200,20,False,False,10000,500,70.4349,500,7.0988,12621.7357,1065.5084,188.8473,167.54,114.7282,796.4188,17.2677,18.0554,3.01,20.4405,18.1869,1.5211,28.2754,102.2424,2751.8184,2744.7213
gpu_type,model_name,num_servers,is_prefix_cached,benchmark_label,scheduler_strategy,min_output_len,max_output_len,max_concurrency,with_warmup,disable_ignore_eos,max_conversations,num_prompts,duration,completed,request_throughput,input_throughput,output_throughput,mean_ttft_ms,median_ttft_ms,std_ttft_ms,p99_ttft_ms,mean_tpot_ms,median_tpot_ms,std_tpot_ms,p99_tpot_ms,mean_itl_ms,median_itl_ms,std_itl_ms,p99_itl_ms,mean_e2e_latency_ms,median_e2e_latency_ms
L4,Qwen/Qwen2.5-1.5B-Instruct,4,True,long-conversations_4-gpu_20-concurrency_varied-output-length,prefix_aware,100,200,20,False,False,10000,500,68.0584,500,7.3466,13062.4692,1102.7144,178.2845,171.0653,164.7455,1117.594,16.7178,17.3325,2.8532,20.026,17.5553,1.5783,26.6707,99.885,2658.9559,2650.4301

gpu_type,model_name,num_servers,is_prefix_cached,benchmark_label,scheduler_strategy,min_output_len,max_output_len,max_concurrency,with_warmup,disable_ignore_eos,max_conversations,num_prompts,duration,completed,request_throughput,input_throughput,output_throughput,mean_ttft_ms,median_ttft_ms,std_ttft_ms,p99_ttft_ms,mean_tpot_ms,median_tpot_ms,std_tpot_ms,p99_tpot_ms,mean_itl_ms,median_itl_ms,std_itl_ms,p99_itl_ms,mean_e2e_latency_ms,median_e2e_latency_ms
L4,Qwen/Qwen2.5-1.5B-Instruct,4,True,long-conversations_4-gpu_20-concurrency_smaller-varied-output-length,random,20,200,20,False,False,5000,500,56.4495,500,8.8575,15867.5062,969.4326,190.6456,172.9341,155.1007,912.76,18.6156,18.7838,3.7033,25.5242,19.2923,1.6165,31.365,103.3728,2196.3521,2164.4294
gpu_type,model_name,num_servers,is_prefix_cached,benchmark_label,scheduler_strategy,min_output_len,max_output_len,max_concurrency,with_warmup,disable_ignore_eos,max_conversations,num_prompts,duration,completed,request_throughput,input_throughput,output_throughput,mean_ttft_ms,median_ttft_ms,std_ttft_ms,p99_ttft_ms,mean_tpot_ms,median_tpot_ms,std_tpot_ms,p99_tpot_ms,mean_itl_ms,median_itl_ms,std_itl_ms,p99_itl_ms,mean_e2e_latency_ms,median_e2e_latency_ms
L4,Qwen/Qwen2.5-1.5B-Instruct,4,True,long-conversations_4-gpu_20-concurrency_smaller-varied-output-length,round_robin,20,200,20,False,False,5000,500,54.7756,500,9.1281,16352.3966,999.0572,169.1936,172.9017,103.7739,741.6532,18.1713,18.8901,2.9977,22.8679,18.9667,1.6711,28.012,102.7529,2141.583,2167.4594
gpu_type,model_name,num_servers,is_prefix_cached,benchmark_label,scheduler_strategy,min_output_len,max_output_len,max_concurrency,with_warmup,disable_ignore_eos,max_conversations,num_prompts,duration,completed,request_throughput,input_throughput,output_throughput,mean_ttft_ms,median_ttft_ms,std_ttft_ms,p99_ttft_ms,mean_tpot_ms,median_tpot_ms,std_tpot_ms,p99_tpot_ms,mean_itl_ms,median_itl_ms,std_itl_ms,p99_itl_ms,mean_e2e_latency_ms,median_e2e_latency_ms
L4,Qwen/Qwen2.5-1.5B-Instruct,4,True,long-conversations_4-gpu_20-concurrency_smaller-varied-output-length,pow_of_2,20,200,20,False,False,5000,500,54.6467,500,9.1497,16390.9683,1001.4138,194.1317,173.9525,135.2189,1041.7076,17.999,18.3641,3.2579,24.2124,18.6756,1.5777,29.3854,103.5229,2130.4315,2073.7785
gpu_type,model_name,num_servers,is_prefix_cached,benchmark_label,scheduler_strategy,min_output_len,max_output_len,max_concurrency,with_warmup,disable_ignore_eos,max_conversations,num_prompts,duration,completed,request_throughput,input_throughput,output_throughput,mean_ttft_ms,median_ttft_ms,std_ttft_ms,p99_ttft_ms,mean_tpot_ms,median_tpot_ms,std_tpot_ms,p99_tpot_ms,mean_itl_ms,median_itl_ms,std_itl_ms,p99_itl_ms,mean_e2e_latency_ms,median_e2e_latency_ms
L4,Qwen/Qwen2.5-1.5B-Instruct,4,True,long-conversations_4-gpu_20-concurrency_smaller-varied-output-length,prefix_aware,20,200,20,False,False,5000,500,51.3547,500,9.7362,17441.6943,1065.6084,172.4843,113.174,181.5729,1253.1674,16.9844,17.0637,2.7968,23.3947,17.4653,1.7838,26.2382,60.1253,1998.4261,1977.722

gpu_type,model_name,num_servers,is_prefix_cached,benchmark_label,scheduler_strategy,min_output_len,max_output_len,max_concurrency,with_warmup,disable_ignore_eos,max_conversations,num_prompts,duration,completed,request_throughput,input_throughput,output_throughput,mean_ttft_ms,median_ttft_ms,std_ttft_ms,p99_ttft_ms,mean_tpot_ms,median_tpot_ms,std_tpot_ms,p99_tpot_ms,mean_itl_ms,median_itl_ms,std_itl_ms,p99_itl_ms,mean_e2e_latency_ms,median_e2e_latency_ms
L4,Qwen/Qwen2.5-1.5B-Instruct,4,True,long-conversations_4-gpu_20-concurrency_varied-output-length,random,20,200,20,False,False,5000,500,57.1553,500,8.7481,15671.5606,957.4612,193.0781,174.1054,146.4032,1052.9716,18.931,18.7649,4.0651,29.6435,19.5155,1.5582,31.6608,108.2219,2230.7215,2199.7513
gpu_type,model_name,num_servers,is_prefix_cached,benchmark_label,scheduler_strategy,min_output_len,max_output_len,max_concurrency,with_warmup,disable_ignore_eos,max_conversations,num_prompts,duration,completed,request_throughput,input_throughput,output_throughput,mean_ttft_ms,median_ttft_ms,std_ttft_ms,p99_ttft_ms,mean_tpot_ms,median_tpot_ms,std_tpot_ms,p99_tpot_ms,mean_itl_ms,median_itl_ms,std_itl_ms,p99_itl_ms,mean_e2e_latency_ms,median_e2e_latency_ms
L4,Qwen/Qwen2.5-1.5B-Instruct,4,True,long-conversations_4-gpu_20-concurrency_varied-output-length,round_robin,20,200,20,False,False,5000,500,54.8183,500,9.121,16339.679,998.2802,169.4458,172.1974,102.0453,726.6768,18.2139,18.8753,3.0662,22.7887,18.9578,1.7255,27.7649,102.6143,2138.926,2124.8256
gpu_type,model_name,num_servers,is_prefix_cached,benchmark_label,scheduler_strategy,min_output_len,max_output_len,max_concurrency,with_warmup,disable_ignore_eos,max_conversations,num_prompts,duration,completed,request_throughput,input_throughput,output_throughput,mean_ttft_ms,median_ttft_ms,std_ttft_ms,p99_ttft_ms,mean_tpot_ms,median_tpot_ms,std_tpot_ms,p99_tpot_ms,mean_itl_ms,median_itl_ms,std_itl_ms,p99_itl_ms,mean_e2e_latency_ms,median_e2e_latency_ms
L4,Qwen/Qwen2.5-1.5B-Instruct,4,True,long-conversations_4-gpu_20-concurrency_varied-output-length,pow_of_2,20,200,20,False,False,5000,500,55.0003,500,9.0909,16285.5959,994.976,195.2612,176.9333,116.108,708.8453,18.1075,18.5329,3.2102,25.5775,18.7633,1.5303,30.2611,104.3209,2142.2052,2152.0891
gpu_type,model_name,num_servers,is_prefix_cached,benchmark_label,scheduler_strategy,min_output_len,max_output_len,max_concurrency,with_warmup,disable_ignore_eos,max_conversations,num_prompts,duration,completed,request_throughput,input_throughput,output_throughput,mean_ttft_ms,median_ttft_ms,std_ttft_ms,p99_ttft_ms,mean_tpot_ms,median_tpot_ms,std_tpot_ms,p99_tpot_ms,mean_itl_ms,median_itl_ms,std_itl_ms,p99_itl_ms,mean_e2e_latency_ms,median_e2e_latency_ms
L4,Qwen/Qwen2.5-1.5B-Instruct,4,True,long-conversations_4-gpu_20-concurrency_varied-output-length,prefix_aware,20,200,20,False,False,5000,500,51.1596,500,9.7733,17508.2203,1069.6728,161.3604,108.3858,143.0021,975.4814,17.0027,17.2694,2.8712,22.7519,17.5204,1.7896,25.9121,94.9056,1990.9022,1983.7464

gpu_type,model_name,num_servers,is_prefix_cached,benchmark_label,scheduler_strategy,min_output_len,max_output_len,max_concurrency,with_warmup,disable_ignore_eos,max_conversations,num_prompts,duration,completed,request_throughput,input_throughput,output_throughput,mean_ttft_ms,median_ttft_ms,std_ttft_ms,p99_ttft_ms,mean_tpot_ms,median_tpot_ms,std_tpot_ms,p99_tpot_ms,mean_itl_ms,median_itl_ms,std_itl_ms,p99_itl_ms,mean_e2e_latency_ms,median_e2e_latency_ms
L4,Qwen/Qwen2.5-1.5B-Instruct,4,True,4-gpu_20-concurrency_varied-output-length_less-conversations,random,20,200,20,False,False,500,500,46.6826,500,10.7106,10630.5494,1206.6587,114.6555,83.5513,100.244,703.9385,15.5227,16.2026,3.2037,20.2811,16.4732,1.7788,23.6552,56.5524,1810.4453,1742.1057
gpu_type,model_name,num_servers,is_prefix_cached,benchmark_label,scheduler_strategy,min_output_len,max_output_len,max_concurrency,with_warmup,disable_ignore_eos,max_conversations,num_prompts,duration,completed,request_throughput,input_throughput,output_throughput,mean_ttft_ms,median_ttft_ms,std_ttft_ms,p99_ttft_ms,mean_tpot_ms,median_tpot_ms,std_tpot_ms,p99_tpot_ms,mean_itl_ms,median_itl_ms,std_itl_ms,p99_itl_ms,mean_e2e_latency_ms,median_e2e_latency_ms
L4,Qwen/Qwen2.5-1.5B-Instruct,4,True,4-gpu_20-concurrency_varied-output-length_less-conversations,round_robin,20,200,20,False,False,500,500,46.2985,500,10.7995,10718.7518,1216.6704,112.7774,84.0524,85.6309,573.524,15.3053,16.0041,3.1185,19.3207,16.3055,1.8424,23.3743,56.0652,1793.9195,1736.4845
gpu_type,model_name,num_servers,is_prefix_cached,benchmark_label,scheduler_strategy,min_output_len,max_output_len,max_concurrency,with_warmup,disable_ignore_eos,max_conversations,num_prompts,duration,completed,request_throughput,input_throughput,output_throughput,mean_ttft_ms,median_ttft_ms,std_ttft_ms,p99_ttft_ms,mean_tpot_ms,median_tpot_ms,std_tpot_ms,p99_tpot_ms,mean_itl_ms,median_itl_ms,std_itl_ms,p99_itl_ms,mean_e2e_latency_ms,median_e2e_latency_ms
L4,Qwen/Qwen2.5-1.5B-Instruct,4,True,4-gpu_20-concurrency_varied-output-length_less-conversations,pow_of_2,20,200,20,False,False,500,500,46.371,500,10.7826,10701.9996,1214.7689,112.2784,86.4704,82.1925,673.7388,15.319,15.9864,2.9434,18.8471,16.2055,1.7839,23.1482,56.3183,1792.5283,1739.4313
gpu_type,model_name,num_servers,is_prefix_cached,benchmark_label,scheduler_strategy,min_output_len,max_output_len,max_concurrency,with_warmup,disable_ignore_eos,max_conversations,num_prompts,duration,completed,request_throughput,input_throughput,output_throughput,mean_ttft_ms,median_ttft_ms,std_ttft_ms,p99_ttft_ms,mean_tpot_ms,median_tpot_ms,std_tpot_ms,p99_tpot_ms,mean_itl_ms,median_itl_ms,std_itl_ms,p99_itl_ms,mean_e2e_latency_ms,median_e2e_latency_ms
L4,Qwen/Qwen2.5-1.5B-Instruct,4,True,4-gpu_20-concurrency_varied-output-length_less-conversations,prefix_aware,20,200,20,False,False,500,500,46.1034,500,10.8452,10764.1112,1221.8191,122.2468,95.8249,97.725,632.8099,15.1703,15.75,3.0528,18.9127,16.1487,2.2819,22.7755,56.3715,1788.1219,1718.0987

gpu_type,model_name,num_servers,is_prefix_cached,benchmark_label,scheduler_strategy,min_output_len,max_output_len,max_concurrency,request_rate,with_warmup,disable_ignore_eos,max_conversations,num_prompts,duration,completed,request_throughput,input_throughput,output_throughput,mean_ttft_ms,median_ttft_ms,std_ttft_ms,p99_ttft_ms,mean_tpot_ms,median_tpot_ms,std_tpot_ms,p99_tpot_ms,mean_itl_ms,median_itl_ms,std_itl_ms,p99_itl_ms,mean_e2e_latency_ms,median_e2e_latency_ms
L4,Qwen/Qwen2.5-1.5B-Instruct,4,True,normal-conversations_4-gpu_800-concurrency_completion-output-lengths,random,20,200,800,100,False,True,400,4000,284.368,4000,14.0663,13051.6033,1261.3164,7263.1364,6742.9535,2545.0787,15922.1156,614.9681,604.2228,182.5544,1180.2209,505.5044,627.8803,388.6465,1232.5173,52002.1096,34315.2145

gpu_type,model_name,num_servers,is_prefix_cached,benchmark_label,scheduler_strategy,min_output_len,max_output_len,max_concurrency,request_rate,with_warmup,disable_ignore_eos,max_conversations,num_prompts,duration,completed,request_throughput,input_throughput,output_throughput,mean_ttft_ms,median_ttft_ms,std_ttft_ms,p99_ttft_ms,mean_tpot_ms,median_tpot_ms,std_tpot_ms,p99_tpot_ms,mean_itl_ms,median_itl_ms,std_itl_ms,p99_itl_ms,mean_e2e_latency_ms,median_e2e_latency_ms
L4,Qwen/Qwen2.5-1.5B-Instruct,4,True,normal-conversations_4-gpu_40-concurrency_completion-output-lengths,random,20,200,40,20,False,True,10000,1000,57.7334,1000,17.321,16085.997,1516.7639,258.5587,257.5012,93.8987,552.0407,22.3928,21.6176,7.7014,53.5169,21.5231,18.0298,28.5689,122.0372,2055.893,1239.6409
gpu_type,model_name,num_servers,is_prefix_cached,benchmark_label,scheduler_strategy,min_output_len,max_output_len,max_concurrency,request_rate,with_warmup,disable_ignore_eos,max_conversations,num_prompts,duration,completed,request_throughput,input_throughput,output_throughput,mean_ttft_ms,median_ttft_ms,std_ttft_ms,p99_ttft_ms,mean_tpot_ms,median_tpot_ms,std_tpot_ms,p99_tpot_ms,mean_itl_ms,median_itl_ms,std_itl_ms,p99_itl_ms,mean_e2e_latency_ms,median_e2e_latency_ms
L4,Qwen/Qwen2.5-1.5B-Instruct,4,True,normal-conversations_4-gpu_40-concurrency_completion-output-lengths,round_robin,20,200,40,20,False,True,10000,1000,57.6525,1000,17.3453,16108.571,1518.8924,272.9456,277.2279,86.2747,553.3706,21.4519,21.3664,5.5527,40.3452,21.2652,20.539,23.7758,97.188,2050.3023,1263.9371
gpu_type,model_name,num_servers,is_prefix_cached,benchmark_label,scheduler_strategy,min_output_len,max_output_len,max_concurrency,request_rate,with_warmup,disable_ignore_eos,max_conversations,num_prompts,duration,completed,request_throughput,input_throughput,output_throughput,mean_ttft_ms,median_ttft_ms,std_ttft_ms,p99_ttft_ms,mean_tpot_ms,median_tpot_ms,std_tpot_ms,p99_tpot_ms,mean_itl_ms,median_itl_ms,std_itl_ms,p99_itl_ms,mean_e2e_latency_ms,median_e2e_latency_ms
L4,Qwen/Qwen2.5-1.5B-Instruct,4,True,normal-conversations_4-gpu_40-concurrency_completion-output-lengths,pow_of_2,20,200,40,20,False,True,10000,1000,57.5619,1000,17.3726,16133.9307,1521.2836,280.0931,277.4245,101.0794,588.6971,21.9878,21.109,6.6667,46.6694,20.9203,17.8865,28.1535,137.0233,2033.6161,1244.6068
gpu_type,model_name,num_servers,is_prefix_cached,benchmark_label,scheduler_strategy,min_output_len,max_output_len,max_concurrency,request_rate,with_warmup,disable_ignore_eos,max_conversations,num_prompts,duration,completed,request_throughput,input_throughput,output_throughput,mean_ttft_ms,median_ttft_ms,std_ttft_ms,p99_ttft_ms,mean_tpot_ms,median_tpot_ms,std_tpot_ms,p99_tpot_ms,mean_itl_ms,median_itl_ms,std_itl_ms,p99_itl_ms,mean_e2e_latency_ms,median_e2e_latency_ms
L4,Qwen/Qwen2.5-1.5B-Instruct,4,True,normal-conversations_4-gpu_40-concurrency_completion-output-lengths,prefix_aware,20,200,40,20,False,True,10000,1000,57.4135,1000,17.4175,16175.6346,1525.2159,367.0894,360.8274,103.7843,691.3323,21.7493,20.526,6.3858,47.3929,19.7629,21.17,22.6029,80.154,2037.7137,1301.8966
gpu_type,model_name,num_servers,is_prefix_cached,benchmark_label,scheduler_strategy,min_output_len,max_output_len,max_concurrency,request_rate,with_warmup,disable_ignore_eos,max_conversations,num_prompts,duration,completed,request_throughput,input_throughput,output_throughput,mean_ttft_ms,median_ttft_ms,std_ttft_ms,p99_ttft_ms,mean_tpot_ms,median_tpot_ms,std_tpot_ms,p99_tpot_ms,mean_itl_ms,median_itl_ms,std_itl_ms,p99_itl_ms,mean_e2e_latency_ms,median_e2e_latency_ms
L4,Qwen/Qwen2.5-1.5B-Instruct,4,True,normal-conversations_4-gpu_40-concurrency_completion-output-lengths,pow_of_2,20,200,40,10000,False,False,10000,1000,80.9596,1000,12.3518,11471.1514,1081.6257,540.472,513.354,123.7953,1066.8231,34.8264,32.0268,10.753,78.9191,29.6904,31.0675,24.1437,76.6821,3069.1881,1915.0586
gpu_type,model_name,num_servers,is_prefix_cached,benchmark_label,scheduler_strategy,min_output_len,max_output_len,max_concurrency,request_rate,with_warmup,disable_ignore_eos,max_conversations,num_prompts,duration,completed,request_throughput,input_throughput,output_throughput,mean_ttft_ms,median_ttft_ms,std_ttft_ms,p99_ttft_ms,mean_tpot_ms,median_tpot_ms,std_tpot_ms,p99_tpot_ms,mean_itl_ms,median_itl_ms,std_itl_ms,p99_itl_ms,mean_e2e_latency_ms,median_e2e_latency_ms
L4,Qwen/Qwen2.5-1.5B-Instruct,4,True,normal-conversations_4-gpu_40-concurrency_completion-output-lengths,prefix_aware,20,200,40,10000,False,False,10000,1000,86.824,1000,11.5176,10696.3573,1008.5696,602.3935,569.8893,138.3201,1115.2458,37.157,34.7105,9.8473,70.2729,32.0392,32.4474,25.1227,86.801,3345.0205,2099.5061

3/31:
gpu_type,model_name,num_servers,is_prefix_cached,benchmark_label,scheduler_strategy,min_output_len,max_output_len,max_concurrency,with_warmup,disable_ignore_eos,max_conversations,num_prompts,duration,completed,request_throughput,input_throughput,output_throughput,mean_ttft_ms,median_ttft_ms,std_ttft_ms,p99_ttft_ms,mean_tpot_ms,median_tpot_ms,std_tpot_ms,p99_tpot_ms,mean_itl_ms,median_itl_ms,std_itl_ms,p99_itl_ms,mean_e2e_latency_ms,median_e2e_latency_ms
L4,Qwen/Qwen2.5-1.5B-Instruct,4,True,long-conversations_4-gpu_40-concurrency,random,20,200,40,False,False,10000,1000,62.7909,1000,15.9259,14426.2516,1448.9047,256.0515,235.5063,135.7485,938.2409,22.1352,21.5003,8.841,44.4192,21.6231,16.9135,29.5835,133.4133,2111.9832,1439.6229
gpu_type,model_name,num_servers,is_prefix_cached,benchmark_label,scheduler_strategy,min_output_len,max_output_len,max_concurrency,with_warmup,disable_ignore_eos,max_conversations,num_prompts,duration,completed,request_throughput,input_throughput,output_throughput,mean_ttft_ms,median_ttft_ms,std_ttft_ms,p99_ttft_ms,mean_tpot_ms,median_tpot_ms,std_tpot_ms,p99_tpot_ms,mean_itl_ms,median_itl_ms,std_itl_ms,p99_itl_ms,mean_e2e_latency_ms,median_e2e_latency_ms
L4,Qwen/Qwen2.5-1.5B-Instruct,4,True,long-conversations_4-gpu_40-concurrency,round_robin,20,200,40,False,False,10000,1000,62.9302,1000,15.8906,14394.3141,1445.6971,250.2644,230.9123,123.379,863.3282,21.5801,21.4741,6.9834,37.0917,21.4907,18.3106,25.0882,103.1895,2102.3532,1432.6741
gpu_type,model_name,num_servers,is_prefix_cached,benchmark_label,scheduler_strategy,min_output_len,max_output_len,max_concurrency,with_warmup,disable_ignore_eos,max_conversations,num_prompts,duration,completed,request_throughput,input_throughput,output_throughput,mean_ttft_ms,median_ttft_ms,std_ttft_ms,p99_ttft_ms,mean_tpot_ms,median_tpot_ms,std_tpot_ms,p99_tpot_ms,mean_itl_ms,median_itl_ms,std_itl_ms,p99_itl_ms,mean_e2e_latency_ms,median_e2e_latency_ms
L4,Qwen/Qwen2.5-1.5B-Instruct,4,True,long-conversations_4-gpu_40-concurrency,pow_of_2,20,200,40,False,False,10000,1000,63.2143,1000,15.8192,14329.6255,1439.2001,285.149,255.1071,169.0745,1249.9874,21.6918,21.0614,8.2034,42.4425,21.2142,16.7935,29.5157,150.2459,2110.6934,1428.2277
gpu_type,model_name,num_servers,is_prefix_cached,benchmark_label,scheduler_strategy,min_output_len,max_output_len,max_concurrency,with_warmup,disable_ignore_eos,max_conversations,num_prompts,duration,completed,request_throughput,input_throughput,output_throughput,mean_ttft_ms,median_ttft_ms,std_ttft_ms,p99_ttft_ms,mean_tpot_ms,median_tpot_ms,std_tpot_ms,p99_tpot_ms,mean_itl_ms,median_itl_ms,std_itl_ms,p99_itl_ms,mean_e2e_latency_ms,median_e2e_latency_ms
L4,Qwen/Qwen2.5-1.5B-Instruct,4,True,long-conversations_4-gpu_40-concurrency,prefix_aware,20,200,40,False,False,10000,1000,62.2924,1000,16.0533,14541.7003,1460.4999,336.3887,307.968,162.1388,1091.189,21.5385,20.5463,8.1427,50.3128,20.2842,18.2146,26.8259,115.482,2084.8714,1419.8983

sweep 1:
gpu_type,model_name,num_servers,is_prefix_cached,benchmark_label,scheduler_strategy,min_output_len,max_output_len,fixed_output_len,max_concurrency,request_rate,with_warmup,disable_ignore_eos,max_conversations,num_prompts,duration,completed,request_throughput,input_throughput,output_throughput,mean_ttft_ms,median_ttft_ms,std_ttft_ms,p99_ttft_ms,mean_tpot_ms,median_tpot_ms,std_tpot_ms,p99_tpot_ms,mean_itl_ms,median_itl_ms,std_itl_ms,p99_itl_ms,mean_e2e_latency_ms,median_e2e_latency_ms
L4,Qwen/Qwen2.5-1.5B-Instruct,4,True,long-conversations_4-gpu_40-concurrency,random,20,200,-1,40,-1,False,False,10000,1000,73.8856,1000,13.5344,24084.4992,1478.6776,295.8804,240.788,246.1565,1809.1786,24.3949,24.6244,6.4582,42.3762,24.9623,13.0936,42.8111,214.799,2878.9076,2764.1714
gpu_type,model_name,num_servers,is_prefix_cached,benchmark_label,scheduler_strategy,min_output_len,max_output_len,fixed_output_len,max_concurrency,request_rate,with_warmup,disable_ignore_eos,max_conversations,num_prompts,duration,completed,request_throughput,input_throughput,output_throughput,mean_ttft_ms,median_ttft_ms,std_ttft_ms,p99_ttft_ms,mean_tpot_ms,median_tpot_ms,std_tpot_ms,p99_tpot_ms,mean_itl_ms,median_itl_ms,std_itl_ms,p99_itl_ms,mean_e2e_latency_ms,median_e2e_latency_ms
L4,Qwen/Qwen2.5-1.5B-Instruct,4,True,long-conversations_4-gpu_40-concurrency,round_robin,20,200,-1,40,-1,False,False,10000,1000,72.2864,1000,13.8339,24617.3333,1511.3911,276.5418,235.5855,208.8184,1325.3025,23.5915,24.3192,4.5137,31.2597,24.3938,17.31,32.0608,147.771,2807.0237,2793.132
gpu_type,model_name,num_servers,is_prefix_cached,benchmark_label,scheduler_strategy,min_output_len,max_output_len,fixed_output_len,max_concurrency,request_rate,with_warmup,disable_ignore_eos,max_conversations,num_prompts,duration,completed,request_throughput,input_throughput,output_throughput,mean_ttft_ms,median_ttft_ms,std_ttft_ms,p99_ttft_ms,mean_tpot_ms,median_tpot_ms,std_tpot_ms,p99_tpot_ms,mean_itl_ms,median_itl_ms,std_itl_ms,p99_itl_ms,mean_e2e_latency_ms,median_e2e_latency_ms
L4,Qwen/Qwen2.5-1.5B-Instruct,4,True,long-conversations_4-gpu_40-concurrency,pow_of_2,20,200,-1,40,-1,False,False,10000,1000,71.7037,1000,13.9463,24817.3937,1523.6739,321.4498,256.3851,280.3356,2111.866,23.1549,23.7043,4.7843,33.4627,23.8773,13.1099,39.0047,209.3092,2795.3403,2739.0775
gpu_type,model_name,num_servers,is_prefix_cached,benchmark_label,scheduler_strategy,min_output_len,max_output_len,fixed_output_len,max_concurrency,request_rate,with_warmup,disable_ignore_eos,max_conversations,num_prompts,duration,completed,request_throughput,input_throughput,output_throughput,mean_ttft_ms,median_ttft_ms,std_ttft_ms,p99_ttft_ms,mean_tpot_ms,median_tpot_ms,std_tpot_ms,p99_tpot_ms,mean_itl_ms,median_itl_ms,std_itl_ms,p99_itl_ms,mean_e2e_latency_ms,median_e2e_latency_ms
L4,Qwen/Qwen2.5-1.5B-Instruct,4,True,long-conversations_4-gpu_40-concurrency,prefix_aware,20,200,-1,40,-1,False,False,10000,1000,66.4545,1000,15.0479,26777.6812,1644.0266,370.8826,328.2594,221.3182,1693.89,20.6825,20.6229,4.2157,31.7738,21.1817,20.6022,29.3172,114.1076,2572.4956,2558.6974

gpu_type,model_name,num_servers,is_prefix_cached,benchmark_label,scheduler_strategy,min_output_len,max_output_len,fixed_output_len,max_concurrency,request_rate,with_warmup,disable_ignore_eos,max_conversations,num_prompts,duration,completed,request_throughput,input_throughput,output_throughput,mean_ttft_ms,median_ttft_ms,std_ttft_ms,p99_ttft_ms,mean_tpot_ms,median_tpot_ms,std_tpot_ms,p99_tpot_ms,mean_itl_ms,median_itl_ms,std_itl_ms,p99_itl_ms,mean_e2e_latency_ms,median_e2e_latency_ms
imbalanced > 10: L4,Qwen/Qwen2.5-1.5B-Instruct,4,True,long-conversations_4-gpu_40-concurrency,prefix_aware,20,200,-1,40,-1,False,False,10000,1000,65.3492,1000,15.3024,27230.6054,1671.834,362.9445,315.8029,206.835,1376.2314,20.4507,20.2649,4.2857,31.4016,20.9158,20.1914,29.6431,103.9208,2535.6638,2495.0246
gpu_type,model_name,num_servers,is_prefix_cached,benchmark_label,scheduler_strategy,min_output_len,max_output_len,fixed_output_len,max_concurrency,request_rate,with_warmup,disable_ignore_eos,max_conversations,num_prompts,duration,completed,request_throughput,input_throughput,output_throughput,mean_ttft_ms,median_ttft_ms,std_ttft_ms,p99_ttft_ms,mean_tpot_ms,median_tpot_ms,std_tpot_ms,p99_tpot_ms,mean_itl_ms,median_itl_ms,std_itl_ms,p99_itl_ms,mean_e2e_latency_ms,median_e2e_latency_ms
imbalanced > 8: L4,Qwen/Qwen2.5-1.5B-Instruct,4,True,long-conversations_4-gpu_40-concurrency,prefix_aware,20,200,-1,40,-1,False,False,10000,1000,66.4105,1000,15.0579,26795.4227,1645.1158,368.2605,320.1395,249.536,1888.1778,20.5584,20.5024,4.295,30.6275,21.1341,20.1709,31.1769,112.534,2562.4173,2478.4949
gpu_type,model_name,num_servers,is_prefix_cached,benchmark_label,scheduler_strategy,min_output_len,max_output_len,fixed_output_len,max_concurrency,request_rate,with_warmup,disable_ignore_eos,max_conversations,num_prompts,duration,completed,request_throughput,input_throughput,output_throughput,mean_ttft_ms,median_ttft_ms,std_ttft_ms,p99_ttft_ms,mean_tpot_ms,median_tpot_ms,std_tpot_ms,p99_tpot_ms,mean_itl_ms,median_itl_ms,std_itl_ms,p99_itl_ms,mean_e2e_latency_ms,median_e2e_latency_msgpu_type,model_name,num_servers,is_prefix_cached,benchmark_label,scheduler_strategy,min_output_len,max_output_len,fixed_output_len,max_concurrency,request_rate,with_warmup,disable_ignore_eos,max_conversations,num_prompts,duration,completed,request_throughput,input_throughput,output_throughput,mean_ttft_ms,median_ttft_ms,std_ttft_ms,p99_ttft_ms,mean_tpot_ms,median_tpot_ms,std_tpot_ms,p99_tpot_ms,mean_itl_ms,median_itl_ms,std_itl_ms,p99_itl_ms,mean_e2e_latency_ms,median_e2e_latency_ms
imbalanced > 6: L4,Qwen/Qwen2.5-1.5B-Instruct,4,True,long-conversations_4-gpu_40-concurrency,prefix_aware,20,200,-1,40,-1,False,False,10000,1000,66.6072,1000,15.0134,26716.3115,1640.2588,378.2715,324.7689,249.6113,1876.8091,20.7412,20.8526,4.4416,30.1514,21.1831,19.9077,30.0376,117.6064,2579.5001,2556.0889
gpu_type,model_name,num_servers,is_prefix_cached,benchmark_label,scheduler_strategy,min_output_len,max_output_len,fixed_output_len,max_concurrency,request_rate,with_warmup,disable_ignore_eos,max_conversations,num_prompts,duration,completed,request_throughput,input_throughput,output_throughput,mean_ttft_ms,median_ttft_ms,std_ttft_ms,p99_ttft_ms,mean_tpot_ms,median_tpot_ms,std_tpot_ms,p99_tpot_ms,mean_itl_ms,median_itl_ms,std_itl_ms,p99_itl_ms,mean_e2e_latency_ms,median_e2e_latency_ms
imbalanced > 4: L4,Qwen/Qwen2.5-1.5B-Instruct,4,True,long-conversations_4-gpu_40-concurrency,prefix_aware,20,200,-1,40,-1,False,False,10000,1000,67.2626,1000,14.8671,26455.9774,1624.2754,371.1666,315.494,269.361,2118.0629,21.1315,20.9004,5.0246,35.1797,21.4808,19.3582,31.9135,129.3316,2605.3899,2568.065
gpu_type,model_name,num_servers,is_prefix_cached,benchmark_label,scheduler_strategy,min_output_len,max_output_len,fixed_output_len,max_concurrency,request_rate,with_warmup,disable_ignore_eos,max_conversations,num_prompts,duration,completed,request_throughput,input_throughput,output_throughput,mean_ttft_ms,median_ttft_ms,std_ttft_ms,p99_ttft_ms,mean_tpot_ms,median_tpot_ms,std_tpot_ms,p99_tpot_ms,mean_itl_ms,median_itl_ms,std_itl_ms,p99_itl_ms,mean_e2e_latency_ms,median_e2e_latency_ms
imbalanced > 2: L4,Qwen/Qwen2.5-1.5B-Instruct,4,True,long-conversations_4-gpu_40-concurrency,prefix_aware,20,200,-1,40,-1,False,False,10000,1000,68.5976,1000,14.5778,25941.1187,1592.6655,348.3681,293.6027,256.0398,1684.101,21.8084,22.0517,4.6433,33.5498,22.3735,17.1959,35.2295,180.9612,2670.1285,2638.5083
gpu_type,model_name,num_servers,is_prefix_cached,benchmark_label,scheduler_strategy,min_output_len,max_output_len,fixed_output_len,max_concurrency,request_rate,with_warmup,disable_ignore_eos,max_conversations,num_prompts,duration,completed,request_throughput,input_throughput,output_throughput,mean_ttft_ms,median_ttft_ms,std_ttft_ms,p99_ttft_ms,mean_tpot_ms,median_tpot_ms,std_tpot_ms,p99_tpot_ms,mean_itl_ms,median_itl_ms,std_itl_ms,p99_itl_ms,mean_e2e_latency_ms,median_e2e_latency_ms
imbalanced > 0: L4,Qwen/Qwen2.5-1.5B-Instruct,4,True,long-conversations_4-gpu_40-concurrency,prefix_aware,20,200,-1,40,-1,False,False,10000,1000,71.4819,1000,13.9896,24894.3904,1528.4012,318.9475,261.6761,264.3732,1788.5534,23.1194,23.735,4.8466,32.803,23.8549,14.3963,38.4204,205.9909,2787.5198,2723.6909
gpu_type,model_name,num_servers,is_prefix_cached,benchmark_label,scheduler_strategy,min_output_len,max_output_len,fixed_output_len,max_concurrency,request_rate,with_warmup,disable_ignore_eos,max_conversations,num_prompts,duration,completed,request_throughput,input_throughput,output_throughput,mean_ttft_ms,median_ttft_ms,std_ttft_ms,p99_ttft_ms,mean_tpot_ms,median_tpot_ms,std_tpot_ms,p99_tpot_ms,mean_itl_ms,median_itl_ms,std_itl_ms,p99_itl_ms,mean_e2e_latency_ms,median_e2e_latency_ms
imbalanced >= 0: L4,Qwen/Qwen2.5-1.5B-Instruct,4,True,long-conversations_4-gpu_40-concurrency,prefix_aware,20,200,-1,40,-1,False,False,10000,1000,72.7638,1000,13.7431,24455.8161,1501.4747,348.6179,279.7671,276.8975,1946.9446,23.1699,23.7444,4.7667,32.8475,23.9831,14.4101,41.036,225.0553,2828.0667,2779.7777
gpu_type,model_name,num_servers,is_prefix_cached,benchmark_label,scheduler_strategy,min_output_len,max_output_len,fixed_output_len,max_concurrency,request_rate,with_warmup,disable_ignore_eos,max_conversations,num_prompts,duration,completed,request_throughput,input_throughput,output_throughput,mean_ttft_ms,median_ttft_ms,std_ttft_ms,p99_ttft_ms,mean_tpot_ms,median_tpot_ms,std_tpot_ms,p99_tpot_ms,mean_itl_ms,median_itl_ms,std_itl_ms,p99_itl_ms,mean_e2e_latency_ms,median_e2e_latency_ms
imbalanced >= 0:L4,Qwen/Qwen2.5-1.5B-Instruct,4,True,long-conversations_4-gpu_40-concurrency,prefix_aware,20,200,-1,40,-1,False,False,10000,1000,71.9134,1000,13.9056,24745.0132,1519.2301,332.2205,269.4866,249.4805,1661.0736,23.0179,23.4822,4.6669,34.3521,23.7386,15.1208,38.6413,211.2991,2790.6085,2716.877

sweep 2:
gpu_type,model_name,num_servers,is_prefix_cached,benchmark_label,scheduler_strategy,min_output_len,max_output_len,fixed_output_len,max_concurrency,request_rate,with_warmup,disable_ignore_eos,max_conversations,num_prompts,duration,completed,request_throughput,input_throughput,output_throughput,mean_ttft_ms,median_ttft_ms,std_ttft_ms,p99_ttft_ms,mean_tpot_ms,median_tpot_ms,std_tpot_ms,p99_tpot_ms,mean_itl_ms,median_itl_ms,std_itl_ms,p99_itl_ms,mean_e2e_latency_ms,median_e2e_latency_ms
L4,Qwen/Qwen2.5-1.5B-Instruct,4,True,long-conversations_4-gpu_40-concurrency,random,20,200,-1,40,-1,False,False,10000,1000,74.4113,1000,13.4388,23914.3434,1468.2308,306.454,250.6982,238.286,1575.8889,24.1739,24.0367,6.167,38.4593,24.9973,15.8915,43.3487,201.7367,2895.8381,2754.6229
gpu_type,model_name,num_servers,is_prefix_cached,benchmark_label,scheduler_strategy,min_output_len,max_output_len,fixed_output_len,max_concurrency,request_rate,with_warmup,disable_ignore_eos,max_conversations,num_prompts,duration,completed,request_throughput,input_throughput,output_throughput,mean_ttft_ms,median_ttft_ms,std_ttft_ms,p99_ttft_ms,mean_tpot_ms,median_tpot_ms,std_tpot_ms,p99_tpot_ms,mean_itl_ms,median_itl_ms,std_itl_ms,p99_itl_ms,mean_e2e_latency_ms,median_e2e_latency_ms
L4,Qwen/Qwen2.5-1.5B-Instruct,4,True,long-conversations_4-gpu_40-concurrency,round_robin,20,200,-1,40,-1,False,False,10000,1000,72.9468,1000,13.7086,24394.4741,1497.7086,291.2381,244.4287,213.5054,1363.1667,23.7989,24.4695,4.5125,31.9325,24.5564,18.3824,31.71,149.9029,2839.3636,2798.3862
gpu_type,model_name,num_servers,is_prefix_cached,benchmark_label,scheduler_strategy,min_output_len,max_output_len,fixed_output_len,max_concurrency,request_rate,with_warmup,disable_ignore_eos,max_conversations,num_prompts,duration,completed,request_throughput,input_throughput,output_throughput,mean_ttft_ms,median_ttft_ms,std_ttft_ms,p99_ttft_ms,mean_tpot_ms,median_tpot_ms,std_tpot_ms,p99_tpot_ms,mean_itl_ms,median_itl_ms,std_itl_ms,p99_itl_ms,mean_e2e_latency_ms,median_e2e_latency_ms
L4,Qwen/Qwen2.5-1.5B-Instruct,4,True,long-conversations_4-gpu_40-concurrency,pow_of_2,20,200,-1,40,-1,False,False,10000,1000,72.976,1000,13.7031,24384.6865,1497.1077,337.0007,278.8954,244.3643,1590.678,23.4097,24.0913,4.8807,34.2953,24.1395,14.7658,40.3043,214.9487,2837.6556,2809.0732
gpu_type,model_name,num_servers,is_prefix_cached,benchmark_label,scheduler_strategy,min_output_len,max_output_len,fixed_output_len,max_concurrency,request_rate,with_warmup,disable_ignore_eos,max_conversations,num_prompts,duration,completed,request_throughput,input_throughput,output_throughput,mean_ttft_ms,median_ttft_ms,std_ttft_ms,p99_ttft_ms,mean_tpot_ms,median_tpot_ms,std_tpot_ms,p99_tpot_ms,mean_itl_ms,median_itl_ms,std_itl_ms,p99_itl_ms,mean_e2e_latency_ms,median_e2e_latency_ms
L4,Qwen/Qwen2.5-1.5B-Instruct,4,True,long-conversations_4-gpu_40-concurrency,prefix_aware,20,200,-1,40,-1,False,False,10000,1000,64.4468,1000,15.5167,27611.8942,1695.2434,327.2299,278.1399,230.9805,1638.8323,20.3151,20.3735,4.1689,30.057,20.845,17.9318,29.0737,121.1591,2488.3881,2440.7203

sweep 3:
gpu_type,model_name,num_servers,is_prefix_cached,benchmark_label,scheduler_strategy,min_output_len,max_output_len,fixed_output_len,max_concurrency,request_rate,with_warmup,disable_ignore_eos,max_conversations,num_prompts,duration,completed,request_throughput,input_throughput,output_throughput,mean_ttft_ms,median_ttft_ms,std_ttft_ms,p99_ttft_ms,mean_tpot_ms,median_tpot_ms,std_tpot_ms,p99_tpot_ms,mean_itl_ms,median_itl_ms,std_itl_ms,p99_itl_ms,mean_e2e_latency_ms,median_e2e_latency_ms
L4,Qwen/Qwen2.5-1.5B-Instruct,4,True,long-conversations_4-gpu_40-concurrency,random,20,200,-1,40,-1,False,False,10000,1000,72.7522,1000,13.7453,24459.7002,1501.7132,275.2289,222.9369,241.3333,1804.6352,24.105,23.7755,6.3616,40.0885,24.7657,12.7287,41.4849,202.0758,2837.4198,2809.7762
gpu_type,model_name,num_servers,is_prefix_cached,benchmark_label,scheduler_strategy,min_output_len,max_output_len,fixed_output_len,max_concurrency,request_rate,with_warmup,disable_ignore_eos,max_conversations,num_prompts,duration,completed,request_throughput,input_throughput,output_throughput,mean_ttft_ms,median_ttft_ms,std_ttft_ms,p99_ttft_ms,mean_tpot_ms,median_tpot_ms,std_tpot_ms,p99_tpot_ms,mean_itl_ms,median_itl_ms,std_itl_ms,p99_itl_ms,mean_e2e_latency_ms,median_e2e_latency_ms
L4,Qwen/Qwen2.5-1.5B-Instruct,4,True,long-conversations_4-gpu_40-concurrency,round_robin,20,200,-1,40,-1,False,False,10000,1000,71.6311,1000,13.9604,24842.5497,1525.2184,262.8765,218.9684,220.7611,1385.5862,23.517,24.2851,4.5187,31.1643,24.3873,16.0289,32.4398,153.8496,2790.2858,2742.078
gpu_type,model_name,num_servers,is_prefix_cached,benchmark_label,scheduler_strategy,min_output_len,max_output_len,fixed_output_len,max_concurrency,request_rate,with_warmup,disable_ignore_eos,max_conversations,num_prompts,duration,completed,request_throughput,input_throughput,output_throughput,mean_ttft_ms,median_ttft_ms,std_ttft_ms,p99_ttft_ms,mean_tpot_ms,median_tpot_ms,std_tpot_ms,p99_tpot_ms,mean_itl_ms,median_itl_ms,std_itl_ms,p99_itl_ms,mean_e2e_latency_ms,median_e2e_latency_ms
L4,Qwen/Qwen2.5-1.5B-Instruct,4,True,long-conversations_4-gpu_40-concurrency,pow_of_2,20,200,-1,40,-1,False,False,10000,1000,71.7523,1000,13.9368,24800.5754,1522.6414,318.0995,250.1035,284.5909,1981.7793,23.1783,23.7713,4.7553,33.8376,23.9917,13.4158,39.5179,208.0332,2796.6907,2779.9367
gpu_type,model_name,num_servers,is_prefix_cached,benchmark_label,scheduler_strategy,min_output_len,max_output_len,fixed_output_len,max_concurrency,request_rate,with_warmup,disable_ignore_eos,max_conversations,num_prompts,duration,completed,request_throughput,input_throughput,output_throughput,mean_ttft_ms,median_ttft_ms,std_ttft_ms,p99_ttft_ms,mean_tpot_ms,median_tpot_ms,std_tpot_ms,p99_tpot_ms,mean_itl_ms,median_itl_ms,std_itl_ms,p99_itl_ms,mean_e2e_latency_ms,median_e2e_latency_ms
L4,Qwen/Qwen2.5-1.5B-Instruct,4,True,long-conversations_4-gpu_40-concurrency,prefix_aware,20,200,-1,40,-1,False,False,10000,1000,65.9703,1000,15.1583,26974.2134,1656.0927,356.5419,314.2185,229.6797,1628.403,20.7204,20.5843,4.6966,31.0703,21.1701,19.5185,30.9412,118.9499,2553.8718,2500.6377

1 concurrency 20-200 outputs:
gpu_type,model_name,num_servers,is_prefix_cached,benchmark_label,scheduler_strategy,min_output_len,max_output_len,fixed_output_len,max_concurrency,request_rate,with_warmup,disable_ignore_eos,max_conversations,num_prompts,duration,completed,request_throughput,input_throughput,output_throughput,mean_ttft_ms,median_ttft_ms,std_ttft_ms,p99_ttft_ms,mean_tpot_ms,median_tpot_ms,std_tpot_ms,p99_tpot_ms,mean_itl_ms,median_itl_ms,std_itl_ms,p99_itl_ms,mean_e2e_latency_ms,median_e2e_latency_ms
L4,Qwen/Qwen2.5-1.5B-Instruct,4,True,long-conversations_4-gpu_1-concurrency,random,20,200,-1,1,-1,False,False,1000,100,151.9859,100,0.658,1165.6478,70.2763,120.0605,116.8217,40.5138,168.0904,13.3264,13.9945,2.0834,14.2451,14.06,0.3729,22.1377,50.8381,1519.4565,1427.245
gpu_type,model_name,num_servers,is_prefix_cached,benchmark_label,scheduler_strategy,min_output_len,max_output_len,fixed_output_len,max_concurrency,request_rate,with_warmup,disable_ignore_eos,max_conversations,num_prompts,duration,completed,request_throughput,input_throughput,output_throughput,mean_ttft_ms,median_ttft_ms,std_ttft_ms,p99_ttft_ms,mean_tpot_ms,median_tpot_ms,std_tpot_ms,p99_tpot_ms,mean_itl_ms,median_itl_ms,std_itl_ms,p99_itl_ms,mean_e2e_latency_ms,median_e2e_latency_ms
L4,Qwen/Qwen2.5-1.5B-Instruct,4,True,long-conversations_4-gpu_1-concurrency,round_robin,20,200,-1,1,-1,False,False,1000,100,151.97,100,0.658,1165.7696,70.2836,121.876,117.259,41.866,168.3699,13.3059,14.0003,2.0872,14.277,14.0454,0.3797,22.126,50.8804,1519.3002,1445.8838
gpu_type,model_name,num_servers,is_prefix_cached,benchmark_label,scheduler_strategy,min_output_len,max_output_len,fixed_output_len,max_concurrency,request_rate,with_warmup,disable_ignore_eos,max_conversations,num_prompts,duration,completed,request_throughput,input_throughput,output_throughput,mean_ttft_ms,median_ttft_ms,std_ttft_ms,p99_ttft_ms,mean_tpot_ms,median_tpot_ms,std_tpot_ms,p99_tpot_ms,mean_itl_ms,median_itl_ms,std_itl_ms,p99_itl_ms,mean_e2e_latency_ms,median_e2e_latency_ms
L4,Qwen/Qwen2.5-1.5B-Instruct,4,True,long-conversations_4-gpu_1-concurrency,pow_of_2,20,200,-1,1,-1,False,False,1000,100,152.426,100,0.6561,1162.2822,70.0734,122.1166,117.2746,42.3321,168.501,13.3538,14.0247,2.0273,14.2692,14.0709,0.3879,22.1489,50.8396,1523.8598,1416.0719
gpu_type,model_name,num_servers,is_prefix_cached,benchmark_label,scheduler_strategy,min_output_len,max_output_len,fixed_output_len,max_concurrency,request_rate,with_warmup,disable_ignore_eos,max_conversations,num_prompts,duration,completed,request_throughput,input_throughput,output_throughput,mean_ttft_ms,median_ttft_ms,std_ttft_ms,p99_ttft_ms,mean_tpot_ms,median_tpot_ms,std_tpot_ms,p99_tpot_ms,mean_itl_ms,median_itl_ms,std_itl_ms,p99_itl_ms,mean_e2e_latency_ms,median_e2e_latency_ms
L4,Qwen/Qwen2.5-1.5B-Instruct,4,True,long-conversations_4-gpu_1-concurrency,prefix_aware,20,200,-1,1,-1,False,False,1000,100,150.2314,100,0.6656,1179.2605,71.097,88.9486,69.5264,34.8583,171.2939,13.4163,13.9894,1.7409,14.2583,14.0826,0.3899,22.1318,50.8745,1501.9119,1434.22

1 concurrency 10-50 outputs:
gpu_type,model_name,num_servers,is_prefix_cached,benchmark_label,scheduler_strategy,min_output_len,max_output_len,fixed_output_len,max_concurrency,request_rate,with_warmup,disable_ignore_eos,max_conversations,num_prompts,duration,completed,request_throughput,input_throughput,output_throughput,mean_ttft_ms,median_ttft_ms,std_ttft_ms,p99_ttft_ms,mean_tpot_ms,median_tpot_ms,std_tpot_ms,p99_tpot_ms,mean_itl_ms,median_itl_ms,std_itl_ms,p99_itl_ms,mean_e2e_latency_ms,median_e2e_latency_ms
L4,Qwen/Qwen2.5-1.5B-Instruct,4,True,long-conversations_short-outputs_4-gpu_1-concurrency,random,10,50,-1,1,-1,False,False,1000,100,49.7352,100,2.0106,3562.1049,59.0326,118.131,116.1689,41.7789,168.7384,13.1809,13.317,1.0087,14.3659,13.3899,0.3985,21.8488,50.9193,496.9421,489.7242
gpu_type,model_name,num_servers,is_prefix_cached,benchmark_label,scheduler_strategy,min_output_len,max_output_len,fixed_output_len,max_concurrency,request_rate,with_warmup,disable_ignore_eos,max_conversations,num_prompts,duration,completed,request_throughput,input_throughput,output_throughput,mean_ttft_ms,median_ttft_ms,std_ttft_ms,p99_ttft_ms,mean_tpot_ms,median_tpot_ms,std_tpot_ms,p99_tpot_ms,mean_itl_ms,median_itl_ms,std_itl_ms,p99_itl_ms,mean_e2e_latency_ms,median_e2e_latency_ms
L4,Qwen/Qwen2.5-1.5B-Instruct,4,True,long-conversations_short-outputs_4-gpu_1-concurrency,round_robin,10,50,-1,1,-1,False,False,1000,100,49.989,100,2.0004,3544.0224,58.733,119.0982,116.7422,40.7559,168.9819,13.24,13.4293,1.0453,14.3278,13.444,0.3971,21.756,50.8075,499.4751,481.3946
gpu_type,model_name,num_servers,is_prefix_cached,benchmark_label,scheduler_strategy,min_output_len,max_output_len,fixed_output_len,max_concurrency,request_rate,with_warmup,disable_ignore_eos,max_conversations,num_prompts,duration,completed,request_throughput,input_throughput,output_throughput,mean_ttft_ms,median_ttft_ms,std_ttft_ms,p99_ttft_ms,mean_tpot_ms,median_tpot_ms,std_tpot_ms,p99_tpot_ms,mean_itl_ms,median_itl_ms,std_itl_ms,p99_itl_ms,mean_e2e_latency_ms,median_e2e_latency_ms
L4,Qwen/Qwen2.5-1.5B-Instruct,4,True,long-conversations_short-outputs_4-gpu_1-concurrency,pow_of_2,10,50,-1,1,-1,False,False,1000,100,50.5613,100,1.9778,3503.9081,58.0682,126.0802,116.5827,39.6383,169.203,13.2063,13.355,0.9958,14.2248,13.4006,0.3937,21.7642,50.8265,505.2048,499.1868
gpu_type,model_name,num_servers,is_prefix_cached,benchmark_label,scheduler_strategy,min_output_len,max_output_len,fixed_output_len,max_concurrency,request_rate,with_warmup,disable_ignore_eos,max_conversations,num_prompts,duration,completed,request_throughput,input_throughput,output_throughput,mean_ttft_ms,median_ttft_ms,std_ttft_ms,p99_ttft_ms,mean_tpot_ms,median_tpot_ms,std_tpot_ms,p99_tpot_ms,mean_itl_ms,median_itl_ms,std_itl_ms,p99_itl_ms,mean_e2e_latency_ms,median_e2e_latency_ms
L4,Qwen/Qwen2.5-1.5B-Instruct,4,True,long-conversations_short-outputs_4-gpu_1-concurrency,prefix_aware,10,50,-1,1,-1,False,False,1000,100,46.979,100,2.1286,3771.0902,62.496,90.0535,68.9193,37.9189,171.9007,13.2046,13.3784,1.0099,14.1548,13.3467,0.3725,21.462,50.8567,469.3825,452.8985

1 concurrency 1-5 outputs:
gpu_type,model_name,num_servers,is_prefix_cached,benchmark_label,scheduler_strategy,min_output_len,max_output_len,fixed_output_len,max_concurrency,request_rate,with_warmup,disable_ignore_eos,max_conversations,num_prompts,duration,completed,request_throughput,input_throughput,output_throughput,mean_ttft_ms,median_ttft_ms,std_ttft_ms,p99_ttft_ms,mean_tpot_ms,median_tpot_ms,std_tpot_ms,p99_tpot_ms,mean_itl_ms,median_itl_ms,std_itl_ms,p99_itl_ms,mean_e2e_latency_ms,median_e2e_latency_ms
L4,Qwen/Qwen2.5-1.5B-Instruct,4,True,long-conversations_short-outputs_4-gpu_40-concurrency,random,10,100,-1,40,-1,False,False,10000,1000,49.7727,1000,20.0913,35752.4554,1095.2781,325.97,260.1693,276.6944,2035.7259,30.4961,29.6312,10.0301,60.7801,30.5684,13.9832,59.8646,306.0457,1946.4848,1828.6239
gpu_type,model_name,num_servers,is_prefix_cached,benchmark_label,scheduler_strategy,min_output_len,max_output_len,fixed_output_len,max_concurrency,request_rate,with_warmup,disable_ignore_eos,max_conversations,num_prompts,duration,completed,request_throughput,input_throughput,output_throughput,mean_ttft_ms,median_ttft_ms,std_ttft_ms,p99_ttft_ms,mean_tpot_ms,median_tpot_ms,std_tpot_ms,p99_tpot_ms,mean_itl_ms,median_itl_ms,std_itl_ms,p99_itl_ms,mean_e2e_latency_ms,median_e2e_latency_ms
L4,Qwen/Qwen2.5-1.5B-Instruct,4,True,long-conversations_short-outputs_4-gpu_40-concurrency,random,32,32,10,40,-1,False,False,10000,1000,34.0398,1000,29.3774,52276.9562,293.7736,742.1127,670.2251,346.2141,1707.5966,66.5205,53.9085,46.4627,226.3999,62.7499,23.7788,161.2531,842.2694,1340.797,1277.3489
